patient_id,fold,label,warstwa
91,4,0,0_okno_n1
114,0,0,0_okno_n1
231,3,0,0_okno_n1
316,2,0,0_okno_n2
430,3,0,0_okno_n2
643,0,0,0_okno_n1
671,1,0,0_okno_n1
763,4,0,0_okno_n1
764,1,0,0_okno_n2
829,3,0,0_okno_n5+
908,2,0,0_okno_n2
1035,4,0,0_okno_n5+
1193,4,0,0_okno_n3-4
1216,1,0,0_okno_n2
1456,2,0,0_okno_n5+
1631,1,0,0_okno_n5+
1890,2,0,0_okno_n1
2004,1,0,0_okno_n2
2014,3,0,0_okno_n5+
2030,4,0,0_okno_n1
2124,0,0,0_okno_n2
2167,2,0,0_okno_n1
2334,1,0,0_okno_n2
2707,2,0,0_okno_n1
3089,0,0,0_okno_n1
3135,2,0,0_okno_n2
3292,4,0,0_okno_n1
3314,3,0,0_okno_n3-4
3412,2,0,0_okno_n2
3922,0,0,0_okno_n1
4126,1,0,0_okno_n1
4133,1,0,0_okno_n1
4234,2,0,0_okno_n1
4263,1,0,0_okno_n5+
4341,3,0,0_okno_n1
4409,2,0,0_okno_n5+
4711,2,0,0_okno_n1
4862,4,0,0_okno_n3-4
5016,0,0,0_okno_n5+
5034,2,0,0_okno_n1
5169,4,0,0_okno_n1
5180,3,0,0_okno_n1
5424,4,0,0_okno_n1
5520,3,0,0_okno_n1
6229,1,0,0_okno_n1
6250,0,0,0_okno_n2
6358,4,0,0_okno_n1
6401,0,0,0_okno_n5+
6679,2,0,0_okno_n1
6706,0,0,0_okno_n1
6804,3,0,0_okno_n5+
6877,3,0,0_okno_n5+
6977,1,0,0_okno_n2
7001,1,0,0_okno_n5+
7405,0,0,0_okno_n1
7515,4,0,0_okno_n2
7546,4,0,0_okno_n1
7591,4,0,0_okno_n1
7601,1,0,0_okno_n1
7833,2,0,0_okno_n1
7873,4,0,0_okno_n2
8275,1,0,0_okno_n5+
8320,4,0,0_okno_n3-4
8439,2,0,0_okno_n5+
8444,2,0,0_okno_n3-4
8628,1,0,0_okno_n2
8783,4,0,0_okno_n1
8928,1,0,0_okno_n3-4
8987,2,0,0_okno_n1
9062,0,0,0_okno_n1
9106,0,0,0_okno_n2
9116,2,0,0_okno_n1
9138,2,0,0_okno_n1
9472,0,0,0_okno_n1
9762,2,0,0_okno_n2
10327,2,0,0_okno_n5+
10442,3,0,0_okno_n5+
10784,4,0,0_okno_n5+
10833,4,0,0_okno_n3-4
10916,1,0,0_okno_n1
11012,3,0,0_okno_n1
11018,0,0,0_okno_n1
11082,3,0,0_okno_n1
11121,4,1,1_pozaokno_n5+
11174,0,0,0_okno_n5+
11201,0,0,0_okno_n5+
11343,1,0,0_okno_n1
11419,1,0,0_okno_n3-4
11520,4,0,0_okno_n1
11596,1,0,0_okno_n2
11709,2,0,0_okno_n3-4
11802,0,0,0_okno_n2
11822,1,0,0_okno_n2
11969,3,0,0_okno_n1
11971,0,0,0_okno_n2
11988,4,0,0_okno_n2
12083,1,0,0_okno_n2
12168,1,0,0_okno_n2
12191,2,0,0_okno_n2
12212,3,0,0_okno_n2
12325,2,0,0_okno_n3-4
12357,1,0,0_okno_n5+
12430,3,0,0_okno_n1
12461,0,0,0_okno_n3-4
12647,0,0,0_okno_n1
12648,0,0,0_okno_n1
12739,2,0,0_okno_n3-4
12778,2,0,0_okno_n3-4
12914,3,0,0_okno_n1
12989,2,1,1_pozaokno_n5+
13022,3,0,0_okno_n3-4
13083,2,0,0_okno_n2
13088,2,0,0_okno_n1
13179,1,0,0_okno_n1
13269,0,0,0_okno_n2
13940,3,0,0_okno_n5+
14089,4,0,0_okno_n5+
14113,3,0,0_okno_n1
14177,1,0,0_okno_n1
14207,3,0,0_okno_n2
14285,1,0,0_okno_n1
14472,3,0,0_okno_n1
14516,3,0,0_okno_n1
14728,4,0,0_okno_n1
14793,3,0,0_okno_n5+
14813,1,0,0_okno_n5+
14881,3,0,0_okno_n1
14969,3,0,0_okno_n2
15162,3,0,0_okno_n1
15169,0,0,0_okno_n3-4
15220,1,0,0_okno_n2
15327,2,0,0_okno_n2
15414,2,0,0_okno_n1
15507,4,0,0_okno_n3-4
15566,2,0,0_okno_n3-4
15579,3,0,0_okno_n1
15599,3,0,0_okno_n2
15807,0,0,0_okno_n2
15887,0,0,0_okno_n3-4
15897,0,0,0_okno_n1
15926,1,0,0_okno_n1
15955,2,0,0_okno_n5+
16027,1,1,1_pozaokno_n2
16039,2,0,0_okno_n3-4
16166,1,0,0_okno_n1
16184,2,0,0_okno_n1
16188,3,0,0_okno_n3-4
16218,0,0,0_okno_n5+
16300,3,0,0_okno_n5+
16301,4,0,0_okno_n2
16338,1,1,1_okno_n1
16364,1,0,0_okno_n1
16415,4,0,0_okno_n2
16464,1,0,0_okno_n1
16607,0,0,0_okno_n3-4
16642,3,0,0_okno_n1
16735,3,0,0_okno_n1
16776,2,0,0_okno_n2
16813,4,0,0_okno_n2
16916,2,0,0_okno_n2
17235,3,0,0_okno_n1
17246,2,0,0_okno_n3-4
17381,1,0,0_okno_n3-4
17401,4,0,0_okno_n5+
17421,2,0,0_okno_n1
17499,4,0,0_okno_n1
17649,0,0,0_okno_n1
17682,1,0,0_okno_n2
17872,0,0,0_okno_n1
18105,3,0,0_okno_n1
18240,4,0,0_okno_n2
18243,0,0,0_okno_n3-4
18391,0,0,0_okno_n2
18442,3,0,0_okno_n2
18667,1,0,0_okno_n5+
19345,0,0,0_okno_n5+
19401,4,0,0_okno_n1
38492,4,0,0_okno_n1
38515,4,0,0_okno_n2
38666,3,0,0_okno_n5+
38670,0,0,0_okno_n2
38692,1,0,0_okno_n3-4
38721,1,1,1_pozaokno_n5+
38927,3,0,0_okno_n1
39093,1,0,0_okno_n1
39173,0,0,0_okno_n5+
39270,2,0,0_okno_n1
39298,1,0,0_okno_n3-4
39375,2,0,0_okno_n2
39417,1,0,0_okno_n5+
39421,0,0,0_okno_n5+
39456,2,0,0_okno_n1
39515,3,0,0_okno_n5+
39524,4,0,0_okno_n1
39658,3,0,0_okno_n2
39662,1,0,0_okno_n1
39817,0,0,0_okno_n1
39863,2,0,0_okno_n1
39939,0,1,1_pozaokno_n5+
40015,4,0,0_okno_n2
40076,1,0,0_okno_n5+
40217,4,0,0_okno_n3-4
40259,2,0,0_okno_n1
40373,2,0,0_okno_n1
40393,4,0,0_okno_n1
40404,3,0,0_okno_n1
40526,3,0,0_okno_n5+
40798,1,0,0_okno_n1
40879,0,0,0_okno_n2
40924,4,0,0_okno_n2
41020,0,0,0_okno_n1
41094,0,0,0_okno_n1
41296,1,0,0_okno_n1
41403,1,0,0_okno_n3-4
41405,4,0,0_okno_n1
41527,4,0,0_okno_n1
41661,3,0,0_okno_n1
41912,1,0,0_okno_n2
42020,1,0,0_okno_n1
42066,3,0,0_okno_n2
42388,3,0,0_okno_n1
42560,2,1,1_pozaokno_n5+
42573,1,0,0_okno_n1
42661,0,0,0_okno_n2
42862,1,0,0_okno_n2
42872,1,0,0_okno_n3-4
43113,2,0,0_okno_n3-4
43245,0,0,0_okno_n2
43257,1,0,0_okno_n2
43466,3,0,0_okno_n1
43547,0,0,0_okno_n1
43702,4,0,0_okno_n3-4
43710,1,0,0_okno_n1
43782,2,0,0_okno_n2
43848,2,0,0_okno_n1
43911,1,1,1_pozaokno_n2
44039,1,0,0_okno_n1
44102,0,0,0_okno_n5+
44623,4,0,0_okno_n2
44689,2,0,0_okno_n1
45023,1,0,0_okno_n3-4
45410,1,0,0_okno_n1
45461,1,0,0_okno_n1
45570,3,0,0_okno_n1
45680,3,0,0_okno_n3-4
45697,2,0,0_okno_n1
45768,0,0,0_okno_n2
45837,1,0,0_okno_n1
45931,0,0,0_okno_n1
45943,2,0,0_okno_n2
46036,3,0,0_okno_n1
46098,0,0,0_okno_n1
46114,4,0,0_okno_n1
46124,1,0,0_okno_n5+
46140,3,0,0_okno_n1
46226,1,0,0_okno_n1
46647,0,0,0_okno_n5+
46654,0,0,0_okno_n3-4
46696,0,0,0_okno_n2
46774,1,0,0_okno_n1
46855,4,0,0_okno_n3-4
46912,1,0,0_okno_n2
47013,2,0,0_okno_n1
47152,1,0,0_okno_n1
47505,0,0,0_okno_n5+
47626,2,0,0_okno_n3-4
47721,1,0,0_okno_n1
47985,2,0,0_okno_n3-4
48114,4,0,0_okno_n3-4
48249,0,0,0_okno_n2
48279,1,0,0_okno_n2
48470,0,0,0_okno_n1
48578,0,0,0_okno_n1
48870,4,0,0_okno_n2
48874,0,0,0_okno_n1
48919,0,0,0_okno_n2
49153,3,0,0_okno_n3-4
49270,2,0,0_okno_n5+
49367,1,0,0_okno_n2
49530,1,0,0_okno_n2
49583,3,0,0_okno_n1
49735,0,0,0_okno_n3-4
49784,4,0,0_okno_n1
49889,2,0,0_okno_n3-4
49961,4,0,0_okno_n2
49973,2,0,0_okno_n3-4
49990,1,0,0_okno_n1
50136,2,0,0_okno_n1
50273,3,0,0_okno_n3-4
50482,1,0,0_okno_n3-4
50561,3,0,0_okno_n2
50595,2,0,0_okno_n3-4
50645,4,0,0_okno_n1
50717,0,0,0_okno_n2
50821,1,0,0_okno_n2
50873,4,0,0_okno_n2
50956,2,0,0_okno_n3-4
50970,3,0,0_okno_n2
51029,4,0,0_okno_n1
51086,2,0,0_okno_n3-4
51214,2,0,0_okno_n5+
51215,4,0,0_okno_n1
51329,2,0,0_okno_n2
51362,4,0,0_okno_n3-4
51477,2,0,0_okno_n1
51487,0,0,0_okno_n5+
51634,4,0,0_okno_n3-4
51667,3,0,0_okno_n1
51708,2,0,0_okno_n2
51756,1,1,1_pozaokno_n1
51896,2,0,0_okno_n1
51941,0,0,0_okno_n5+
51945,0,0,0_okno_n1
51994,2,0,0_okno_n2
52076,1,0,0_okno_n3-4
52298,1,0,0_okno_n1
52324,4,0,0_okno_n1
52351,0,1,1_okno_n5+
52516,3,0,0_okno_n3-4
52621,1,0,0_okno_n5+
52732,1,0,0_okno_n1
52794,2,0,0_okno_n3-4
52926,0,0,0_okno_n3-4
53194,1,0,0_okno_n3-4
53562,1,0,0_okno_n2
53633,4,0,0_okno_n3-4
53828,3,0,0_okno_n2
53878,3,0,0_okno_n1
53902,2,0,0_okno_n1
53992,4,0,0_okno_n1
54214,1,0,0_okno_n5+
54302,3,0,0_okno_n1
54323,3,0,0_okno_n2
54339,1,0,0_okno_n2
54628,3,0,0_okno_n1
55222,3,0,0_okno_n1
55241,0,1,1_pozaokno_n5+
55353,3,0,0_okno_n1
55390,1,0,0_okno_n2
55395,2,0,0_okno_n1
55495,0,0,0_okno_n1
55529,4,0,0_okno_n2
55771,1,0,0_okno_n2
56110,0,0,0_okno_n1
56179,4,0,0_okno_n3-4
56205,2,0,0_okno_n2
56230,3,0,0_okno_n1
56338,0,0,0_okno_n1
56516,4,0,0_okno_n5+
56614,3,0,0_okno_n1
56636,3,0,0_okno_n2
56794,2,0,0_okno_n1
56817,2,0,0_okno_n1
56880,4,1,1_pozaokno_n2
57234,1,0,0_okno_n3-4
57294,1,0,0_okno_n1
57403,1,0,0_okno_n1
57415,1,0,0_okno_n2
57444,2,0,0_okno_n1
57507,3,0,0_okno_n1
57581,3,0,0_okno_n1
57586,3,1,1_pozaokno_n3-4
57627,0,0,0_okno_n1
57703,4,0,0_okno_n1
57795,0,0,0_okno_n3-4
57801,2,0,0_okno_n1
57918,0,0,0_okno_n1
58015,0,0,0_okno_n1
58019,0,0,0_okno_n3-4
58066,3,0,0_okno_n2
58247,0,0,0_okno_n3-4
58290,3,0,0_okno_n2
58305,1,0,0_okno_n5+
58316,2,0,0_okno_n2
58395,0,0,0_okno_n5+
58476,3,1,1_pozaokno_n1
58516,0,0,0_okno_n3-4
58631,4,0,0_okno_n2
59035,1,0,0_okno_n2
59178,1,0,0_okno_n1
59223,1,0,0_okno_n1
59261,1,0,0_okno_n1
59324,2,0,0_okno_n2
59355,3,0,0_okno_n2
59366,3,0,0_okno_n5+
59375,1,0,0_okno_n2
59915,3,0,0_okno_n3-4
60030,2,0,0_okno_n1
60249,0,0,0_okno_n2
60343,3,0,0_okno_n1
60363,1,0,0_okno_n1
60382,0,0,0_okno_n5+
60436,2,0,0_okno_n1
60452,1,0,0_okno_n1
60453,4,0,0_okno_n1
60557,0,0,0_okno_n1
60771,0,0,0_okno_n3-4
60810,3,0,0_okno_n1
60847,2,0,0_okno_n2
60886,4,0,0_okno_n3-4
60998,1,0,0_okno_n1
61056,1,0,0_okno_n3-4
61097,4,0,0_okno_n2
61145,4,0,0_okno_n5+
61186,3,0,0_okno_n1
61231,4,0,0_okno_n1
61665,2,1,1_pozaokno_n5+
61686,1,0,0_okno_n3-4
61834,3,0,0_okno_n2
61843,3,0,0_okno_n2
61891,3,0,0_okno_n2
62026,2,0,0_okno_n2
62106,1,0,0_okno_n1
62111,4,0,0_okno_n1
62324,3,0,0_okno_n3-4
62572,0,0,0_okno_n3-4
62579,0,0,0_okno_n5+
62956,1,0,0_okno_n1
63113,4,0,0_okno_n1
63164,3,0,0_okno_n1
63308,4,0,0_okno_n1
63363,0,0,0_okno_n2
63518,2,0,0_okno_n1
63522,1,0,0_okno_n2
63525,4,0,0_okno_n1
63541,4,0,0_okno_n5+
63853,3,0,0_okno_n1
64023,2,0,0_okno_n1
64087,2,0,0_okno_n1
64088,3,0,0_okno_n2
64103,4,0,0_okno_n2
64251,2,0,0_okno_n3-4
64505,0,0,0_okno_n3-4
64706,1,0,0_okno_n1
64857,1,0,0_okno_n2
64887,2,0,0_okno_n1
64935,1,0,0_okno_n5+
65042,1,0,0_okno_n1
65258,2,0,0_okno_n5+
65440,3,0,0_okno_n2
65608,0,0,0_okno_n2
65749,2,0,0_okno_n1
65859,4,0,0_okno_n1
65877,3,0,0_okno_n1
65880,0,0,0_okno_n2
65899,3,0,0_okno_n3-4
65931,0,0,0_okno_n5+
66209,1,0,0_okno_n5+
66242,2,0,0_okno_n1
66281,1,0,0_okno_n2
66339,3,0,0_okno_n3-4
66386,2,0,0_okno_n2
66409,2,0,0_okno_n2
66479,3,0,0_okno_n1
66672,0,0,0_okno_n2
66677,3,0,0_okno_n5+
66710,1,0,0_okno_n1
66894,3,0,0_okno_n1
66959,2,0,0_okno_n2
67081,4,0,0_okno_n5+
67149,3,0,0_okno_n2
67350,0,0,0_okno_n1
67351,1,0,0_okno_n1
67372,0,0,0_okno_n3-4
67377,3,1,1_pozaokno_n2
67385,0,0,0_okno_n1
67391,1,0,0_okno_n5+
67408,3,0,0_okno_n1
67427,4,0,0_okno_n2
67474,1,0,0_okno_n1
67503,2,0,0_okno_n2
67647,3,0,0_okno_n2
67831,0,0,0_okno_n5+
67939,3,0,0_okno_n1
67994,4,0,0_okno_n3-4
68010,3,0,0_okno_n2
68013,4,0,0_okno_n1
68135,2,1,1_pozaokno_n2
68312,2,0,0_okno_n2
68353,2,0,0_okno_n1
68364,2,0,0_okno_n2
68595,4,0,0_okno_n2
68837,3,0,0_okno_n1
68851,2,0,0_okno_n2
69010,1,0,0_okno_n3-4
69038,0,0,0_okno_n1
69076,1,0,0_okno_n3-4
69461,0,0,0_okno_n1
69466,1,0,0_okno_n1
69556,3,0,0_okno_n1
69636,2,0,0_okno_n2
69659,3,0,0_okno_n2
69764,4,0,0_okno_n3-4
69771,3,0,0_okno_n1
69893,4,0,0_okno_n1
70090,4,0,0_okno_n1
70128,0,0,0_okno_n3-4
70155,1,0,0_okno_n1
70166,2,0,0_okno_n1
70283,0,0,0_okno_n1
70364,1,0,0_okno_n3-4
70379,1,0,0_okno_n3-4
70526,2,0,0_okno_n3-4
70553,1,1,1_pozaokno_n3-4
70666,2,0,0_okno_n1
70866,4,0,0_okno_n1
70881,0,0,0_okno_n1
70969,1,0,0_okno_n1
71048,2,0,0_okno_n1
71284,3,0,0_okno_n2
71453,4,0,0_okno_n1
71516,4,0,0_okno_n1
71589,2,0,0_okno_n5+
71630,1,0,0_okno_n2
72048,2,0,0_okno_n3-4
72152,4,0,0_okno_n5+
72253,3,0,0_okno_n1
72270,1,0,0_okno_n2
72353,3,0,0_okno_n1
72573,1,0,0_okno_n1
72633,2,0,0_okno_n2
72728,1,0,0_okno_n5+
73218,2,0,0_okno_n2
73260,2,0,0_okno_n1
73517,4,0,0_okno_n1
73548,2,0,0_okno_n1
73549,4,0,0_okno_n1
73816,2,0,0_okno_n3-4
73876,3,0,0_okno_n5+
73964,3,0,0_okno_n3-4
74226,3,0,0_okno_n2
74283,4,0,0_okno_n1
74286,3,0,0_okno_n2
74492,1,0,0_okno_n3-4
74563,4,0,0_okno_n1
74617,2,0,0_okno_n2
74804,1,0,0_okno_n5+
75143,2,0,0_okno_n3-4
75190,0,0,0_okno_n1
75217,4,0,0_okno_n1
75256,1,0,0_okno_n1
75270,1,1,1_pozaokno_n2
75438,4,0,0_okno_n3-4
75464,4,0,0_okno_n1
75549,1,0,0_okno_n1
75628,3,0,0_okno_n3-4
75685,1,0,0_okno_n1
75742,1,0,0_okno_n2
75747,4,0,0_okno_n5+
75876,4,0,0_okno_n1
75953,0,0,0_okno_n3-4
76049,0,0,0_okno_n2
76103,0,0,0_okno_n2
76291,1,0,0_okno_n1
76321,0,0,0_okno_n1
76353,3,0,0_okno_n1
76386,0,0,0_okno_n3-4
76539,4,0,0_okno_n1
76554,3,0,0_okno_n1
76561,3,0,0_okno_n2
76688,4,0,0_okno_n1
76749,4,0,0_okno_n3-4
76751,2,1,1_pozaokno_n5+
76769,0,0,0_okno_n3-4
76803,1,0,0_okno_n1
76903,0,0,0_okno_n1
76904,4,0,0_okno_n3-4
76920,1,0,0_okno_n1
76935,2,0,0_okno_n1
77066,2,0,0_okno_n3-4
77069,3,0,0_okno_n3-4
77232,4,0,0_okno_n1
77241,0,0,0_okno_n5+
77248,2,0,0_okno_n2
77250,0,0,0_okno_n1
77383,3,0,0_okno_n2
77550,0,0,0_okno_n1
77626,4,0,0_okno_n2
77629,2,0,0_okno_n3-4
77722,4,0,0_okno_n1
77804,2,0,0_okno_n1
77835,1,0,0_okno_n1
77852,2,0,0_okno_n1
77858,2,0,0_okno_n1
77863,4,1,1_pozaokno_n5+
77885,2,0,0_okno_n3-4
77887,3,0,0_okno_n1
77957,3,0,0_okno_n1
77967,1,0,0_okno_n1
78128,3,0,0_okno_n2
78232,0,0,0_okno_n1
78391,4,0,0_okno_n3-4
78447,1,0,0_okno_n1
78452,1,0,0_okno_n2
78493,2,0,0_okno_n5+
78514,4,0,0_okno_n2
78578,2,0,0_okno_n1
78582,3,0,0_okno_n2
78585,2,0,0_okno_n1
78597,0,0,0_okno_n1
78744,4,0,0_okno_n2
78775,4,0,0_okno_n1
78943,3,0,0_okno_n2
78983,1,0,0_okno_n1
79065,0,0,0_okno_n5+
79128,3,0,0_okno_n5+
79198,1,0,0_okno_n1
79204,4,0,0_okno_n1
79310,4,0,0_okno_n1
79311,3,0,0_okno_n2
79329,1,0,0_okno_n1
79331,2,0,0_okno_n2
79343,2,0,0_okno_n1
79357,1,0,0_okno_n1
79377,4,0,0_okno_n5+
79391,0,0,0_okno_n1
79395,4,0,0_okno_n5+
79403,4,0,0_okno_n1
79458,4,0,0_okno_n1
79460,2,0,0_okno_n1
79462,1,0,0_okno_n2
79489,0,0,0_okno_n2
79497,4,0,0_okno_n2
79552,3,0,0_okno_n2
79595,4,0,0_okno_n1
79596,3,0,0_okno_n1
79598,0,0,0_okno_n1
79612,2,0,0_okno_n3-4
79621,1,0,0_okno_n1
79714,2,0,0_okno_n3-4
79786,0,0,0_okno_n1
79796,1,0,0_okno_n3-4
79906,1,0,0_okno_n2
79964,3,1,1_pozaokno_n1
79990,3,0,0_okno_n3-4
80002,1,0,0_okno_n5+
80014,0,0,0_okno_n5+
80021,1,1,1_pozaokno_n3-4
80030,1,0,0_okno_n1
80031,2,0,0_okno_n3-4
80184,1,0,0_okno_n1
80206,1,0,0_okno_n1
80207,4,0,0_okno_n1
80356,4,0,0_okno_n1
80361,2,0,0_okno_n1
80392,3,0,0_okno_n1
80406,1,0,0_okno_n3-4
80453,1,0,0_okno_n1
80614,1,0,0_okno_n1
80662,4,0,0_okno_n1
80744,3,0,0_okno_n1
80815,3,0,0_okno_n1
80847,1,0,0_okno_n2
80880,2,0,0_okno_n1
80887,1,0,0_okno_n1
80902,1,0,0_okno_n3-4
80903,4,0,0_okno_n2
80911,1,0,0_okno_n1
80929,0,0,0_okno_n1
80932,3,0,0_okno_n1
80949,3,0,0_okno_n1
81005,0,0,0_okno_n1
81031,1,0,0_okno_n3-4
81036,0,0,0_okno_n2
81074,2,0,0_okno_n3-4
81082,0,0,0_okno_n1
81085,2,0,0_okno_n1
81092,0,0,0_okno_n1
81100,0,0,0_okno_n1
81109,4,0,0_okno_n2
81117,2,0,0_okno_n1
81123,1,0,0_okno_n1
81137,2,0,0_okno_n2
81148,4,0,0_okno_n1
81166,0,0,0_okno_n2
81169,0,0,0_okno_n5+
81192,4,0,0_okno_n2
81222,4,0,0_okno_n1
81223,1,0,0_okno_n1
81252,3,0,0_okno_n3-4
81275,0,0,0_okno_n1
81279,0,0,0_okno_n2
81298,2,0,0_okno_n2
81335,0,0,0_okno_n1
81382,1,0,0_okno_n1
81418,2,0,0_okno_n1
81447,3,0,0_okno_n1
81448,0,0,0_okno_n5+
81518,4,0,0_okno_n2
81553,0,0,0_okno_n3-4
81614,0,0,0_okno_n3-4
81642,1,0,0_okno_n5+
81663,0,0,0_okno_n1
81693,4,0,0_okno_n3-4
81695,0,0,0_okno_n3-4
81701,2,0,0_okno_n1
81731,1,0,0_okno_n1
81787,0,0,0_okno_n1
81790,0,0,0_okno_n1
81792,3,0,0_okno_n2
81828,3,0,0_okno_n1
81866,0,0,0_okno_n1
82072,0,0,0_okno_n1
82097,2,0,0_okno_n2
82103,1,0,0_okno_n1
82120,3,0,0_okno_n3-4
82130,0,0,0_okno_n1
82134,0,0,0_okno_n1
82137,3,0,0_okno_n1
82141,4,0,0_okno_n1
82151,4,0,0_okno_n1
82171,2,0,0_okno_n3-4
82181,1,0,0_okno_n1
82200,1,0,0_okno_n1
82226,3,0,0_okno_n1
82245,0,0,0_okno_n1
82273,0,0,0_okno_n2
82292,3,0,0_okno_n1
82368,3,0,0_okno_n1
82420,1,0,0_okno_n1
82429,0,0,0_okno_n2
82447,0,0,0_okno_n2
82474,1,0,0_okno_n1
82499,3,0,0_okno_n2
82539,1,0,0_okno_n2
82562,2,0,0_okno_n2
82610,2,0,0_okno_n1
82644,3,0,0_okno_n1
82659,0,0,0_okno_n1
82699,3,0,0_okno_n1
82716,0,0,0_okno_n2
82813,4,0,0_okno_n2
82829,1,0,0_okno_n1
82852,3,0,0_okno_n2
82857,0,1,1_pozaokno_n5+
82858,4,0,0_okno_n5+
82868,3,0,0_okno_n1
82897,2,0,0_okno_n2
82965,0,0,0_okno_n1
83030,2,0,0_okno_n1
83130,0,0,0_okno_n1
83152,0,0,0_okno_n1
83181,0,0,0_okno_n1
83182,3,1,1_okno_n2
83189,1,0,0_okno_n2
83194,3,0,0_okno_n5+
83231,4,0,0_okno_n1
83261,2,0,0_okno_n1
83263,2,0,0_okno_n1
83269,3,0,0_okno_n1
83298,4,0,0_okno_n2
83308,3,0,0_okno_n1
83316,3,0,0_okno_n5+
83321,0,0,0_okno_n5+
83342,4,0,0_okno_n3-4
83343,3,0,0_okno_n3-4
83344,3,0,0_okno_n1
83356,4,0,0_okno_n2
83359,3,0,0_okno_n5+
83407,2,0,0_okno_n2
83450,3,0,0_okno_n3-4
83451,0,0,0_okno_n2
83507,3,0,0_okno_n2
83521,0,0,0_okno_n5+
83555,2,0,0_okno_n1
83588,3,0,0_okno_n1
83601,2,0,0_okno_n1
83613,0,0,0_okno_n2
83628,3,0,0_okno_n1
83678,0,1,1_pozaokno_n2
83715,3,0,0_okno_n1
83717,0,0,0_okno_n1
83772,4,0,0_okno_n2
83785,0,0,0_okno_n1
83821,0,0,0_okno_n2
83824,3,0,0_okno_n1
83830,4,0,0_okno_n5+
83833,4,0,0_okno_n2
83854,4,0,0_okno_n2
83877,3,0,0_okno_n1
83879,4,0,0_okno_n2
83887,4,0,0_okno_n1
83904,4,0,0_okno_n1
83918,1,0,0_okno_n1
83939,0,0,0_okno_n2
83941,0,0,0_okno_n1
83957,4,0,0_okno_n1
83972,2,0,0_okno_n1
83981,2,0,0_okno_n1
83984,4,0,0_okno_n1
84003,3,0,0_okno_n1
84029,3,0,0_okno_n5+
84055,4,0,0_okno_n1
84076,4,0,0_okno_n2
84099,3,0,0_okno_n1
84113,3,0,0_okno_n1
84140,4,0,0_okno_n2
84141,3,0,0_okno_n1
84142,2,1,1_pozaokno_n1
84143,4,0,0_okno_n1
84177,3,0,0_okno_n2
84183,4,0,0_okno_n1
84215,3,0,0_okno_n5+
84340,2,0,0_okno_n1
84421,4,0,0_okno_n2
84438,1,0,0_okno_n1
84517,4,0,0_okno_n1
84583,0,0,0_okno_n1
84584,1,0,0_okno_n2
84586,4,0,0_okno_n2
84599,3,0,0_okno_n1
84608,1,0,0_okno_n5+
84661,0,1,1_pozaokno_n5+
84667,3,0,0_okno_n1
84677,0,0,0_okno_n1
84688,1,0,0_okno_n1
84704,0,0,0_okno_n5+
84707,4,0,0_okno_n3-4
84716,3,0,0_okno_n1
84747,2,0,0_okno_n2
84756,3,0,0_okno_n5+
84763,1,0,0_okno_n1
84777,3,0,0_okno_n1
84778,3,0,0_okno_n3-4
84790,2,0,0_okno_n1
84796,0,0,0_okno_n1
84799,3,0,0_okno_n3-4
84800,4,0,0_okno_n5+
84807,1,0,0_okno_n3-4
84866,0,0,0_okno_n3-4
84928,4,0,0_okno_n2
84956,3,0,0_okno_n1
85061,0,0,0_okno_n3-4
85090,1,0,0_okno_n3-4
85122,2,0,0_okno_n2
85126,1,0,0_okno_n3-4
85152,0,0,0_okno_n5+
85160,2,0,0_okno_n1
85200,0,0,0_okno_n3-4
85204,0,0,0_okno_n2
85206,2,0,0_okno_n1
85229,2,0,0_okno_n3-4
85242,0,0,0_okno_n1
85267,4,0,0_okno_n1
85276,2,0,0_okno_n1
85291,3,0,0_okno_n2
85310,2,0,0_okno_n1
85313,0,0,0_okno_n1
85316,3,0,0_okno_n2
85337,4,0,0_okno_n1
85341,0,0,0_okno_n2
85380,3,0,0_okno_n2
85385,2,0,0_okno_n3-4
85396,2,0,0_okno_n2
85398,1,0,0_okno_n2
85424,3,0,0_okno_n1
85432,4,0,0_okno_n1
85446,0,0,0_okno_n3-4
85472,1,0,0_okno_n1
85565,4,0,0_okno_n1
85602,0,0,0_okno_n1
85608,2,0,0_okno_n3-4
85630,1,0,0_okno_n3-4
85746,4,0,0_okno_n3-4
85956,1,0,0_okno_n1
86058,3,0,0_okno_n2
86060,2,0,0_okno_n1
86099,2,1,1_pozaokno_n3-4
86151,2,0,0_okno_n1
86178,3,0,0_okno_n1
86264,2,0,0_okno_n2
86466,4,0,0_okno_n1
86638,1,0,0_okno_n2
86778,4,0,0_okno_n2
86901,2,0,0_okno_n1
87326,0,0,0_okno_n5+
87417,2,0,0_okno_n3-4
87647,0,0,0_okno_n3-4
87763,0,0,0_okno_n2
87853,2,0,0_okno_n1
87869,1,0,0_okno_n3-4
87872,1,0,0_okno_n1
87920,2,0,0_okno_n2
87931,3,0,0_okno_n1
87992,2,0,0_okno_n2
88012,3,0,0_okno_n1
88114,1,0,0_okno_n1
88117,0,0,0_okno_n1
88219,4,0,0_okno_n3-4
88251,1,0,0_okno_n1
88280,0,0,0_okno_n1
88361,1,0,0_okno_n1
88417,0,0,0_okno_n2
88441,4,1,1_pozaokno_n5+
88536,4,0,0_okno_n5+
88543,0,0,0_okno_n1
88568,2,0,0_okno_n2
88575,4,0,0_okno_n2
88588,4,0,0_okno_n3-4
88621,1,0,0_okno_n5+
88627,3,0,0_okno_n1
88666,2,0,0_okno_n5+
88710,2,0,0_okno_n2
88721,3,0,0_okno_n3-4
88985,0,0,0_okno_n1
88990,4,0,0_okno_n1
89015,0,0,0_okno_n1
89092,4,0,0_okno_n5+
89238,3,0,0_okno_n5+
89243,2,0,0_okno_n1
89366,2,0,0_okno_n1
89377,1,0,0_okno_n1
89407,2,0,0_okno_n5+
89434,2,0,0_okno_n1
89443,0,0,0_okno_n1
89455,3,0,0_okno_n2
89488,0,0,0_okno_n2
89507,3,0,0_okno_n2
89508,1,1,1_pozaokno_n1
89586,1,0,0_okno_n1
89651,4,0,0_okno_n5+
89663,3,0,0_okno_n1
89707,3,0,0_okno_n3-4
89843,0,0,0_okno_n2
89857,1,0,0_okno_n1
89961,2,0,0_okno_n1
90025,0,0,0_okno_n1
90076,4,0,0_okno_n2
90082,3,0,0_okno_n3-4
90323,3,0,0_okno_n1
90341,2,1,1_pozaokno_n2
90663,4,0,0_okno_n3-4
90682,3,0,0_okno_n2
90708,1,0,0_okno_n1
90738,0,0,0_okno_n1
90764,1,0,0_okno_n1
90868,1,1,1_pozaokno_n1
90973,1,0,0_okno_n1
91079,4,0,0_okno_n3-4
91102,1,0,0_okno_n2
91267,0,0,0_okno_n2
91280,1,0,0_okno_n1
91287,3,0,0_okno_n1
91525,2,0,0_okno_n1
91659,3,0,0_okno_n1
91781,2,0,0_okno_n2
91836,4,0,0_okno_n3-4
91847,1,0,0_okno_n2
91890,1,1,1_pozaokno_n1
91938,4,1,1_pozaokno_n1
92037,4,0,0_okno_n1
92044,2,0,0_okno_n2
92174,2,0,0_okno_n1
92186,1,0,0_okno_n1
92254,0,0,0_okno_n1
92270,4,0,0_okno_n1
92296,1,0,0_okno_n1
92345,4,0,0_okno_n5+
92376,1,0,0_okno_n3-4
92423,0,0,0_okno_n5+
92480,3,0,0_okno_n2
92540,3,0,0_okno_n3-4
92549,1,0,0_okno_n1
92647,1,0,0_okno_n1
92648,1,0,0_okno_n1
92867,1,0,0_okno_n1
92891,4,0,0_okno_n1
92896,0,0,0_okno_n2
92988,4,0,0_okno_n1
93174,3,0,0_okno_n2
93211,2,0,0_okno_n1
93357,3,0,0_okno_n2
93382,1,0,0_okno_n1
93420,2,1,1_pozaokno_n5+
93514,2,0,0_okno_n2
93602,0,0,0_okno_n3-4
93702,3,0,0_okno_n3-4
93837,2,0,0_okno_n5+
93887,0,0,0_okno_n3-4
93888,2,0,0_okno_n3-4
93911,0,0,0_okno_n3-4
93924,4,0,0_okno_n1
94029,4,1,1_pozaokno_n5+
94066,1,0,0_okno_n5+
94088,4,0,0_okno_n3-4
94223,1,0,0_okno_n1
94396,3,0,0_okno_n5+
94408,0,0,0_okno_n1
94471,1,0,0_okno_n1
94472,3,0,0_okno_n5+
94506,2,0,0_okno_n3-4
94507,3,0,0_okno_n1
94509,4,0,0_okno_n3-4
94510,1,0,0_okno_n3-4
94518,0,0,0_okno_n1
94537,3,0,0_okno_n3-4
94570,4,0,0_okno_n1
94584,2,0,0_okno_n1
94658,4,1,1_pozaokno_n2
94705,3,0,0_okno_n2
94730,3,0,0_okno_n3-4
94787,0,0,0_okno_n1
94899,0,0,0_okno_n5+
94903,0,0,0_okno_n5+
94906,4,0,0_okno_n3-4
94924,2,0,0_okno_n2
94939,2,0,0_okno_n1
95004,0,0,0_okno_n2
95063,1,0,0_okno_n5+
95065,4,0,0_okno_n3-4
95220,3,0,0_okno_n1
95222,4,0,0_okno_n2
95415,2,0,0_okno_n2
95455,2,0,0_okno_n2
95494,4,0,0_okno_n3-4
95553,1,0,0_okno_n1
95616,2,1,1_pozaokno_n1
95619,3,0,0_okno_n2
95642,4,0,0_okno_n2
95678,0,0,0_okno_n1
95766,0,0,0_okno_n1
95787,2,0,0_okno_n5+
95817,2,0,0_okno_n2
95858,4,0,0_okno_n1
95885,2,0,0_okno_n3-4
95949,1,0,0_okno_n1
95961,4,0,0_okno_n1
95990,3,0,0_okno_n1
96010,3,0,0_okno_n1
96033,4,1,1_pozaokno_n3-4
96101,3,0,0_okno_n1
96111,0,0,0_okno_n2
96113,0,0,0_okno_n1
96130,2,0,0_okno_n1
96157,3,0,0_okno_n1
96188,3,0,0_okno_n1
96200,0,0,0_okno_n2
96273,3,0,0_okno_n2
96387,0,0,0_okno_n5+
96442,1,0,0_okno_n2
96458,3,0,0_okno_n2
96535,1,0,0_okno_n1
96557,0,0,0_okno_n5+
96566,3,0,0_okno_n3-4
96727,0,0,0_okno_n1
96739,1,0,0_okno_n2
96804,1,0,0_okno_n2
96819,2,0,0_okno_n2
96831,1,0,0_okno_n3-4
96847,1,0,0_okno_n2
96873,4,0,0_okno_n2
96901,3,0,0_okno_n2
96909,0,0,0_okno_n3-4
96919,0,0,0_okno_n2
96924,4,0,0_okno_n5+
96930,1,0,0_okno_n5+
96937,2,0,0_okno_n1
96989,2,0,0_okno_n1
97003,0,0,0_okno_n1
97015,4,0,0_okno_n1
97045,1,0,0_okno_n1
97054,3,0,0_okno_n1
97076,1,0,0_okno_n1
97078,1,0,0_okno_n1
97114,0,0,0_okno_n5+
97176,1,0,0_okno_n1
97182,3,0,0_okno_n1
97183,4,0,0_okno_n1
97206,2,0,0_okno_n1
97232,4,0,0_okno_n5+
97346,2,0,0_okno_n2
97347,3,1,1_pozaokno_n5+
97391,1,0,0_okno_n1
97392,4,0,0_okno_n5+
97487,1,0,0_okno_n5+
97510,4,0,0_okno_n5+
97528,4,0,0_okno_n3-4
97534,2,0,0_okno_n3-4
97539,1,0,0_okno_n1
97556,2,0,0_okno_n3-4
97571,3,0,0_okno_n1
97575,0,0,0_okno_n5+
97593,1,0,0_okno_n2
97681,3,0,0_okno_n1
97740,0,0,0_okno_n3-4
97852,2,0,0_okno_n2
97898,1,0,0_okno_n1
97910,3,0,0_okno_n3-4
97939,4,0,0_okno_n2
98103,0,0,0_okno_n3-4
98196,0,0,0_okno_n1
98217,3,0,0_okno_n3-4
98241,3,0,0_okno_n3-4
98257,2,0,0_okno_n1
98317,3,0,0_okno_n5+
98401,4,0,0_okno_n5+
98406,4,0,0_okno_n1
98417,1,0,0_okno_n1
98418,4,0,0_okno_n1
98439,0,0,0_okno_n1
98449,0,0,0_okno_n3-4
98518,3,0,0_okno_n5+
98546,0,0,0_okno_n5+
98569,4,0,0_okno_n2
98571,0,0,0_okno_n3-4
98594,2,0,0_okno_n1
98613,2,0,0_okno_n1
98619,3,0,0_okno_n1
98647,2,0,0_okno_n1
98713,4,1,1_okno_n1
98715,4,0,0_okno_n1
98722,4,0,0_okno_n5+
98750,0,0,0_okno_n3-4
98764,4,0,0_okno_n1
98791,0,0,0_okno_n3-4
98794,1,0,0_okno_n5+
98798,4,0,0_okno_n2
98830,3,0,0_okno_n3-4
98878,4,0,0_okno_n1
98898,3,0,0_okno_n2
98913,3,0,0_okno_n3-4
98925,4,0,0_okno_n2
98937,3,0,0_okno_n5+
98942,4,0,0_okno_n3-4
98947,1,0,0_okno_n1
98959,3,0,0_okno_n5+
98994,4,0,0_okno_n2
98999,0,0,0_okno_n3-4
99008,2,0,0_okno_n3-4
99037,2,0,0_okno_n2
99071,2,0,0_okno_n3-4
99125,3,0,0_okno_n5+
99210,2,0,0_okno_n3-4
99240,0,1,1_pozaokno_n1
99282,2,0,0_okno_n1
99296,0,0,0_okno_n5+
99299,4,0,0_okno_n1
99310,4,0,0_okno_n1
99350,1,0,0_okno_n1
99383,2,0,0_okno_n5+
99384,3,1,1_okno_n5+
99416,4,0,0_okno_n2
99454,3,0,0_okno_n3-4
99478,3,0,0_okno_n1
99523,2,0,0_okno_n2
99553,3,0,0_okno_n1
99557,3,0,0_okno_n1
99632,0,0,0_okno_n1
99638,0,0,0_okno_n1
99646,0,0,0_okno_n3-4
99666,2,1,1_pozaokno_n3-4
99693,0,0,0_okno_n3-4
99694,4,0,0_okno_n2
99711,2,0,0_okno_n1
99719,3,0,0_okno_n1
99752,2,0,0_okno_n2
99772,0,0,0_okno_n3-4
99868,4,0,0_okno_n3-4
99920,2,0,0_okno_n2
99925,2,0,0_okno_n5+
99960,2,0,0_okno_n2
100013,2,0,0_okno_n5+
100047,1,0,0_okno_n1
100055,2,0,0_okno_n1
100075,3,0,0_okno_n2
100112,1,0,0_okno_n3-4
100125,2,0,0_okno_n1
100129,2,0,0_okno_n2
100146,2,0,0_okno_n1
100155,1,0,0_okno_n1
100184,2,0,0_okno_n3-4
100226,0,0,0_okno_n1
100252,0,0,0_okno_n1
100324,0,1,1_pozaokno_n1
100336,3,0,0_okno_n5+
100355,3,0,0_okno_n2
100428,0,0,0_okno_n1
100463,2,0,0_okno_n1
100464,0,1,1_pozaokno_n2
100491,1,0,0_okno_n1
100587,0,0,0_okno_n1
100595,3,0,0_okno_n3-4
100651,3,0,0_okno_n1
100658,4,0,0_okno_n2
100662,1,0,0_okno_n1
100670,0,0,0_okno_n1
100673,4,0,0_okno_n3-4
100680,2,0,0_okno_n1
100696,1,0,0_okno_n5+
100744,3,0,0_okno_n3-4
100748,0,0,0_okno_n2
100785,0,0,0_okno_n1
100922,3,0,0_okno_n1
100925,4,0,0_okno_n3-4
100934,0,0,0_okno_n1
101056,2,0,0_okno_n2
101081,1,0,0_okno_n2
101088,2,0,0_okno_n1
101151,2,0,0_okno_n1
101158,2,0,0_okno_n1
101235,3,0,0_okno_n1
101244,1,0,0_okno_n3-4
101354,2,0,0_okno_n1
101446,1,0,0_okno_n1
101476,1,0,0_okno_n2
101486,1,0,0_okno_n3-4
101518,4,0,0_okno_n1
101524,0,0,0_okno_n2
101526,1,0,0_okno_n2
101578,4,0,0_okno_n1
101592,4,0,0_okno_n1
101594,0,0,0_okno_n1
101625,1,0,0_okno_n2
101639,0,0,0_okno_n1
101641,0,0,0_okno_n1
101752,2,0,0_okno_n1
101786,4,0,0_okno_n1
101788,1,0,0_okno_n1
101791,3,0,0_okno_n1
101806,1,0,0_okno_n1
101916,0,0,0_okno_n1
101919,0,0,0_okno_n1
101936,4,0,0_okno_n1
101952,3,0,0_okno_n1
101982,4,0,0_okno_n2
101983,0,0,0_okno_n1
101990,4,0,0_okno_n1
102004,0,0,0_okno_n3-4
102042,0,0,0_okno_n1
102066,4,0,0_okno_n1
102101,4,0,0_okno_n1
102116,3,0,0_okno_n2
102128,3,0,0_okno_n1
102134,0,0,0_okno_n2
102139,2,0,0_okno_n1
102144,4,0,0_okno_n2
102146,3,0,0_okno_n5+
102172,1,0,0_okno_n1
102183,3,0,0_okno_n1
102186,0,1,1_pozaokno_n2
102193,2,0,0_okno_n1
102199,3,0,0_okno_n1
102204,2,0,0_okno_n1
102232,4,0,0_okno_n1
102246,1,0,0_okno_n1
102251,1,0,0_okno_n2
102261,1,1,1_pozaokno_n5+
102262,1,1,1_pozaokno_n5+
102404,3,0,0_okno_n1
102441,3,0,0_okno_n2
102507,1,0,0_okno_n2
102547,0,0,0_okno_n3-4
102587,2,0,0_okno_n1
102626,0,0,0_okno_n1
102665,3,0,0_okno_n5+
102668,1,0,0_okno_n1
102670,1,0,0_okno_n1
102747,2,0,0_okno_n2
102771,0,0,0_okno_n1
102778,2,0,0_okno_n2
102800,0,0,0_okno_n1
102814,2,0,0_okno_n1
102893,4,0,0_okno_n5+
102903,0,0,0_okno_n2
102929,2,0,0_okno_n2
102940,4,1,1_pozaokno_n5+
102964,4,0,0_okno_n1
102980,2,0,0_okno_n1
102993,4,0,0_okno_n1
102998,0,0,0_okno_n2
103004,2,0,0_okno_n2
103006,1,0,0_okno_n2
103007,2,0,0_okno_n1
103032,2,0,0_okno_n1
103043,0,0,0_okno_n1
103046,3,0,0_okno_n2
103058,4,0,0_okno_n1
103062,3,0,0_okno_n3-4
103082,3,0,0_okno_n5+
103101,3,0,0_okno_n2
103127,3,0,0_okno_n5+
103146,2,0,0_okno_n1
103149,0,0,0_okno_n2
103200,0,0,0_okno_n1
103205,1,0,0_okno_n1
103209,0,0,0_okno_n1
103231,1,0,0_okno_n1
103237,2,0,0_okno_n1
103271,0,0,0_okno_n3-4
103273,3,0,0_okno_n5+
103283,3,0,0_okno_n2
103313,0,0,0_okno_n1
103350,3,0,0_okno_n2
103384,1,0,0_okno_n1
103458,2,0,0_okno_n3-4
103518,2,0,0_okno_n2
103548,0,0,0_okno_n1
103558,1,0,0_okno_n1
103562,1,0,0_okno_n1
103580,3,0,0_okno_n1
103590,1,0,0_okno_n1
103612,0,0,0_okno_n5+
103623,1,0,0_okno_n1
103626,2,0,0_okno_n3-4
103627,1,0,0_okno_n5+
103673,3,0,0_okno_n1
103678,4,0,0_okno_n5+
103719,2,0,0_okno_n3-4
103734,2,0,0_okno_n2
103762,4,0,0_okno_n1
103772,1,0,0_okno_n2
103819,4,0,0_okno_n1
103864,2,0,0_okno_n1
103867,4,0,0_okno_n1
103899,0,0,0_okno_n1
104033,0,0,0_okno_n1
104054,4,0,0_okno_n1
104064,3,0,0_okno_n1
104100,3,0,0_okno_n1
104103,0,0,0_okno_n2
104106,3,0,0_okno_n1
104108,2,0,0_okno_n5+
104120,1,0,0_okno_n1
104124,4,0,0_okno_n5+
104132,4,0,0_okno_n1
104134,1,0,0_okno_n1
104135,3,0,0_okno_n1
104148,0,0,0_okno_n1
104167,2,0,0_okno_n1
104170,4,0,0_okno_n2
104173,0,0,0_okno_n2
104182,3,0,0_okno_n2
104208,3,0,0_okno_n3-4
104223,0,0,0_okno_n1
104226,4,0,0_okno_n1
104233,3,0,0_okno_n3-4
104234,0,1,1_pozaokno_n1
104261,0,0,0_okno_n2
104285,2,0,0_okno_n1
104290,0,0,0_okno_n2
104302,4,0,0_okno_n1
104307,1,0,0_okno_n1
104328,2,0,0_okno_n5+
104332,2,0,0_okno_n1
104334,1,0,0_okno_n2
104354,0,0,0_okno_n2
104359,0,0,0_okno_n1
104360,0,0,0_okno_n1
104426,2,1,1_pozaokno_n1
104464,2,0,0_okno_n3-4
104507,3,0,0_okno_n3-4
104527,0,0,0_okno_n5+
104551,1,0,0_okno_n1
104605,4,0,0_okno_n1
104627,4,0,0_okno_n1
104689,4,0,0_okno_n1
104814,0,0,0_okno_n3-4
104864,4,0,0_okno_n1
104914,0,0,0_okno_n1
104943,4,0,0_okno_n2
104964,2,0,0_okno_n1
104981,4,0,0_okno_n1
104988,4,0,0_okno_n1
105009,3,0,0_okno_n1
105013,0,0,0_okno_n1
105035,2,0,0_okno_n1
105078,4,0,0_okno_n1
105101,0,0,0_okno_n1
105112,2,0,0_okno_n3-4
105116,2,0,0_okno_n2
105167,4,0,0_okno_n3-4
105182,2,0,0_okno_n5+
105199,4,0,0_okno_n1
105209,2,0,0_okno_n1
105225,2,0,0_okno_n1
105297,4,0,0_okno_n1
105350,0,0,0_okno_n2
105370,0,0,0_okno_n2
105415,2,0,0_okno_n5+
105441,3,0,0_okno_n3-4
105442,4,0,0_okno_n3-4
105462,4,0,0_okno_n1
105489,1,0,0_okno_n1
105494,3,1,1_pozaokno_n1
105570,0,0,0_okno_n2
105597,0,0,0_okno_n1
105626,1,0,0_okno_n1
105854,3,0,0_okno_n2
105947,4,0,0_okno_n1
105990,2,0,0_okno_n3-4
106019,2,0,0_okno_n3-4
106038,0,0,0_okno_n2
106078,2,0,0_okno_n3-4
106084,1,0,0_okno_n1
106139,3,0,0_okno_n1
106244,2,0,0_okno_n1
106264,3,0,0_okno_n2
106282,3,0,0_okno_n2
106283,2,0,0_okno_n1
106395,1,0,0_okno_n5+
106396,2,0,0_okno_n1
106461,0,0,0_okno_n2
106469,0,0,0_okno_n1
106495,0,0,0_okno_n1
106539,3,0,0_okno_n1
106581,3,0,0_okno_n1
106602,4,0,0_okno_n1
106634,3,0,0_okno_n5+
106759,2,0,0_okno_n3-4
106858,1,0,0_okno_n1
106885,3,0,0_okno_n1
106952,1,0,0_okno_n3-4
107020,2,0,0_okno_n5+
107054,3,0,0_okno_n1
107078,2,0,0_okno_n2
107115,1,0,0_okno_n2
107190,2,0,0_okno_n1
107204,1,0,0_okno_n1
107291,1,0,0_okno_n1
107387,1,0,0_okno_n2
107472,3,0,0_okno_n2
107473,3,0,0_okno_n1
107481,2,0,0_okno_n1
107557,3,0,0_okno_n2
107662,0,0,0_okno_n2
107687,0,1,1_okno_n2
107737,1,0,0_okno_n3-4
107783,1,0,0_okno_n2
107889,4,1,1_pozaokno_n3-4
108033,3,0,0_okno_n5+
108063,0,0,0_okno_n1
108124,0,0,0_okno_n2
108139,4,0,0_okno_n1
108194,1,0,0_okno_n1
108320,0,0,0_okno_n1
108403,0,0,0_okno_n2
108463,4,0,0_okno_n1
108465,1,0,0_okno_n5+
108467,0,0,0_okno_n1
108498,0,0,0_okno_n5+
108615,1,0,0_okno_n2
108690,1,0,0_okno_n1
108789,4,0,0_okno_n1
109002,2,0,0_okno_n3-4
109015,0,0,0_okno_n2
109086,1,0,0_okno_n5+
109218,0,0,0_okno_n5+
109253,4,0,0_okno_n2
109374,4,1,1_pozaokno_n1
109423,4,0,0_okno_n2
109465,3,0,0_okno_n1
109470,0,0,0_okno_n1
109517,1,1,1_pozaokno_n3-4
109801,1,0,0_okno_n3-4
109973,3,0,0_okno_n1
110023,4,0,0_okno_n1
110026,1,0,0_okno_n3-4
110032,1,0,0_okno_n2
110062,2,0,0_okno_n3-4
110066,0,0,0_okno_n3-4
110080,0,0,0_okno_n3-4
110081,0,0,0_okno_n3-4
110132,2,0,0_okno_n5+
110186,3,0,0_okno_n2
110203,3,0,0_okno_n1
110322,2,0,0_okno_n2
110356,3,0,0_okno_n3-4
110373,3,1,1_pozaokno_n1
110447,4,0,0_okno_n2
110591,2,0,0_okno_n5+
110784,3,0,0_okno_n5+
110792,2,0,0_okno_n1
110802,2,0,0_okno_n1
110815,2,0,0_okno_n2
110872,2,0,0_okno_n2
110952,0,0,0_okno_n2
111036,2,0,0_okno_n2
111060,4,0,0_okno_n1
111064,2,0,0_okno_n1
111101,3,0,0_okno_n3-4
111240,2,1,1_okno_n5+
111330,1,0,0_okno_n2
111349,0,0,0_okno_n1
111409,1,0,0_okno_n1
111419,2,0,0_okno_n1
111462,2,0,0_okno_n5+
111489,0,0,0_okno_n1
111497,2,0,0_okno_n2
111520,4,0,0_okno_n2
111704,3,0,0_okno_n1
111745,1,0,0_okno_n2
111752,4,0,0_okno_n2
111765,0,0,0_okno_n2
111850,4,0,0_okno_n1
111951,1,0,0_okno_n1
112099,3,0,0_okno_n1
112142,0,0,0_okno_n1
112162,2,0,0_okno_n2
112205,1,0,0_okno_n5+
112343,2,0,0_okno_n2
112425,2,0,0_okno_n1
112438,2,0,0_okno_n1
112571,4,0,0_okno_n5+
112588,0,0,0_okno_n1
112719,0,1,1_pozaokno_n3-4
112963,0,0,0_okno_n5+
112975,3,0,0_okno_n3-4
113056,0,0,0_okno_n1
113079,3,0,0_okno_n2
113124,4,0,0_okno_n5+
113148,0,0,0_okno_n3-4
113274,1,0,0_okno_n3-4
113356,0,0,0_okno_n1
113411,2,0,0_okno_n3-4
113547,2,0,0_okno_n1
113572,0,0,0_okno_n3-4
113620,2,0,0_okno_n2
113749,2,0,0_okno_n2
113813,4,0,0_okno_n1
113932,2,0,0_okno_n5+
113951,0,0,0_okno_n1
114073,3,0,0_okno_n3-4
114104,1,0,0_okno_n1
114185,0,0,0_okno_n5+
114217,1,0,0_okno_n3-4
114323,0,0,0_okno_n3-4
114329,4,0,0_okno_n3-4
114428,3,0,0_okno_n1
114436,4,0,0_okno_n2
114490,0,0,0_okno_n3-4
114582,2,0,0_okno_n2
114623,0,0,0_okno_n5+
114639,1,0,0_okno_n2
114692,2,0,0_okno_n3-4
114769,2,0,0_okno_n3-4
114800,1,0,0_okno_n2
114829,2,0,0_okno_n2
114861,4,0,0_okno_n1
114888,1,0,0_okno_n3-4
114927,3,0,0_okno_n1
115047,0,0,0_okno_n3-4
115094,2,0,0_okno_n2
115117,1,0,0_okno_n1
115145,1,0,0_okno_n1
115146,3,0,0_okno_n1
115181,1,0,0_okno_n2
115190,0,0,0_okno_n3-4
115194,2,0,0_okno_n3-4
115220,0,0,0_okno_n1
115269,3,1,1_pozaokno_n1
115298,3,0,0_okno_n1
115314,4,0,0_okno_n1
115318,0,0,0_okno_n1
115331,3,0,0_okno_n1
115405,4,0,0_okno_n1
115554,0,0,0_okno_n3-4
115601,4,0,0_okno_n1
115613,4,0,0_okno_n1
115631,2,0,0_okno_n3-4
115721,1,0,0_okno_n1
115722,2,0,0_okno_n1
115737,3,0,0_okno_n1
115813,2,1,1_pozaokno_n2
115856,0,0,0_okno_n3-4
115909,0,0,0_okno_n1
115986,3,0,0_okno_n1
116003,4,0,0_okno_n1
116036,2,0,0_okno_n1
116042,2,0,0_okno_n1
116086,4,0,0_okno_n2
116116,4,0,0_okno_n2
116263,3,0,0_okno_n3-4
116264,2,0,0_okno_n3-4
116296,2,0,0_okno_n1
116326,2,0,0_okno_n3-4
116377,1,0,0_okno_n5+
116399,2,0,0_okno_n1
116417,3,0,0_okno_n1
116518,4,0,0_okno_n1
116657,2,0,0_okno_n2
116779,2,0,0_okno_n3-4
116803,3,0,0_okno_n1
116859,1,0,0_okno_n3-4
116860,4,0,0_okno_n5+
116900,1,0,0_okno_n2
116938,4,0,0_okno_n2
117068,2,0,0_okno_n1
117127,1,0,0_okno_n2
117140,0,0,0_okno_n3-4
117201,0,0,0_okno_n3-4
117209,2,0,0_okno_n1
117214,2,0,0_okno_n2
117243,0,0,0_okno_n5+
117330,1,0,0_okno_n3-4
117406,1,0,0_okno_n1
117512,2,0,0_okno_n2
117650,2,0,0_okno_n1
117734,1,0,0_okno_n1
117910,1,0,0_okno_n2
117945,3,0,0_okno_n1
117988,2,0,0_okno_n1
118086,2,0,0_okno_n3-4
118100,2,0,0_okno_n1
118174,1,0,0_okno_n1
118347,2,0,0_okno_n5+
118351,0,0,0_okno_n2
118356,0,0,0_okno_n1
118681,1,0,0_okno_n3-4
118777,3,0,0_okno_n2
118953,1,0,0_okno_n2
119054,3,0,0_okno_n1
119058,4,0,0_okno_n1
119100,2,0,0_okno_n1
119164,0,0,0_okno_n2
119197,4,0,0_okno_n1
119216,1,0,0_okno_n3-4
119304,1,0,0_okno_n1
119335,4,0,0_okno_n1
119383,3,1,1_pozaokno_n5+
119577,4,0,0_okno_n5+
119591,1,0,0_okno_n2
119747,2,0,0_okno_n3-4
119857,1,0,0_okno_n5+
120127,1,0,0_okno_n1
120142,1,0,0_okno_n3-4
120206,2,0,0_okno_n1
120216,3,0,0_okno_n1
120248,3,0,0_okno_n1
120257,2,0,0_okno_n2
120275,1,0,0_okno_n2
120284,2,0,0_okno_n1
120336,1,0,0_okno_n1
120450,3,0,0_okno_n5+
120455,2,0,0_okno_n1
120557,1,0,0_okno_n1
120602,2,0,0_okno_n2
120650,4,0,0_okno_n3-4
120763,1,0,0_okno_n1
120782,4,0,0_okno_n1
120829,3,0,0_okno_n2
120976,0,0,0_okno_n5+
120977,3,0,0_okno_n2
120980,0,0,0_okno_n1
120982,1,0,0_okno_n1
121023,4,0,0_okno_n1
121034,1,0,0_okno_n2
121084,4,0,0_okno_n3-4
121092,4,0,0_okno_n2
121099,1,0,0_okno_n1
121104,4,0,0_okno_n5+
121211,2,0,0_okno_n2
121404,4,0,0_okno_n1
121436,4,0,0_okno_n2
121457,4,0,0_okno_n5+
121504,2,0,0_okno_n1
121526,1,0,0_okno_n1
121535,4,0,0_okno_n1
121605,1,0,0_okno_n1
121653,1,0,0_okno_n5+
121695,1,0,0_okno_n3-4
121749,1,0,0_okno_n3-4
121780,2,0,0_okno_n3-4
121820,1,0,0_okno_n1
121837,4,0,0_okno_n2
121923,4,0,0_okno_n1
122036,1,0,0_okno_n1
122092,1,0,0_okno_n2
122163,3,0,0_okno_n1
122198,0,0,0_okno_n3-4
122310,1,0,0_okno_n3-4
122344,4,0,0_okno_n1
122361,2,0,0_okno_n1
122467,1,0,0_okno_n3-4
122496,1,0,0_okno_n1
122542,0,0,0_okno_n5+
122638,0,0,0_okno_n1
122730,2,0,0_okno_n2
122745,1,0,0_okno_n3-4
122751,3,0,0_okno_n3-4
122833,1,0,0_okno_n1
122889,2,0,0_okno_n2
122906,2,0,0_okno_n5+
122913,1,0,0_okno_n2
122950,2,0,0_okno_n2
122982,2,0,0_okno_n2
123052,2,0,0_okno_n2
123151,0,0,0_okno_n1
123310,1,0,0_okno_n2
123407,0,0,0_okno_n3-4
123513,4,0,0_okno_n3-4
123670,0,0,0_okno_n1
123675,2,1,1_pozaokno_n5+
123753,0,0,0_okno_n1
123768,0,0,0_okno_n1
123843,1,0,0_okno_n2
123925,2,0,0_okno_n1
123942,2,0,0_okno_n1
124260,3,0,0_okno_n5+
124266,3,0,0_okno_n2
124270,2,0,0_okno_n2
124454,0,0,0_okno_n2
124455,0,0,0_okno_n5+
124463,3,0,0_okno_n1
124523,4,0,0_okno_n2
124592,2,0,0_okno_n1
124607,2,0,0_okno_n1
124734,0,0,0_okno_n1
124763,1,0,0_okno_n2
124845,4,0,0_okno_n1
124944,1,0,0_okno_n2
125003,3,0,0_okno_n5+
125109,4,0,0_okno_n1
125169,3,0,0_okno_n3-4
125196,4,0,0_okno_n1
125263,1,0,0_okno_n1
125344,0,0,0_okno_n1
125358,1,0,0_okno_n1
125415,4,0,0_okno_n5+
125479,4,0,0_okno_n5+
125596,2,0,0_okno_n2
125767,3,0,0_okno_n1
125827,1,0,0_okno_n1
125858,2,0,0_okno_n3-4
125925,4,0,0_okno_n1
125933,3,0,0_okno_n3-4
126049,1,0,0_okno_n1
126070,3,0,0_okno_n1
126087,4,0,0_okno_n5+
126096,1,0,0_okno_n1
126139,0,0,0_okno_n2
126186,2,0,0_okno_n1
126217,4,0,0_okno_n1
126241,3,0,0_okno_n1
126333,4,0,0_okno_n5+
126357,3,0,0_okno_n3-4
126381,1,0,0_okno_n2
126409,1,0,0_okno_n3-4
126410,3,0,0_okno_n3-4
126488,2,0,0_okno_n1
126562,1,0,0_okno_n1
126648,3,1,1_pozaokno_n2
126684,1,0,0_okno_n5+
126806,2,1,1_pozaokno_n1
126839,0,0,0_okno_n1
126860,4,0,0_okno_n5+
126867,4,0,0_okno_n2
126885,0,0,0_okno_n1
126926,4,0,0_okno_n1
126941,2,0,0_okno_n3-4
126970,3,0,0_okno_n1
127006,2,0,0_okno_n1
127055,0,0,0_okno_n1
127092,2,0,0_okno_n5+
127146,3,0,0_okno_n3-4
127154,2,0,0_okno_n1
127201,3,0,0_okno_n1
127207,2,0,0_okno_n1
127234,1,0,0_okno_n3-4
127276,0,0,0_okno_n1
127302,0,0,0_okno_n1
127307,3,0,0_okno_n2
127448,0,0,0_okno_n1
127458,0,0,0_okno_n2
127459,2,0,0_okno_n5+
127467,1,0,0_okno_n1
127598,1,0,0_okno_n1
127611,4,0,0_okno_n1
127644,1,0,0_okno_n1
127794,4,0,0_okno_n1
127801,4,1,1_pozaokno_n5+
127815,3,0,0_okno_n2
128005,4,1,1_pozaokno_n1
128106,0,0,0_okno_n1
128181,4,0,0_okno_n1
128191,0,0,0_okno_n1
128202,0,0,0_okno_n1
128338,4,0,0_okno_n3-4
128416,2,0,0_okno_n1
128512,1,0,0_okno_n2
128553,3,0,0_okno_n1
128579,2,0,0_okno_n2
128629,0,0,0_okno_n1
128668,4,0,0_okno_n2
128752,2,0,0_okno_n2
128753,2,0,0_okno_n5+
128774,1,0,0_okno_n2
128851,1,0,0_okno_n1
128921,1,0,0_okno_n1
128936,1,1,1_pozaokno_n1
128941,4,0,0_okno_n2
128960,4,0,0_okno_n3-4
129030,2,0,0_okno_n5+
129190,1,0,0_okno_n1
129210,3,0,0_okno_n1
129249,4,0,0_okno_n1
129292,0,0,0_okno_n1
129366,0,0,0_okno_n1
129464,1,0,0_okno_n1
129513,2,0,0_okno_n1
129531,4,0,0_okno_n1
129628,1,0,0_okno_n1
129686,2,0,0_okno_n2
129697,1,0,0_okno_n2
129703,0,0,0_okno_n3-4
129776,1,0,0_okno_n1
129903,3,0,0_okno_n3-4
129976,2,0,0_okno_n3-4
129984,1,0,0_okno_n2
129985,3,0,0_okno_n2
129999,4,0,0_okno_n1
130005,4,0,0_okno_n1
130046,2,0,0_okno_n3-4
130128,2,0,0_okno_n1
130191,1,0,0_okno_n2
130195,0,0,0_okno_n3-4
130229,0,0,0_okno_n1
130300,4,1,1_pozaokno_n1
130419,2,0,0_okno_n2
130473,3,0,0_okno_n1
130609,1,0,0_okno_n1
130683,4,0,0_okno_n1
130701,4,0,0_okno_n1
130828,4,0,0_okno_n2
130887,4,0,0_okno_n2
130903,1,0,0_okno_n1
130908,0,0,0_okno_n3-4
131369,4,0,0_okno_n1
131397,0,0,0_okno_n1
131465,2,0,0_okno_n1
131540,0,0,0_okno_n5+
131599,1,0,0_okno_n3-4
131617,4,0,0_okno_n1
132646,2,0,0_okno_n1
132688,3,0,0_okno_n5+
132874,4,0,0_okno_n3-4
132884,1,0,0_okno_n1
132958,2,0,0_okno_n1
133124,1,1,1_pozaokno_n5+
133125,0,0,0_okno_n5+
133196,3,0,0_okno_n3-4
133197,2,0,0_okno_n1
133205,0,0,0_okno_n1
133277,3,0,0_okno_n1
133318,3,0,0_okno_n1
133343,0,0,0_okno_n1
133489,1,0,0_okno_n1
133560,0,0,0_okno_n1
133577,0,0,0_okno_n1
133671,2,0,0_okno_n1
133742,4,0,0_okno_n3-4
133789,2,0,0_okno_n5+
133803,3,0,0_okno_n3-4
133815,4,1,1_pozaokno_n1
133832,2,0,0_okno_n2
133837,4,0,0_okno_n1
133881,3,0,0_okno_n1
134055,3,0,0_okno_n2
134159,0,0,0_okno_n2
134475,2,0,0_okno_n3-4
134591,4,0,0_okno_n1
134647,3,0,0_okno_n1
134675,3,0,0_okno_n1
134705,3,0,0_okno_n3-4
134771,0,0,0_okno_n1
134781,3,0,0_okno_n1
134875,2,0,0_okno_n1
134913,1,0,0_okno_n2
135071,3,0,0_okno_n1
135137,4,0,0_okno_n3-4
135459,0,0,0_okno_n5+
135524,2,0,0_okno_n3-4
135554,3,0,0_okno_n1
135559,2,0,0_okno_n1
135649,4,0,0_okno_n1
135675,1,0,0_okno_n2
135677,4,0,0_okno_n1
135687,0,0,0_okno_n3-4
135749,4,0,0_okno_n3-4
135776,2,0,0_okno_n3-4
135783,1,0,0_okno_n5+
135828,0,1,1_pozaokno_n1
135840,3,0,0_okno_n2
136078,0,0,0_okno_n1
136112,2,0,0_okno_n1
136145,4,0,0_okno_n5+
136194,0,0,0_okno_n5+
136199,3,0,0_okno_n5+
136288,2,0,0_okno_n1
136479,2,0,0_okno_n2
136505,3,0,0_okno_n5+
136532,2,0,0_okno_n1
136580,3,0,0_okno_n1
136596,0,0,0_okno_n2
136628,0,0,0_okno_n1
136789,4,0,0_okno_n5+
136983,2,0,0_okno_n2
137010,1,0,0_okno_n1
137106,0,0,0_okno_n1
137180,4,0,0_okno_n3-4
137264,0,0,0_okno_n1
137270,2,0,0_okno_n1
137343,4,0,0_okno_n5+
137402,1,0,0_okno_n3-4
137416,4,0,0_okno_n1
137419,4,0,0_okno_n2
137423,2,0,0_okno_n2
137492,2,0,0_okno_n1
137497,3,0,0_okno_n1
137519,2,0,0_okno_n1
137570,0,0,0_okno_n2
137578,3,0,0_okno_n1
137705,0,0,0_okno_n1
137868,3,0,0_okno_n1
137902,1,0,0_okno_n1
137913,4,1,1_pozaokno_n3-4
137942,3,0,0_okno_n1
137979,0,0,0_okno_n3-4
138065,1,0,0_okno_n3-4
138074,3,0,0_okno_n5+
138233,3,0,0_okno_n3-4
138234,2,0,0_okno_n5+
138279,1,0,0_okno_n1
138332,0,0,0_okno_n5+
138336,2,0,0_okno_n1
138343,2,0,0_okno_n5+
138393,4,0,0_okno_n1
138450,3,0,0_okno_n2
138465,0,0,0_okno_n3-4
138527,0,0,0_okno_n5+
138588,0,0,0_okno_n1
138605,3,0,0_okno_n1
138656,0,0,0_okno_n3-4
138871,2,0,0_okno_n3-4
138880,3,1,1_okno_n1
139005,0,1,1_pozaokno_n1
139197,4,0,0_okno_n1
139202,3,0,0_okno_n2
139222,3,0,0_okno_n2
139253,2,0,0_okno_n1
139292,2,0,0_okno_n2
139354,1,0,0_okno_n3-4
139440,0,0,0_okno_n2
139556,3,0,0_okno_n1
139581,4,0,0_okno_n1
139994,4,0,0_okno_n1
140178,4,0,0_okno_n2
140184,2,0,0_okno_n1
140194,3,0,0_okno_n2
140277,1,0,0_okno_n1
140306,0,0,0_okno_n2
140362,3,0,0_okno_n1
140381,2,0,0_okno_n1
140415,3,0,0_okno_n1
140558,3,0,0_okno_n1
140561,0,0,0_okno_n1
140603,4,0,0_okno_n1
140630,4,0,0_okno_n1
140634,2,0,0_okno_n3-4
140640,1,0,0_okno_n3-4
140728,1,0,0_okno_n1
140732,2,0,0_okno_n3-4
140739,1,1,1_pozaokno_n5+
140842,2,0,0_okno_n3-4
140863,0,0,0_okno_n1
140921,2,0,0_okno_n2
140922,3,0,0_okno_n3-4
141207,4,0,0_okno_n3-4
141240,2,0,0_okno_n1
141377,4,1,1_pozaokno_n5+
141465,2,1,1_pozaokno_n5+
141547,1,0,0_okno_n2
141608,4,0,0_okno_n1
141764,3,0,0_okno_n1
141768,3,0,0_okno_n1
141789,2,0,0_okno_n5+
141860,1,0,0_okno_n2
141882,1,0,0_okno_n3-4
141923,2,0,0_okno_n1
141980,0,0,0_okno_n1
142044,0,0,0_okno_n1
142109,4,1,1_pozaokno_n1
142120,3,0,0_okno_n1
142139,1,0,0_okno_n1
142226,1,0,0_okno_n2
142277,0,0,0_okno_n3-4
142313,4,0,0_okno_n2
142368,0,0,0_okno_n1
142453,0,0,0_okno_n3-4
142458,0,0,0_okno_n3-4
142522,0,0,0_okno_n1
142554,3,0,0_okno_n3-4
142643,3,0,0_okno_n3-4
142817,4,1,1_pozaokno_n1
142823,2,0,0_okno_n1
142862,0,0,0_okno_n1
142926,3,0,0_okno_n1
142949,1,0,0_okno_n1
143110,1,0,0_okno_n1
143222,2,1,1_pozaokno_n1
143248,0,0,0_okno_n3-4
143256,3,1,1_pozaokno_n5+
143304,3,0,0_okno_n1
143337,2,0,0_okno_n2
143527,1,0,0_okno_n2
143559,3,0,0_okno_n1
143587,2,0,0_okno_n2
143653,3,0,0_okno_n2
143668,1,0,0_okno_n1
143747,0,0,0_okno_n1
143847,4,0,0_okno_n1
143873,0,0,0_okno_n1
143962,0,0,0_okno_n1
144007,2,0,0_okno_n2
144095,3,0,0_okno_n2
144207,3,0,0_okno_n2
144212,0,0,0_okno_n1
144215,3,0,0_okno_n5+
144225,4,0,0_okno_n5+
144233,4,0,0_okno_n1
144255,0,0,0_okno_n1
144348,4,0,0_okno_n2
144357,1,0,0_okno_n1
144662,3,1,1_pozaokno_n5+
144675,0,0,0_okno_n2
144749,1,0,0_okno_n1
144792,2,0,0_okno_n3-4
144853,0,0,0_okno_n1
144872,0,0,0_okno_n1
144879,0,0,0_okno_n1
144892,0,0,0_okno_n1
144908,2,0,0_okno_n1
145009,0,0,0_okno_n1
145123,3,0,0_okno_n2
145194,3,1,1_pozaokno_n2
145206,4,0,0_okno_n1
145226,3,0,0_okno_n1
145229,4,0,0_okno_n1
145343,3,0,0_okno_n2
145388,1,0,0_okno_n3-4
145391,3,0,0_okno_n1
145409,4,0,0_okno_n2
145503,4,0,0_okno_n1
145507,2,0,0_okno_n1
145560,0,0,0_okno_n3-4
145627,0,0,0_okno_n1
145904,0,0,0_okno_n1
145985,3,0,0_okno_n1
146022,3,0,0_okno_n1
146239,2,0,0_okno_n3-4
146367,0,0,0_okno_n5+
146392,4,0,0_okno_n5+
146408,3,0,0_okno_n3-4
146521,3,0,0_okno_n1
146532,3,0,0_okno_n1
146564,2,0,0_okno_n1
146604,2,0,0_okno_n1
146624,1,0,0_okno_n1
146809,0,0,0_okno_n2
146826,3,0,0_okno_n5+
146893,4,0,0_okno_n1
147015,1,0,0_okno_n2
147038,2,0,0_okno_n2
147135,2,0,0_okno_n1
147164,1,0,0_okno_n2
147180,1,0,0_okno_n3-4
147223,3,0,0_okno_n1
147309,1,0,0_okno_n2
147379,0,0,0_okno_n1
147419,1,0,0_okno_n1
147468,2,0,0_okno_n2
147576,3,0,0_okno_n1
147689,4,1,1_pozaokno_n5+
147692,0,0,0_okno_n2
147709,1,0,0_okno_n1
147725,2,0,0_okno_n5+
147732,4,0,0_okno_n1
147803,1,0,0_okno_n1
147836,3,0,0_okno_n2
147842,0,0,0_okno_n2
147861,3,0,0_okno_n1
147916,1,0,0_okno_n3-4
147947,4,0,0_okno_n2
148062,3,0,0_okno_n1
148085,2,0,0_okno_n1
148111,4,0,0_okno_n2
148187,0,0,0_okno_n1
148240,2,0,0_okno_n2
148376,1,0,0_okno_n5+
148502,3,0,0_okno_n3-4
148655,4,0,0_okno_n2
148665,2,0,0_okno_n2
148694,0,0,0_okno_n1
148813,4,0,0_okno_n1
148859,3,0,0_okno_n2
148871,4,0,0_okno_n1
149058,4,0,0_okno_n1
149160,0,0,0_okno_n2
149163,4,0,0_okno_n2
149182,4,0,0_okno_n1
149271,0,0,0_okno_n1
149381,3,0,0_okno_n5+
149472,3,0,0_okno_n1
149484,1,0,0_okno_n2
149514,0,0,0_okno_n1
149549,1,0,0_okno_n1
149620,4,0,0_okno_n3-4
149714,2,0,0_okno_n1
149728,2,0,0_okno_n1
149772,1,0,0_okno_n2
149855,0,0,0_okno_n1
149950,1,0,0_okno_n1
150035,0,0,0_okno_n3-4
150044,4,0,0_okno_n1
150072,3,0,0_okno_n2
150114,1,0,0_okno_n3-4
150150,3,0,0_okno_n1
150300,4,0,0_okno_n1
150376,0,1,1_pozaokno_n5+
150452,4,0,0_okno_n1
150480,0,0,0_okno_n5+
150501,4,0,0_okno_n1
150522,1,0,0_okno_n1
150569,1,0,0_okno_n1
150627,1,0,0_okno_n1
150651,3,0,0_okno_n3-4
150671,1,0,0_okno_n5+
150716,4,0,0_okno_n1
150806,1,0,0_okno_n1
150844,1,0,0_okno_n1
150958,2,0,0_okno_n3-4
150995,4,0,0_okno_n2
151144,2,0,0_okno_n3-4
151324,2,0,0_okno_n2
151509,3,0,0_okno_n1
151555,0,0,0_okno_n2
151804,3,0,0_okno_n1
151878,1,0,0_okno_n1
152030,0,0,0_okno_n3-4
152060,4,0,0_okno_n5+
152148,0,0,0_okno_n1
152155,0,0,0_okno_n1
152172,1,0,0_okno_n1
152239,4,0,0_okno_n1
152335,3,0,0_okno_n2
152372,3,0,0_okno_n1
152376,4,0,0_okno_n1
152406,3,0,0_okno_n2
152436,2,0,0_okno_n5+
152449,3,0,0_okno_n2
152474,4,0,0_okno_n1
152544,4,0,0_okno_n2
152632,3,0,0_okno_n1
152776,1,0,0_okno_n1
152835,0,0,0_okno_n1
152881,2,0,0_okno_n2
152918,1,0,0_okno_n2
152938,1,0,0_okno_n1
152957,2,0,0_okno_n2
153013,4,0,0_okno_n3-4
153017,2,0,0_okno_n2
153059,0,0,0_okno_n2
153202,4,0,0_okno_n1
153203,0,0,0_okno_n1
153213,2,0,0_okno_n3-4
153232,0,0,0_okno_n1
153296,2,0,0_okno_n1
153435,1,0,0_okno_n1
153437,3,0,0_okno_n1
153479,4,0,0_okno_n1
153524,1,0,0_okno_n1
153529,2,0,0_okno_n1
153559,0,0,0_okno_n2
153570,2,0,0_okno_n1
153576,0,0,0_okno_n1
153590,4,0,0_okno_n1
153648,2,1,1_pozaokno_n2
153686,3,0,0_okno_n1
153770,0,0,0_okno_n1
153849,0,0,0_okno_n1
153917,3,0,0_okno_n3-4
153988,1,0,0_okno_n1
154006,4,0,0_okno_n1
154076,2,0,0_okno_n1
154077,4,0,0_okno_n1
154108,1,0,0_okno_n1
154115,2,0,0_okno_n2
154121,0,0,0_okno_n1
154282,0,0,0_okno_n1
154293,1,0,0_okno_n1
154317,1,0,0_okno_n1
154360,3,0,0_okno_n3-4
154500,0,0,0_okno_n1
154565,3,0,0_okno_n1
154589,4,0,0_okno_n1
154656,0,0,0_okno_n3-4
154747,1,0,0_okno_n1
154778,3,0,0_okno_n2
154806,4,0,0_okno_n3-4
154833,4,0,0_okno_n1
154908,3,1,1_pozaokno_n1
155025,4,0,0_okno_n1
155128,1,0,0_okno_n1
155145,0,0,0_okno_n1
155198,1,0,0_okno_n1
155331,3,0,0_okno_n1
155402,0,0,0_okno_n5+
155420,3,0,0_okno_n3-4
155439,2,0,0_okno_n1
155442,4,0,0_okno_n2
155522,4,0,0_okno_n3-4
155640,1,0,0_okno_n1
155720,3,0,0_okno_n1
155743,2,0,0_okno_n3-4
155862,4,0,0_okno_n1
156052,0,0,0_okno_n1
156090,1,0,0_okno_n2
156197,1,0,0_okno_n2
156222,2,0,0_okno_n1
156300,2,0,0_okno_n1
156340,4,0,0_okno_n1
156380,1,0,0_okno_n1
156461,4,1,1_pozaokno_n5+
156634,3,0,0_okno_n3-4
156636,1,0,0_okno_n1
156644,2,0,0_okno_n1
156665,3,0,0_okno_n1
156686,4,0,0_okno_n1
156704,0,0,0_okno_n3-4
156705,0,0,0_okno_n2
156836,1,0,0_okno_n5+
156888,2,0,0_okno_n1
156964,0,0,0_okno_n1
156980,0,0,0_okno_n2
156988,1,0,0_okno_n1
157074,2,0,0_okno_n1
157126,3,0,0_okno_n5+
157141,3,0,0_okno_n1
157355,3,0,0_okno_n2
157376,3,0,0_okno_n5+
157421,0,0,0_okno_n2
157430,1,0,0_okno_n1
157441,2,0,0_okno_n1
157459,0,0,0_okno_n1
157520,3,0,0_okno_n5+
157569,3,0,0_okno_n2
157757,2,0,0_okno_n3-4
157773,3,0,0_okno_n5+
157776,3,0,0_okno_n3-4
157810,0,0,0_okno_n1
157849,3,0,0_okno_n1
157897,0,0,0_okno_n2
157932,2,0,0_okno_n5+
157988,3,0,0_okno_n3-4
157989,0,0,0_okno_n5+
157991,3,0,0_okno_n1
157992,0,0,0_okno_n2
158078,2,0,0_okno_n1
158213,4,0,0_okno_n3-4
158228,4,0,0_okno_n2
158290,4,1,1_pozaokno_n2
158333,1,0,0_okno_n1
158400,1,0,0_okno_n5+
158459,4,0,0_okno_n1
158555,4,0,0_okno_n1
158621,0,0,0_okno_n3-4
158795,2,0,0_okno_n1
158829,1,0,0_okno_n1
158860,3,0,0_okno_n1
158911,0,0,0_okno_n5+
158976,1,0,0_okno_n2
158987,0,0,0_okno_n3-4
159031,4,0,0_okno_n1
159035,0,0,0_okno_n3-4
159046,3,0,0_okno_n5+
159091,3,0,0_okno_n2
159148,3,0,0_okno_n1
159187,1,0,0_okno_n2
159199,2,0,0_okno_n2
159355,0,0,0_okno_n1
159443,1,0,0_okno_n3-4
159488,2,0,0_okno_n3-4
159671,0,0,0_okno_n1
159777,0,0,0_okno_n1
159847,2,0,0_okno_n5+
160109,2,0,0_okno_n3-4
160133,0,0,0_okno_n2
160203,4,0,0_okno_n1
160278,2,0,0_okno_n3-4
160281,1,0,0_okno_n5+
160343,0,0,0_okno_n1
160371,2,0,0_okno_n1
160396,0,0,0_okno_n3-4
160451,0,0,0_okno_n2
160466,4,0,0_okno_n2
160518,1,0,0_okno_n3-4
160697,2,0,0_okno_n1
160707,4,0,0_okno_n1
160822,0,0,0_okno_n1
160846,1,0,0_okno_n2
160853,3,0,0_okno_n3-4
160884,4,0,0_okno_n2
160962,3,0,0_okno_n1
160982,2,0,0_okno_n2
161085,1,0,0_okno_n5+
161247,1,0,0_okno_n1
161278,3,0,0_okno_n1
161461,1,0,0_okno_n2
161482,0,0,0_okno_n1
161605,3,0,0_okno_n1
161634,1,0,0_okno_n1
161687,3,0,0_okno_n1
161720,4,0,0_okno_n3-4
161778,1,1,1_pozaokno_n3-4
161847,1,0,0_okno_n3-4
161966,2,0,0_okno_n3-4
161992,0,0,0_okno_n1
162143,1,0,0_okno_n1
162212,3,0,0_okno_n1
162231,4,0,0_okno_n1
162255,2,0,0_okno_n1
162296,4,0,0_okno_n2
162310,2,1,1_pozaokno_n5+
162352,3,1,1_pozaokno_n2
162360,1,1,1_pozaokno_n5+
162586,3,0,0_okno_n1
162599,2,0,0_okno_n2
162608,3,0,0_okno_n2
162650,2,0,0_okno_n1
162853,3,0,0_okno_n2
162873,4,0,0_okno_n5+
162954,3,0,0_okno_n1
162972,4,0,0_okno_n1
163094,4,0,0_okno_n1
163099,3,0,0_okno_n1
163251,2,0,0_okno_n2
163340,4,0,0_okno_n2
163504,3,0,0_okno_n5+
163756,1,0,0_okno_n1
163856,4,0,0_okno_n3-4
163915,0,0,0_okno_n1
163961,4,0,0_okno_n1
163983,1,0,0_okno_n2
164057,3,0,0_okno_n1
164183,2,0,0_okno_n2
164211,2,0,0_okno_n2
164248,4,0,0_okno_n1
164269,0,0,0_okno_n5+
164289,1,0,0_okno_n2
164292,0,0,0_okno_n2
164316,3,0,0_okno_n2
164349,3,0,0_okno_n1
164365,0,0,0_okno_n1
164375,3,0,0_okno_n1
164458,1,0,0_okno_n1
164541,2,0,0_okno_n1
164544,3,0,0_okno_n1
164583,1,0,0_okno_n1
164615,0,0,0_okno_n2
164664,1,0,0_okno_n5+
164747,1,0,0_okno_n1
164749,4,0,0_okno_n2
164841,0,0,0_okno_n1
164861,3,0,0_okno_n1
164863,3,0,0_okno_n1
164909,3,0,0_okno_n1
164995,4,0,0_okno_n1
165020,3,0,0_okno_n3-4
165061,0,0,0_okno_n1
165193,0,0,0_okno_n1
165208,1,0,0_okno_n1
165254,1,0,0_okno_n2
165255,4,0,0_okno_n1
165266,2,0,0_okno_n2
165423,2,0,0_okno_n5+
165426,4,0,0_okno_n1
165474,1,0,0_okno_n1
165542,1,0,0_okno_n3-4
165632,1,0,0_okno_n1
165639,4,0,0_okno_n1
165800,3,0,0_okno_n2
165802,0,0,0_okno_n1
165811,0,0,0_okno_n1
165828,1,0,0_okno_n5+
165842,2,0,0_okno_n1
166001,0,0,0_okno_n1
166044,4,0,0_okno_n1
166051,2,0,0_okno_n2
166145,2,0,0_okno_n2
166148,3,0,0_okno_n3-4
166252,4,0,0_okno_n1
166289,1,0,0_okno_n5+
166332,2,0,0_okno_n2
166417,1,0,0_okno_n1
166423,1,0,0_okno_n2
166437,2,0,0_okno_n1
166447,3,0,0_okno_n1
166613,3,0,0_okno_n5+
166644,0,0,0_okno_n1
166654,4,0,0_okno_n2
166680,4,0,0_okno_n1
166939,0,0,0_okno_n3-4
166977,1,1,1_okno_n3-4
167118,0,0,0_okno_n1
167125,2,0,0_okno_n1
167148,1,0,0_okno_n1
167159,3,0,0_okno_n3-4
167188,3,0,0_okno_n3-4
167236,0,0,0_okno_n5+
167249,1,0,0_okno_n2
167362,3,0,0_okno_n2
167373,1,0,0_okno_n1
167377,0,0,0_okno_n2
167386,1,0,0_okno_n2
167444,0,0,0_okno_n2
167479,1,0,0_okno_n1
167485,0,1,1_pozaokno_n5+
167538,2,0,0_okno_n3-4
167547,1,0,0_okno_n2
167556,3,0,0_okno_n1
167677,4,0,0_okno_n2
167810,0,0,0_okno_n3-4
167822,1,0,0_okno_n3-4
167830,4,0,0_okno_n1
167954,1,0,0_okno_n1
167996,3,0,0_okno_n1
168105,2,0,0_okno_n1
168140,1,0,0_okno_n2
168154,3,0,0_okno_n1
168216,2,0,0_okno_n3-4
168498,4,0,0_okno_n2
168562,2,0,0_okno_n1
168583,0,0,0_okno_n1
168595,0,0,0_okno_n1
168623,2,0,0_okno_n1
168643,4,0,0_okno_n2
168778,0,0,0_okno_n2
168905,1,0,0_okno_n5+
169023,4,0,0_okno_n1
169087,0,1,1_pozaokno_n5+
169111,0,0,0_okno_n3-4
169150,3,0,0_okno_n1
169295,3,0,0_okno_n2
169302,4,0,0_okno_n5+
169520,0,0,0_okno_n1
169558,3,0,0_okno_n1
169586,3,0,0_okno_n3-4
169587,4,0,0_okno_n2
169607,1,0,0_okno_n1
169630,2,0,0_okno_n3-4
169811,2,0,0_okno_n1
169821,2,0,0_okno_n5+
169893,3,0,0_okno_n2
169901,1,0,0_okno_n1
169974,2,0,0_okno_n1
170183,2,0,0_okno_n5+
170242,0,0,0_okno_n1
170472,4,0,0_okno_n2
170578,2,0,0_okno_n1
170663,2,0,0_okno_n1
170968,0,0,0_okno_n3-4
171148,3,0,0_okno_n2
171204,4,0,0_okno_n2
171233,2,0,0_okno_n1
171452,3,0,0_okno_n3-4
171502,2,0,0_okno_n1
171525,0,0,0_okno_n1
171572,0,0,0_okno_n1
171684,2,0,0_okno_n5+
171750,0,0,0_okno_n3-4
171758,2,0,0_okno_n2
171761,2,0,0_okno_n1
171786,4,0,0_okno_n1
171859,1,0,0_okno_n1
171860,2,0,0_okno_n2
171882,2,0,0_okno_n1
171893,1,0,0_okno_n1
171905,2,0,0_okno_n1
171978,2,0,0_okno_n5+
172022,4,0,0_okno_n1
172043,2,0,0_okno_n1
172208,2,0,0_okno_n1
172240,4,0,0_okno_n1
172314,1,0,0_okno_n3-4
172321,3,0,0_okno_n2
172343,3,0,0_okno_n1
172344,1,0,0_okno_n1
172368,0,0,0_okno_n5+
172397,4,0,0_okno_n1
172404,1,0,0_okno_n1
172423,1,0,0_okno_n1
172443,1,0,0_okno_n1
172447,0,0,0_okno_n1
172462,0,0,0_okno_n1
172618,3,0,0_okno_n2
172732,1,0,0_okno_n5+
172739,1,0,0_okno_n1
172789,3,0,0_okno_n2
172812,4,0,0_okno_n1
172903,4,1,1_pozaokno_n2
172914,4,0,0_okno_n1
172930,3,0,0_okno_n1
172937,1,0,0_okno_n1
173088,4,0,0_okno_n1
173181,3,0,0_okno_n5+
173222,0,0,0_okno_n5+
173385,3,0,0_okno_n1
173387,1,0,0_okno_n1
173390,1,0,0_okno_n1
173585,0,0,0_okno_n2
173676,4,0,0_okno_n1
173909,4,0,0_okno_n2
174003,4,0,0_okno_n2
174038,1,0,0_okno_n5+
174144,3,0,0_okno_n1
174173,3,0,0_okno_n3-4
174191,2,0,0_okno_n1
174229,0,0,0_okno_n5+
174435,2,0,0_okno_n2
174566,3,0,0_okno_n2
174617,2,0,0_okno_n1
174704,3,0,0_okno_n2
174843,0,0,0_okno_n2
175075,2,0,0_okno_n3-4
175080,0,0,0_okno_n2
175121,4,0,0_okno_n3-4
175235,2,0,0_okno_n2
175291,3,1,1_pozaokno_n5+
175481,1,0,0_okno_n2
175486,1,0,0_okno_n1
175489,1,0,0_okno_n1
175596,1,0,0_okno_n3-4
175621,3,0,0_okno_n2
175734,4,0,0_okno_n3-4
175764,0,0,0_okno_n1
175819,1,0,0_okno_n2
175840,1,0,0_okno_n2
175953,2,0,0_okno_n5+
176019,2,0,0_okno_n1
176075,0,0,0_okno_n1
176189,3,0,0_okno_n3-4
176202,0,0,0_okno_n1
176246,3,0,0_okno_n1
176308,1,1,1_pozaokno_n1
176413,1,0,0_okno_n3-4
176487,3,0,0_okno_n2
176492,1,0,0_okno_n1
176532,1,0,0_okno_n1
176609,2,0,0_okno_n3-4
176658,3,0,0_okno_n3-4
176782,2,0,0_okno_n1
176791,1,0,0_okno_n1
176843,3,0,0_okno_n2
176880,4,0,0_okno_n3-4
176905,3,0,0_okno_n1
177092,2,0,0_okno_n3-4
177212,0,0,0_okno_n1
177309,1,0,0_okno_n2
177371,1,0,0_okno_n1
177405,2,0,0_okno_n1
177439,4,0,0_okno_n2
177479,1,0,0_okno_n1
177498,3,0,0_okno_n3-4
177517,2,0,0_okno_n1
177526,4,0,0_okno_n1
177545,1,0,0_okno_n2
177611,0,0,0_okno_n5+
177626,1,0,0_okno_n2
177658,0,0,0_okno_n1
177681,0,0,0_okno_n1
177856,1,0,0_okno_n3-4
177906,4,0,0_okno_n1
177917,2,0,0_okno_n1
178130,4,0,0_okno_n1
178253,4,0,0_okno_n2
178336,4,0,0_okno_n2
178379,4,0,0_okno_n3-4
178399,4,0,0_okno_n2
178403,1,0,0_okno_n1
178425,0,0,0_okno_n1
178462,2,0,0_okno_n1
178589,0,0,0_okno_n5+
178737,2,0,0_okno_n1
178785,0,0,0_okno_n2
178857,0,0,0_okno_n2
178954,0,0,0_okno_n1
179086,4,0,0_okno_n1
179184,1,0,0_okno_n2
179268,0,0,0_okno_n1
179280,4,0,0_okno_n1
179304,0,0,0_okno_n2
179410,1,0,0_okno_n5+
179568,0,0,0_okno_n1
179596,3,0,0_okno_n3-4
179737,4,0,0_okno_n3-4
179750,1,0,0_okno_n1
179771,0,0,0_okno_n1
179837,0,0,0_okno_n1
179861,0,0,0_okno_n3-4
179902,4,0,0_okno_n1
179971,1,0,0_okno_n3-4
180024,0,0,0_okno_n1
180033,1,0,0_okno_n1
180107,4,0,0_okno_n2
180109,2,0,0_okno_n1
180261,4,0,0_okno_n1
180301,3,0,0_okno_n2
180304,4,0,0_okno_n2
180358,4,0,0_okno_n2
180406,4,0,0_okno_n5+
180434,1,0,0_okno_n1
180480,3,0,0_okno_n3-4
180581,0,0,0_okno_n2
180583,0,0,0_okno_n1
180605,2,0,0_okno_n3-4
180813,3,0,0_okno_n1
180926,0,0,0_okno_n1
180997,1,0,0_okno_n2
181006,3,0,0_okno_n2
181058,3,0,0_okno_n1
181061,0,0,0_okno_n3-4
181097,2,0,0_okno_n2
181143,1,0,0_okno_n2
181155,3,0,0_okno_n5+
181318,2,0,0_okno_n2
181489,2,0,0_okno_n1
181590,3,0,0_okno_n1
181597,4,0,0_okno_n1
181601,0,0,0_okno_n1
181616,1,0,0_okno_n1
181728,2,0,0_okno_n3-4
181786,3,0,0_okno_n1
181807,1,1,1_pozaokno_n3-4
181881,3,0,0_okno_n3-4
182019,3,0,0_okno_n5+
182098,2,0,0_okno_n5+
182103,1,0,0_okno_n2
182193,3,0,0_okno_n1
182238,4,0,0_okno_n1
182412,1,0,0_okno_n1
182427,0,0,0_okno_n3-4
182540,0,1,1_pozaokno_n2
182572,1,0,0_okno_n2
182724,1,0,0_okno_n2
182766,2,0,0_okno_n1
182870,2,0,0_okno_n5+
182945,0,0,0_okno_n2
183220,0,0,0_okno_n2
183474,3,0,0_okno_n1
183519,4,1,1_pozaokno_n1
183567,0,0,0_okno_n1
183627,1,0,0_okno_n1
183661,2,0,0_okno_n1
183747,2,0,0_okno_n2
183751,3,0,0_okno_n1
183762,1,0,0_okno_n2
183973,3,0,0_okno_n5+
184038,2,0,0_okno_n1
184046,4,0,0_okno_n1
184050,3,0,0_okno_n3-4
184368,1,0,0_okno_n1
184465,4,0,0_okno_n1
184482,3,0,0_okno_n1
184519,2,0,0_okno_n1
184719,1,0,0_okno_n3-4
184742,0,0,0_okno_n5+
184810,1,0,0_okno_n2
184865,3,0,0_okno_n1
184930,3,0,0_okno_n2
184939,4,0,0_okno_n3-4
184950,1,0,0_okno_n1
185059,2,0,0_okno_n3-4
185065,3,0,0_okno_n1
185096,3,0,0_okno_n1
185318,4,0,0_okno_n1
185341,3,0,0_okno_n3-4
185381,0,0,0_okno_n1
185386,2,0,0_okno_n3-4
185558,0,0,0_okno_n1
185736,2,0,0_okno_n1
185762,4,0,0_okno_n1
185779,3,0,0_okno_n2
185806,4,0,0_okno_n3-4
185825,1,1,1_pozaokno_n3-4
185947,2,0,0_okno_n1
186047,0,0,0_okno_n1
186093,0,0,0_okno_n2
186094,4,0,0_okno_n1
186098,4,0,0_okno_n3-4
186112,2,0,0_okno_n1
186233,0,0,0_okno_n1
186265,2,0,0_okno_n2
186450,3,0,0_okno_n1
186602,0,0,0_okno_n2
186704,3,0,0_okno_n5+
186753,2,0,0_okno_n1
186767,1,0,0_okno_n3-4
186783,1,0,0_okno_n2
186790,2,0,0_okno_n2
186933,0,0,0_okno_n1
186952,1,0,0_okno_n2
186965,3,0,0_okno_n3-4
186971,1,1,1_pozaokno_n5+
187363,1,0,0_okno_n1
187390,4,0,0_okno_n5+
187460,0,0,0_okno_n5+
187542,2,0,0_okno_n5+
187567,1,0,0_okno_n1
187598,4,0,0_okno_n1
187622,3,0,0_okno_n1
187682,4,0,0_okno_n3-4
187686,3,0,0_okno_n1
187749,0,0,0_okno_n3-4
187779,4,0,0_okno_n1
187790,0,0,0_okno_n1
187948,2,0,0_okno_n3-4
187981,4,0,0_okno_n1
188250,3,0,0_okno_n3-4
188328,1,0,0_okno_n3-4
188355,3,0,0_okno_n1
188369,4,0,0_okno_n5+
188413,4,0,0_okno_n3-4
188477,4,0,0_okno_n2
188769,1,0,0_okno_n5+
188821,1,0,0_okno_n1
188835,3,0,0_okno_n1
188939,1,0,0_okno_n1
189133,4,0,0_okno_n3-4
189159,3,0,0_okno_n1
189303,3,0,0_okno_n2
189361,1,0,0_okno_n1
189380,0,0,0_okno_n2
189470,2,0,0_okno_n5+
189581,0,0,0_okno_n2
189651,4,0,0_okno_n5+
189658,0,0,0_okno_n1
189729,3,0,0_okno_n1
189750,4,0,0_okno_n3-4
189787,4,0,0_okno_n5+
189927,2,0,0_okno_n2
189962,4,0,0_okno_n1
190053,3,0,0_okno_n5+
190072,1,0,0_okno_n1
190277,0,0,0_okno_n1
190279,1,0,0_okno_n3-4
190282,4,0,0_okno_n1
190293,3,0,0_okno_n2
190403,0,0,0_okno_n3-4
190464,0,0,0_okno_n5+
190521,4,0,0_okno_n2
190536,2,0,0_okno_n5+
190776,0,0,0_okno_n1
190835,2,0,0_okno_n1
190880,0,0,0_okno_n1
191042,0,0,0_okno_n2
191142,0,0,0_okno_n5+
191143,4,0,0_okno_n3-4
191162,2,1,1_pozaokno_n2
191218,2,0,0_okno_n3-4
191308,2,0,0_okno_n1
191361,4,0,0_okno_n1
191389,0,0,0_okno_n1
191396,2,0,0_okno_n1
191401,0,0,0_okno_n5+
191408,1,0,0_okno_n2
191448,1,0,0_okno_n1
191470,4,0,0_okno_n1
191503,1,0,0_okno_n1
191535,1,0,0_okno_n1
191637,0,0,0_okno_n1
191689,1,0,0_okno_n1
192015,2,0,0_okno_n1
192367,3,0,0_okno_n1
192480,2,0,0_okno_n3-4
192497,1,0,0_okno_n1
192547,2,0,0_okno_n5+
192562,4,0,0_okno_n1
192755,2,1,1_pozaokno_n2
192773,2,0,0_okno_n1
192813,3,0,0_okno_n5+
192931,2,0,0_okno_n3-4
192975,1,0,0_okno_n2
193265,2,0,0_okno_n2
193317,2,0,0_okno_n1
193318,2,0,0_okno_n1
193323,2,0,0_okno_n1
193567,0,0,0_okno_n3-4
193660,4,0,0_okno_n5+
193667,0,0,0_okno_n2
193961,0,0,0_okno_n1
194143,0,1,1_pozaokno_n5+
194170,3,0,0_okno_n1
194218,2,0,0_okno_n5+
194342,0,0,0_okno_n3-4
194483,0,0,0_okno_n1
194733,2,0,0_okno_n5+
194769,2,0,0_okno_n1
194809,2,0,0_okno_n1
194812,3,0,0_okno_n5+
194951,1,0,0_okno_n2
194957,4,0,0_okno_n2
194964,0,0,0_okno_n2
195142,1,0,0_okno_n1
195215,3,0,0_okno_n2
195260,1,0,0_okno_n1
195284,3,1,1_pozaokno_n1
195370,1,0,0_okno_n1
195423,0,0,0_okno_n1
195601,3,0,0_okno_n1
195612,4,0,0_okno_n5+
195637,0,0,0_okno_n2
195694,3,0,0_okno_n1
195696,2,0,0_okno_n1
195733,2,0,0_okno_n2
195795,2,0,0_okno_n1
195797,4,0,0_okno_n2
195798,3,0,0_okno_n5+
195823,4,0,0_okno_n5+
195839,1,0,0_okno_n2
195877,2,0,0_okno_n2
195997,0,0,0_okno_n5+
196014,3,1,1_pozaokno_n2
196037,1,0,0_okno_n1
196045,2,0,0_okno_n3-4
196193,4,0,0_okno_n1
196304,3,0,0_okno_n1
196350,2,0,0_okno_n2
196520,2,0,0_okno_n3-4
196589,3,0,0_okno_n1
196595,0,0,0_okno_n3-4
196689,2,0,0_okno_n5+
196703,4,0,0_okno_n1
196747,2,0,0_okno_n1
196801,1,0,0_okno_n3-4
197072,1,0,0_okno_n2
197122,0,0,0_okno_n1
197144,2,0,0_okno_n3-4
197169,3,0,0_okno_n1
197215,1,0,0_okno_n1
197318,3,0,0_okno_n1
197567,4,0,0_okno_n1
197730,1,0,0_okno_n1
197816,4,0,0_okno_n2
197971,2,0,0_okno_n1
198017,1,0,0_okno_n5+
198029,3,0,0_okno_n3-4
198076,1,0,0_okno_n2
198202,0,0,0_okno_n5+
198240,0,0,0_okno_n2
198325,0,0,0_okno_n2
198541,4,0,0_okno_n1
198603,2,0,0_okno_n1
198655,4,0,0_okno_n1
198711,1,1,1_pozaokno_n5+
198719,0,0,0_okno_n5+
198870,2,0,0_okno_n3-4
198898,2,0,0_okno_n3-4
198926,2,0,0_okno_n2
198958,1,0,0_okno_n1
198961,0,0,0_okno_n1
198990,2,0,0_okno_n1
199022,0,0,0_okno_n2
199227,2,0,0_okno_n2
199310,1,0,0_okno_n1
199376,1,0,0_okno_n1
199594,0,0,0_okno_n1
199613,3,0,0_okno_n5+
199733,4,0,0_okno_n5+
199897,0,0,0_okno_n1
199997,4,0,0_okno_n1
200010,1,0,0_okno_n3-4
200156,2,0,0_okno_n1
200173,2,0,0_okno_n1
200201,2,0,0_okno_n5+
200215,0,0,0_okno_n1
200220,4,1,1_pozaokno_n5+
200313,3,0,0_okno_n3-4
200367,2,0,0_okno_n1
200421,4,0,0_okno_n3-4
200576,3,0,0_okno_n3-4
200644,3,0,0_okno_n5+
200964,4,0,0_okno_n2
201290,4,0,0_okno_n1
201337,1,0,0_okno_n1
201356,2,0,0_okno_n1
201369,2,0,0_okno_n3-4
201538,2,0,0_okno_n2
201573,3,0,0_okno_n1
201577,0,0,0_okno_n1
201593,2,0,0_okno_n3-4
201654,3,0,0_okno_n1
201895,4,0,0_okno_n1
201970,0,0,0_okno_n3-4
202003,4,0,0_okno_n3-4
202076,1,0,0_okno_n1
202146,2,0,0_okno_n1
202154,1,0,0_okno_n3-4
202192,1,0,0_okno_n2
202232,1,0,0_okno_n2
202379,3,0,0_okno_n2
202455,2,0,0_okno_n1
202662,0,0,0_okno_n2
202743,2,0,0_okno_n3-4
202864,1,0,0_okno_n3-4
202880,4,0,0_okno_n1
202884,2,0,0_okno_n2
202939,1,0,0_okno_n3-4
202967,2,0,0_okno_n1
203051,3,0,0_okno_n5+
203155,3,0,0_okno_n1
203188,3,0,0_okno_n3-4
203279,2,0,0_okno_n3-4
203286,4,0,0_okno_n1
203295,1,0,0_okno_n1
203304,4,0,0_okno_n1
203314,1,0,0_okno_n1
203482,1,0,0_okno_n2
203502,1,0,0_okno_n1
203574,1,1,1_pozaokno_n1
203853,4,0,0_okno_n1
204147,2,0,0_okno_n1
204151,4,0,0_okno_n5+
204401,4,0,0_okno_n1
204661,4,0,0_okno_n1
204742,1,0,0_okno_n1
204796,2,0,0_okno_n1
204932,2,0,0_okno_n5+
205003,4,0,0_okno_n1
205088,2,0,0_okno_n2
205121,4,0,0_okno_n3-4
205122,2,0,0_okno_n1
205246,3,0,0_okno_n1
205361,3,0,0_okno_n2
205410,1,0,0_okno_n1
205433,3,0,0_okno_n1
205439,2,0,0_okno_n1
205470,2,0,0_okno_n1
205518,4,0,0_okno_n1
205524,4,0,0_okno_n1
205530,4,0,0_okno_n1
205585,4,0,0_okno_n1
205787,3,0,0_okno_n1
205977,2,0,0_okno_n2
206208,3,0,0_okno_n1
206257,3,0,0_okno_n5+
206541,2,0,0_okno_n1
206614,0,0,0_okno_n2
206621,0,0,0_okno_n1
206696,3,0,0_okno_n1
206698,1,0,0_okno_n1
206704,2,0,0_okno_n2
206711,0,0,0_okno_n1
206855,2,0,0_okno_n5+
207048,0,0,0_okno_n5+
207214,0,0,0_okno_n1
207402,3,0,0_okno_n1
207581,3,0,0_okno_n2
207687,2,0,0_okno_n1
207720,3,0,0_okno_n1
207769,0,0,0_okno_n1
207785,3,0,0_okno_n2
207936,0,0,0_okno_n2
207994,4,0,0_okno_n5+
207995,3,0,0_okno_n1
208013,4,0,0_okno_n1
208046,4,0,0_okno_n1
208204,2,0,0_okno_n1
208258,2,0,0_okno_n1
208347,1,0,0_okno_n1
208499,3,0,0_okno_n1
208515,4,0,0_okno_n2
208695,0,0,0_okno_n1
208735,3,0,0_okno_n1
208813,3,0,0_okno_n2
209045,0,1,1_pozaokno_n5+
209092,0,0,0_okno_n1
209099,2,0,0_okno_n1
209265,2,0,0_okno_n1
209380,1,0,0_okno_n2
209429,0,0,0_okno_n3-4
209534,1,0,0_okno_n1
209558,4,0,0_okno_n1
209652,2,0,0_okno_n2
209679,1,0,0_okno_n1
209883,3,0,0_okno_n1
209887,2,0,0_okno_n1
209937,0,0,0_okno_n1
210032,0,0,0_okno_n1
210161,0,0,0_okno_n1
210204,1,0,0_okno_n3-4
210312,3,0,0_okno_n1
210364,1,0,0_okno_n2
210393,1,0,0_okno_n3-4
210427,2,0,0_okno_n2
210558,1,0,0_okno_n3-4
210760,0,0,0_okno_n3-4
210935,3,0,0_okno_n3-4
211029,2,0,0_okno_n2
211294,1,0,0_okno_n1
211379,4,0,0_okno_n5+
211638,4,0,0_okno_n1
211738,4,0,0_okno_n1
211775,2,0,0_okno_n1
211826,2,0,0_okno_n1
211864,2,0,0_okno_n1
211867,0,0,0_okno_n5+
211904,3,0,0_okno_n2
212094,4,0,0_okno_n5+
212140,3,0,0_okno_n1
212188,3,0,0_okno_n5+
212310,0,0,0_okno_n1
212427,4,0,0_okno_n2
212515,3,0,0_okno_n1
212530,0,0,0_okno_n1
212705,2,0,0_okno_n1
212777,4,0,0_okno_n1
212778,0,0,0_okno_n3-4
212904,4,0,0_okno_n1
213020,0,1,1_pozaokno_n2
213054,0,0,0_okno_n3-4
213152,1,0,0_okno_n1
213236,1,0,0_okno_n1
213259,3,0,0_okno_n1
213358,1,0,0_okno_n2
213588,0,0,0_okno_n1
213638,2,0,0_okno_n2
213652,1,0,0_okno_n2
213922,0,0,0_okno_n1
214042,4,0,0_okno_n3-4
214131,0,0,0_okno_n2
214189,3,0,0_okno_n1
214253,2,0,0_okno_n3-4
214430,0,0,0_okno_n2
214478,3,0,0_okno_n2
214548,4,0,0_okno_n1
214593,2,0,0_okno_n1
214877,4,0,0_okno_n5+
214884,4,0,0_okno_n1
214937,0,0,0_okno_n3-4
215211,4,0,0_okno_n1
215232,2,0,0_okno_n1
215378,2,0,0_okno_n1
215424,2,0,0_okno_n1
215464,2,0,0_okno_n1
215477,1,0,0_okno_n1
215671,0,0,0_okno_n5+
215709,2,0,0_okno_n1
216020,1,0,0_okno_n1
216173,1,0,0_okno_n1
216187,0,0,0_okno_n1
216292,2,0,0_okno_n5+
216523,2,0,0_okno_n1
216570,2,0,0_okno_n1
216764,1,0,0_okno_n1
216828,3,0,0_okno_n5+
216907,1,0,0_okno_n2
217148,1,0,0_okno_n2
217548,1,0,0_okno_n1
217592,2,0,0_okno_n5+
217788,4,0,0_okno_n2
217802,2,0,0_okno_n2
217851,3,0,0_okno_n1
217898,4,0,0_okno_n3-4
218077,0,0,0_okno_n3-4
218163,2,0,0_okno_n1
218165,3,0,0_okno_n1
218573,0,0,0_okno_n1
218587,1,0,0_okno_n1
218603,1,1,1_okno_n5+
218938,3,0,0_okno_n3-4
219085,3,0,0_okno_n1
219323,4,0,0_okno_n2
219387,0,0,0_okno_n1
219500,3,0,0_okno_n2
219539,1,0,0_okno_n1
219605,2,0,0_okno_n1
219609,3,0,0_okno_n1
219727,2,0,0_okno_n3-4
219761,2,0,0_okno_n3-4
219800,1,0,0_okno_n1
219985,1,0,0_okno_n1
220035,2,0,0_okno_n1
220043,1,0,0_okno_n1
220107,2,0,0_okno_n5+
220120,3,0,0_okno_n2
220221,1,0,0_okno_n2
220258,2,0,0_okno_n3-4
220335,1,0,0_okno_n1
220349,0,0,0_okno_n1
220370,3,0,0_okno_n1
220657,1,0,0_okno_n3-4
220712,0,0,0_okno_n1
220990,0,0,0_okno_n1
221055,1,0,0_okno_n2
221145,4,0,0_okno_n1
221391,1,0,0_okno_n1
221395,4,0,0_okno_n1
221761,3,0,0_okno_n1
222066,4,0,0_okno_n1
222091,1,0,0_okno_n1
222106,1,0,0_okno_n2
222213,1,0,0_okno_n2
222343,3,0,0_okno_n3-4
222404,2,0,0_okno_n2
222767,4,0,0_okno_n2
222879,2,0,0_okno_n1
222887,1,0,0_okno_n1
222912,0,0,0_okno_n1
222921,2,0,0_okno_n2
222946,2,0,0_okno_n2
223032,0,0,0_okno_n1
223082,1,0,0_okno_n1
223088,0,0,0_okno_n1
223326,3,0,0_okno_n1
223481,0,1,1_okno_n1
223555,0,0,0_okno_n1
223562,2,0,0_okno_n2
223719,3,0,0_okno_n2
223723,2,0,0_okno_n2
223809,1,0,0_okno_n1
223830,0,0,0_okno_n2
224027,3,0,0_okno_n3-4
224035,4,0,0_okno_n1
224097,1,0,0_okno_n1
224340,2,0,0_okno_n3-4
224445,2,0,0_okno_n1
224547,4,0,0_okno_n5+
224568,0,0,0_okno_n5+
224584,3,0,0_okno_n1
224777,1,0,0_okno_n1
224896,2,0,0_okno_n2
225003,3,0,0_okno_n3-4
225270,2,1,1_okno_n1
225313,0,0,0_okno_n1
225444,0,0,0_okno_n2
225720,4,0,0_okno_n1
225782,0,0,0_okno_n1
225832,2,0,0_okno_n2
225855,1,0,0_okno_n2
225869,4,0,0_okno_n2
225949,3,0,0_okno_n5+
225998,2,0,0_okno_n1
226061,3,0,0_okno_n1
226103,3,0,0_okno_n1
226137,0,0,0_okno_n2
226283,2,0,0_okno_n1
226302,2,0,0_okno_n2
226614,0,0,0_okno_n3-4
226758,0,1,1_pozaokno_n2
226803,2,0,0_okno_n1
226814,2,0,0_okno_n2
226853,0,0,0_okno_n3-4
226870,1,0,0_okno_n1
227010,1,0,0_okno_n1
227225,4,0,0_okno_n2
227298,1,0,0_okno_n2
227356,1,0,0_okno_n5+
227672,0,0,0_okno_n3-4
227723,0,0,0_okno_n2
227751,2,0,0_okno_n3-4
227867,2,0,0_okno_n2
228034,2,0,0_okno_n2
228107,0,0,0_okno_n2
228177,4,0,0_okno_n3-4
228199,3,0,0_okno_n5+
228206,2,0,0_okno_n2
228464,2,0,0_okno_n1
228466,2,0,0_okno_n1
228565,4,0,0_okno_n1
228641,1,0,0_okno_n1
228647,2,0,0_okno_n1
228707,0,1,1_pozaokno_n2
228785,4,0,0_okno_n3-4
228959,0,0,0_okno_n1
229079,0,0,0_okno_n1
229133,3,0,0_okno_n5+
229177,2,0,0_okno_n1
229202,4,0,0_okno_n1
229262,1,0,0_okno_n5+
229456,2,0,0_okno_n2
229479,1,0,0_okno_n1
229672,4,0,0_okno_n2
229847,0,1,1_pozaokno_n5+
229884,1,0,0_okno_n1
229990,2,0,0_okno_n1
230032,0,0,0_okno_n1
230071,0,0,0_okno_n1
230102,0,0,0_okno_n1
230128,0,0,0_okno_n1
230289,2,0,0_okno_n3-4
230440,4,0,0_okno_n3-4
230443,4,0,0_okno_n3-4
230490,4,0,0_okno_n3-4
230612,2,1,1_pozaokno_n1
230756,4,0,0_okno_n5+
231131,4,0,0_okno_n3-4
231153,0,0,0_okno_n2
231259,2,0,0_okno_n1
231519,0,0,0_okno_n1
231589,0,0,0_okno_n1
231617,0,0,0_okno_n2
231672,2,0,0_okno_n1
231688,0,0,0_okno_n3-4
231694,3,0,0_okno_n5+
231702,4,0,0_okno_n1
231840,3,0,0_okno_n1
231910,1,0,0_okno_n3-4
231913,1,0,0_okno_n2
231977,1,0,0_okno_n1
232003,3,0,0_okno_n1
232044,1,0,0_okno_n1
232061,3,0,0_okno_n1
232097,3,0,0_okno_n1
232123,3,0,0_okno_n5+
232288,2,0,0_okno_n3-4
232448,4,0,0_okno_n1
232464,4,0,0_okno_n1
232494,2,0,0_okno_n2
232682,2,0,0_okno_n2
232729,1,0,0_okno_n1
232951,1,1,1_pozaokno_n1
232958,3,0,0_okno_n1
232960,1,0,0_okno_n1
232983,4,0,0_okno_n2
233097,4,0,0_okno_n5+
233219,2,0,0_okno_n2
233248,1,0,0_okno_n3-4
233256,3,0,0_okno_n1
233324,0,0,0_okno_n3-4
233482,3,0,0_okno_n3-4
233494,2,0,0_okno_n1
233818,1,0,0_okno_n1
233947,0,0,0_okno_n1
233984,0,0,0_okno_n1
234110,3,0,0_okno_n1
234156,3,0,0_okno_n3-4
234217,1,0,0_okno_n3-4
234219,2,0,0_okno_n2
234517,0,0,0_okno_n3-4
234535,4,0,0_okno_n1
234549,2,0,0_okno_n1
234572,1,0,0_okno_n2
234687,0,0,0_okno_n5+
234808,4,0,0_okno_n1
235189,1,0,0_okno_n1
235193,0,0,0_okno_n1
235303,0,1,1_pozaokno_n3-4
235362,3,0,0_okno_n1
235387,2,0,0_okno_n2
235552,4,0,0_okno_n1
235844,2,0,0_okno_n1
235911,4,0,0_okno_n1
236067,3,0,0_okno_n2
236110,4,0,0_okno_n1
236113,3,0,0_okno_n2
236186,4,0,0_okno_n3-4
236307,1,0,0_okno_n1
236347,0,0,0_okno_n1
236530,4,0,0_okno_n1
236534,3,1,1_pozaokno_n5+
236562,3,0,0_okno_n2
237131,2,0,0_okno_n1
237189,2,0,0_okno_n1
237193,2,0,0_okno_n1
237258,3,0,0_okno_n1
237363,1,0,0_okno_n2
237540,3,0,0_okno_n1
237595,0,1,1_pozaokno_n3-4
237648,0,0,0_okno_n5+
237811,2,0,0_okno_n1
237931,4,0,0_okno_n2
237959,2,0,0_okno_n2
237982,3,0,0_okno_n3-4
238156,2,0,0_okno_n2
238282,2,0,0_okno_n3-4
238355,0,0,0_okno_n3-4
238448,4,0,0_okno_n1
238451,1,0,0_okno_n2
238499,3,0,0_okno_n2
238551,1,0,0_okno_n1
238577,1,0,0_okno_n1
238620,2,0,0_okno_n3-4
238688,1,0,0_okno_n2
238791,4,0,0_okno_n1
238839,4,0,0_okno_n3-4
238859,1,0,0_okno_n1
238943,4,0,0_okno_n2
238977,1,0,0_okno_n1
239419,0,0,0_okno_n1
239525,2,0,0_okno_n1
239675,0,1,1_pozaokno_n1
239965,4,0,0_okno_n1
239982,1,0,0_okno_n3-4
240247,4,0,0_okno_n2
240321,0,0,0_okno_n5+
240735,0,0,0_okno_n3-4
240748,3,0,0_okno_n5+
240817,4,0,0_okno_n5+
240899,0,0,0_okno_n1
240939,4,0,0_okno_n3-4
240942,1,1,1_pozaokno_n1
241002,3,0,0_okno_n1
241108,2,0,0_okno_n5+
241189,0,0,0_okno_n2
241236,1,0,0_okno_n1
241316,0,0,0_okno_n1
241358,0,0,0_okno_n5+
241650,0,0,0_okno_n1
241728,0,0,0_okno_n1
241817,3,0,0_okno_n1
241844,0,1,1_pozaokno_n5+
242129,3,0,0_okno_n2
242307,4,0,0_okno_n3-4
242343,0,0,0_okno_n1
242377,1,0,0_okno_n1
242388,1,0,0_okno_n1
242407,1,0,0_okno_n3-4
242419,1,0,0_okno_n2
242449,3,0,0_okno_n1
242454,0,0,0_okno_n2
242473,2,1,1_pozaokno_n5+
242995,1,0,0_okno_n1
243121,3,0,0_okno_n3-4
243131,1,0,0_okno_n1
243175,4,0,0_okno_n1
243237,3,0,0_okno_n1
243244,2,0,0_okno_n1
243457,3,0,0_okno_n1
243472,4,0,0_okno_n1
243558,2,0,0_okno_n1
243647,3,0,0_okno_n2
243734,3,0,0_okno_n3-4
243854,1,0,0_okno_n5+
243974,3,0,0_okno_n1
243985,3,0,0_okno_n3-4
243986,3,0,0_okno_n2
244058,1,0,0_okno_n2
244278,3,0,0_okno_n3-4
244339,1,0,0_okno_n2
244399,2,0,0_okno_n2
244427,0,0,0_okno_n3-4
244636,0,0,0_okno_n2
244876,4,0,0_okno_n2
244914,2,0,0_okno_n2
245027,3,0,0_okno_n1
245035,4,0,0_okno_n5+
245105,3,0,0_okno_n5+
245114,1,0,0_okno_n1
245217,4,0,0_okno_n5+
245271,4,0,0_okno_n1
245401,3,0,0_okno_n1
245416,4,0,0_okno_n1
245454,3,0,0_okno_n2
245539,1,0,0_okno_n2
245601,0,0,0_okno_n1
245674,2,0,0_okno_n1
245833,4,0,0_okno_n2
245966,2,0,0_okno_n2
246011,4,0,0_okno_n3-4
246017,2,0,0_okno_n2
246361,1,0,0_okno_n1
246369,0,0,0_okno_n2
246397,0,0,0_okno_n1
246733,0,0,0_okno_n2
246796,0,0,0_okno_n1
246817,1,0,0_okno_n3-4
246910,3,0,0_okno_n1
246990,4,0,0_okno_n2
247371,4,0,0_okno_n1
247567,1,1,1_pozaokno_n5+
247568,0,0,0_okno_n1
247694,1,1,1_pozaokno_n5+
247853,2,0,0_okno_n1
247881,3,0,0_okno_n1
247939,1,0,0_okno_n2
248007,0,0,0_okno_n2
248027,1,0,0_okno_n1
248067,4,0,0_okno_n3-4
248123,4,0,0_okno_n2
248197,1,0,0_okno_n5+
248550,0,0,0_okno_n1
248716,2,0,0_okno_n1
248820,1,0,0_okno_n3-4
248834,0,0,0_okno_n1
248851,3,0,0_okno_n1
248857,3,0,0_okno_n1
248859,1,0,0_okno_n2
248875,3,0,0_okno_n1
249109,2,0,0_okno_n5+
249147,4,0,0_okno_n1
249164,3,0,0_okno_n1
249244,3,0,0_okno_n3-4
249273,3,0,0_okno_n1
249355,0,0,0_okno_n1
249402,4,0,0_okno_n1
250151,2,0,0_okno_n1
250270,4,0,0_okno_n2
250299,3,1,1_okno_n1
250445,4,0,0_okno_n3-4
250668,3,0,0_okno_n2
250747,4,0,0_okno_n1
251095,2,0,0_okno_n2
251178,0,0,0_okno_n1
251229,2,0,0_okno_n2
251265,4,0,0_okno_n2
251294,2,0,0_okno_n1
251471,3,0,0_okno_n1
251549,2,0,0_okno_n1
251581,3,0,0_okno_n5+
251848,0,0,0_okno_n1
252022,1,0,0_okno_n1
252066,4,0,0_okno_n1
252074,2,0,0_okno_n3-4
252160,3,0,0_okno_n1
252248,0,0,0_okno_n2
252669,4,0,0_okno_n5+
252681,0,0,0_okno_n1
252746,4,0,0_okno_n1
252779,3,0,0_okno_n2
253074,4,0,0_okno_n3-4
253096,3,0,0_okno_n1
253128,1,0,0_okno_n2
253221,2,0,0_okno_n2
253356,2,0,0_okno_n1
253648,4,0,0_okno_n1
253682,4,0,0_okno_n2
253783,1,0,0_okno_n5+
253857,4,0,0_okno_n2
253862,2,0,0_okno_n1
254189,2,0,0_okno_n1
254212,2,0,0_okno_n1
254255,0,0,0_okno_n1
254605,3,0,0_okno_n2
254685,2,0,0_okno_n3-4
254915,0,0,0_okno_n1
254994,3,0,0_okno_n2
255074,0,0,0_okno_n1
255114,4,0,0_okno_n2
255492,1,0,0_okno_n1
255603,0,1,1_pozaokno_n1
255671,2,0,0_okno_n1
255935,0,0,0_okno_n5+
255964,0,0,0_okno_n2
256156,0,0,0_okno_n1
256160,4,0,0_okno_n3-4
256224,0,0,0_okno_n3-4
256308,1,0,0_okno_n1
256310,2,0,0_okno_n2
256465,0,0,0_okno_n5+
256574,1,0,0_okno_n1
256578,4,0,0_okno_n3-4
256777,3,0,0_okno_n1
256888,0,0,0_okno_n1
256974,1,0,0_okno_n2
257099,1,0,0_okno_n1
257134,1,0,0_okno_n2
257183,1,0,0_okno_n3-4
257314,3,0,0_okno_n1
257436,0,0,0_okno_n3-4
257536,1,0,0_okno_n3-4
257754,0,0,0_okno_n1
257812,2,0,0_okno_n5+
257911,0,0,0_okno_n1
258300,1,0,0_okno_n1
258322,1,0,0_okno_n3-4
258353,1,0,0_okno_n3-4
258384,2,0,0_okno_n1
258446,0,0,0_okno_n2
258465,1,0,0_okno_n2
258491,1,0,0_okno_n1
258570,4,0,0_okno_n1
258645,0,0,0_okno_n3-4
258796,2,0,0_okno_n1
258861,3,0,0_okno_n1
258874,2,0,0_okno_n1
258889,3,0,0_okno_n3-4
258900,2,0,0_okno_n1
258915,4,0,0_okno_n1
258974,3,0,0_okno_n2
259028,2,0,0_okno_n1
259082,2,0,0_okno_n1
259127,1,0,0_okno_n2
259203,0,0,0_okno_n1
259226,2,0,0_okno_n1
259376,1,0,0_okno_n5+
259463,4,0,0_okno_n5+
259482,1,0,0_okno_n1
259488,3,0,0_okno_n1
259556,0,0,0_okno_n1
259583,4,0,0_okno_n1
259636,1,0,0_okno_n1
259781,0,0,0_okno_n5+
259867,1,0,0_okno_n1
259889,3,0,0_okno_n1
259937,2,0,0_okno_n1
260128,0,0,0_okno_n5+
260141,3,0,0_okno_n1
260146,2,0,0_okno_n1
260231,0,1,1_pozaokno_n2
260506,3,0,0_okno_n2
260604,2,0,0_okno_n1
260606,3,1,1_pozaokno_n5+
260727,1,0,0_okno_n2
260770,2,0,0_okno_n1
260815,1,0,0_okno_n2
260879,1,0,0_okno_n1
261160,3,0,0_okno_n3-4
261176,3,1,1_pozaokno_n2
261190,3,0,0_okno_n5+
261193,0,0,0_okno_n1
261583,0,0,0_okno_n5+
261609,2,0,0_okno_n3-4
261655,2,0,0_okno_n2
261739,2,0,0_okno_n5+
261925,2,0,0_okno_n1
262238,4,0,0_okno_n1
262393,1,0,0_okno_n3-4
262474,3,0,0_okno_n2
262593,3,0,0_okno_n1
262594,1,0,0_okno_n3-4
262669,2,0,0_okno_n1
262876,1,0,0_okno_n2
262900,2,0,0_okno_n1
263027,3,0,0_okno_n1
263152,4,0,0_okno_n1
263217,2,0,0_okno_n1
263275,2,0,0_okno_n1
263300,2,0,0_okno_n1
263313,0,0,0_okno_n3-4
263390,2,0,0_okno_n1
263553,4,0,0_okno_n3-4
263627,1,0,0_okno_n2
263670,0,0,0_okno_n2
263825,1,0,0_okno_n5+
263915,0,0,0_okno_n1
264158,3,0,0_okno_n2
264330,1,0,0_okno_n3-4
264427,4,0,0_okno_n1
264599,3,0,0_okno_n1
264675,1,0,0_okno_n3-4
264739,1,0,0_okno_n1
264815,0,0,0_okno_n1
264835,1,0,0_okno_n1
265245,3,0,0_okno_n1
265269,2,0,0_okno_n1
265338,0,0,0_okno_n1
265475,3,0,0_okno_n1
265538,0,0,0_okno_n1
265545,4,0,0_okno_n2
265612,4,0,0_okno_n2
265720,4,0,0_okno_n1
265857,3,0,0_okno_n1
266001,4,0,0_okno_n2
266060,4,0,0_okno_n1
266098,4,0,0_okno_n2
266119,0,0,0_okno_n1
266808,1,0,0_okno_n1
266815,2,0,0_okno_n1
266889,1,0,0_okno_n1
267440,3,0,0_okno_n1
267454,1,0,0_okno_n2
267573,1,0,0_okno_n1
267866,2,0,0_okno_n5+
268155,3,0,0_okno_n2
268222,0,0,0_okno_n3-4
268244,0,0,0_okno_n5+
268572,3,0,0_okno_n5+
268730,0,0,0_okno_n2
268866,4,0,0_okno_n1
269249,1,0,0_okno_n1
269444,1,0,0_okno_n1
269548,1,0,0_okno_n5+
269806,0,0,0_okno_n1
269824,4,0,0_okno_n3-4
269838,1,0,0_okno_n2
270142,3,0,0_okno_n5+
270281,4,0,0_okno_n1
270418,4,0,0_okno_n1
270500,4,1,1_pozaokno_n3-4
270504,2,0,0_okno_n5+
270508,3,0,0_okno_n1
270546,4,0,0_okno_n1
270805,3,0,0_okno_n3-4
270996,1,0,0_okno_n1
271048,4,0,0_okno_n2
271273,2,0,0_okno_n3-4
271444,3,0,0_okno_n5+
271928,2,0,0_okno_n1
272269,4,0,0_okno_n1
272406,4,0,0_okno_n2
272620,1,0,0_okno_n1
272749,3,0,0_okno_n1
272788,1,0,0_okno_n3-4
272876,0,0,0_okno_n1
272895,2,0,0_okno_n2
272918,1,0,0_okno_n1
273011,2,0,0_okno_n1
273023,1,0,0_okno_n1
273038,3,0,0_okno_n1
273166,3,0,0_okno_n3-4
273167,2,0,0_okno_n1
273306,2,0,0_okno_n2
273312,4,0,0_okno_n1
273406,0,0,0_okno_n1
273476,4,0,0_okno_n3-4
273577,1,0,0_okno_n1
273592,4,0,0_okno_n1
273664,4,0,0_okno_n1
273674,0,0,0_okno_n1
274020,4,0,0_okno_n1
274302,0,0,0_okno_n1
274324,2,0,0_okno_n3-4
274334,0,0,0_okno_n1
274637,3,0,0_okno_n2
274672,4,0,0_okno_n3-4
274851,0,0,0_okno_n5+
275003,1,0,0_okno_n1
275022,4,0,0_okno_n2
275157,4,0,0_okno_n1
275225,4,0,0_okno_n1
275287,4,0,0_okno_n2
275322,0,0,0_okno_n2
275424,4,0,0_okno_n1
275472,3,0,0_okno_n3-4
275528,0,0,0_okno_n2
275706,3,0,0_okno_n1
275836,4,0,0_okno_n3-4
275960,0,0,0_okno_n1
275968,1,0,0_okno_n1
276173,1,0,0_okno_n2
276222,0,0,0_okno_n3-4
276330,3,0,0_okno_n1
276355,2,0,0_okno_n2
276541,3,0,0_okno_n3-4
276548,0,0,0_okno_n2
276802,1,0,0_okno_n2
276820,2,0,0_okno_n1
276929,3,0,0_okno_n1
277102,0,0,0_okno_n1
277199,3,0,0_okno_n3-4
277211,4,0,0_okno_n1
277288,0,0,0_okno_n5+
277492,3,1,1_pozaokno_n5+
277571,1,0,0_okno_n1
277621,3,0,0_okno_n2
277633,4,1,1_pozaokno_n1
277637,4,0,0_okno_n2
277688,4,0,0_okno_n1
278006,1,0,0_okno_n2
278183,4,0,0_okno_n1
278205,3,0,0_okno_n2
278367,0,0,0_okno_n1
278444,4,0,0_okno_n2
278482,3,0,0_okno_n1
278484,4,0,0_okno_n3-4
278573,1,0,0_okno_n1
278711,4,0,0_okno_n2
278917,2,0,0_okno_n3-4
278922,3,0,0_okno_n1
279153,2,0,0_okno_n1
279293,3,0,0_okno_n1
279411,0,0,0_okno_n1
279422,3,0,0_okno_n3-4
279444,0,0,0_okno_n2
279504,4,1,1_pozaokno_n5+
279646,1,0,0_okno_n2
279708,3,0,0_okno_n1
279725,3,0,0_okno_n2
279733,0,1,1_pozaokno_n2
279741,1,0,0_okno_n1
279885,3,0,0_okno_n1
280231,4,0,0_okno_n1
280232,0,0,0_okno_n1
280294,4,0,0_okno_n3-4
280370,0,0,0_okno_n1
280398,4,0,0_okno_n3-4
280400,1,0,0_okno_n1
280522,0,0,0_okno_n5+
280523,0,0,0_okno_n2
280636,4,0,0_okno_n1
280648,1,1,1_pozaokno_n3-4
281012,1,0,0_okno_n3-4
281105,0,0,0_okno_n2
281134,0,0,0_okno_n1
281260,2,0,0_okno_n1
281378,3,1,1_pozaokno_n1
281423,1,0,0_okno_n3-4
281652,3,0,0_okno_n1
281722,4,0,0_okno_n5+
281784,1,0,0_okno_n1
281890,0,0,0_okno_n2
282061,1,0,0_okno_n2
282116,1,0,0_okno_n2
282341,0,0,0_okno_n1
282390,3,0,0_okno_n1
282473,4,0,0_okno_n3-4
282491,3,0,0_okno_n3-4
282783,2,0,0_okno_n1
282794,3,0,0_okno_n1
282858,1,0,0_okno_n1
282859,4,0,0_okno_n1
282909,2,0,0_okno_n2
283048,1,0,0_okno_n1
283491,4,0,0_okno_n1
283578,2,0,0_okno_n1
283634,0,0,0_okno_n1
283680,3,0,0_okno_n3-4
283715,2,0,0_okno_n1
283718,3,0,0_okno_n2
283774,0,0,0_okno_n1
283804,4,0,0_okno_n2
283894,1,0,0_okno_n5+
283934,0,0,0_okno_n2
284026,2,0,0_okno_n1
284029,3,0,0_okno_n3-4
284238,2,0,0_okno_n1
284359,4,0,0_okno_n1
284423,0,0,0_okno_n1
284428,2,0,0_okno_n1
284444,4,0,0_okno_n2
284451,1,0,0_okno_n1
284472,4,1,1_pozaokno_n1
284530,0,0,0_okno_n2
284553,4,0,0_okno_n1
284556,2,0,0_okno_n1
284641,2,0,0_okno_n3-4
285243,3,0,0_okno_n1
285327,0,0,0_okno_n2
285452,4,0,0_okno_n3-4
285632,2,0,0_okno_n1
285643,1,0,0_okno_n1
285667,0,0,0_okno_n1
285680,2,0,0_okno_n1
285705,1,0,0_okno_n1
285861,0,0,0_okno_n1
285922,4,0,0_okno_n2
285977,4,0,0_okno_n2
286020,4,0,0_okno_n1
286106,1,0,0_okno_n2
286130,1,0,0_okno_n3-4
286220,1,0,0_okno_n1
286254,2,0,0_okno_n3-4
286271,2,0,0_okno_n1
286491,1,0,0_okno_n3-4
286522,4,0,0_okno_n1
286626,2,0,0_okno_n2
286696,1,0,0_okno_n1
286764,2,0,0_okno_n5+
286864,0,0,0_okno_n3-4
287228,4,0,0_okno_n1
287312,4,1,1_pozaokno_n1
287555,3,0,0_okno_n5+
287589,1,1,1_okno_n2
287613,3,0,0_okno_n3-4
287672,2,0,0_okno_n1
287950,3,0,0_okno_n2
287968,1,0,0_okno_n1
287984,2,0,0_okno_n2
288114,4,0,0_okno_n2
288119,4,0,0_okno_n1
288134,0,0,0_okno_n3-4
288176,0,0,0_okno_n5+
288385,2,0,0_okno_n1
288420,0,0,0_okno_n3-4
288432,3,0,0_okno_n1
288459,2,0,0_okno_n5+
288844,2,0,0_okno_n5+
288942,0,0,0_okno_n1
289123,1,0,0_okno_n2
289311,4,0,0_okno_n1
289513,0,0,0_okno_n1
289594,4,0,0_okno_n2
289600,1,0,0_okno_n1
289766,3,0,0_okno_n1
289774,0,0,0_okno_n1
289779,1,0,0_okno_n2
289803,0,0,0_okno_n1
289837,4,0,0_okno_n1
289850,3,0,0_okno_n2
289927,2,0,0_okno_n2
290130,2,0,0_okno_n2
290131,2,0,0_okno_n5+
290164,0,0,0_okno_n1
290171,3,0,0_okno_n5+
290203,1,0,0_okno_n1
290253,2,0,0_okno_n3-4
290417,2,0,0_okno_n1
290422,3,0,0_okno_n3-4
290661,0,0,0_okno_n2
290782,0,0,0_okno_n1
290848,2,0,0_okno_n2
290939,3,0,0_okno_n1
291127,3,0,0_okno_n1
291259,1,0,0_okno_n3-4
291309,0,0,0_okno_n3-4
291347,0,0,0_okno_n1
291373,3,0,0_okno_n3-4
291741,3,0,0_okno_n2
291773,4,0,0_okno_n3-4
291875,3,0,0_okno_n1
291945,3,0,0_okno_n1
292008,1,0,0_okno_n2
292048,4,0,0_okno_n5+
292053,4,0,0_okno_n3-4
292065,2,0,0_okno_n5+
292074,1,0,0_okno_n1
292202,3,0,0_okno_n1
292238,4,0,0_okno_n3-4
292242,3,0,0_okno_n2
292245,0,0,0_okno_n1
292253,0,0,0_okno_n3-4
292422,0,0,0_okno_n1
292430,2,1,1_pozaokno_n1
292462,2,0,0_okno_n1
292544,0,0,0_okno_n2
292552,3,0,0_okno_n2
292554,3,0,0_okno_n1
292748,1,0,0_okno_n1
292761,4,0,0_okno_n2
292838,1,0,0_okno_n1
292940,3,0,0_okno_n1
292943,2,0,0_okno_n2
293059,4,0,0_okno_n1
293062,1,0,0_okno_n2
293107,0,0,0_okno_n1
293144,2,0,0_okno_n1
293239,3,0,0_okno_n3-4
293550,0,0,0_okno_n1
293566,3,0,0_okno_n1
293701,2,1,1_pozaokno_n5+
293761,1,0,0_okno_n1
293814,0,0,0_okno_n1
293831,2,0,0_okno_n1
293890,4,0,0_okno_n1
293970,4,0,0_okno_n1
294149,3,0,0_okno_n1
294186,3,0,0_okno_n1
294194,2,0,0_okno_n5+
294209,3,0,0_okno_n2
294276,3,0,0_okno_n1
294399,3,0,0_okno_n1
294430,0,0,0_okno_n1
294561,2,0,0_okno_n1
294656,4,0,0_okno_n1
294881,1,0,0_okno_n3-4
295052,3,0,0_okno_n1
295332,2,0,0_okno_n5+
295375,1,0,0_okno_n1
295546,4,0,0_okno_n2
295593,0,0,0_okno_n2
295620,3,0,0_okno_n1
295680,4,0,0_okno_n1
295930,2,0,0_okno_n3-4
296135,1,0,0_okno_n2
296307,3,0,0_okno_n1
296349,1,0,0_okno_n1
296434,3,0,0_okno_n3-4
296472,3,0,0_okno_n3-4
296631,3,0,0_okno_n1
296788,0,0,0_okno_n2
296903,3,0,0_okno_n3-4
297010,4,0,0_okno_n1
297098,2,0,0_okno_n1
297306,2,0,0_okno_n2
297321,3,0,0_okno_n1
297339,4,0,0_okno_n1
297427,3,0,0_okno_n2
297558,3,0,0_okno_n5+
297719,2,0,0_okno_n2
297728,2,0,0_okno_n3-4
297794,0,0,0_okno_n2
297822,2,0,0_okno_n1
297934,3,0,0_okno_n5+
297996,1,0,0_okno_n1
298016,3,0,0_okno_n1
298124,0,0,0_okno_n1
298356,3,0,0_okno_n2
298397,0,0,0_okno_n1
298452,3,0,0_okno_n1
298489,3,0,0_okno_n1
298581,1,0,0_okno_n1
298600,1,1,1_pozaokno_n2
298602,0,0,0_okno_n1
298683,0,1,1_pozaokno_n1
298782,1,1,1_pozaokno_n2
298832,0,0,0_okno_n3-4
299039,4,0,0_okno_n3-4
299339,4,0,0_okno_n5+
299343,0,0,0_okno_n1
299482,1,0,0_okno_n2
299613,4,0,0_okno_n5+
299660,1,0,0_okno_n5+
299830,2,0,0_okno_n3-4
299926,2,0,0_okno_n2
300146,0,0,0_okno_n1
300332,2,0,0_okno_n1
300375,1,1,1_pozaokno_n1
300676,3,0,0_okno_n5+
300848,0,0,0_okno_n2
300879,2,0,0_okno_n2
300933,1,0,0_okno_n1
301074,4,0,0_okno_n2
301267,0,0,0_okno_n1
301329,4,0,0_okno_n1
301335,2,0,0_okno_n1
301430,2,0,0_okno_n1
301448,2,0,0_okno_n3-4
301478,3,0,0_okno_n5+
301509,2,0,0_okno_n3-4
301724,0,0,0_okno_n1
301788,3,0,0_okno_n3-4
301819,2,0,0_okno_n1
302040,3,0,0_okno_n1
302268,1,0,0_okno_n1
302319,0,0,0_okno_n1
302459,1,0,0_okno_n1
302606,0,0,0_okno_n2
302660,0,0,0_okno_n2
302702,2,0,0_okno_n1
302744,2,0,0_okno_n1
303016,2,0,0_okno_n1
303022,3,0,0_okno_n1
303134,3,0,0_okno_n1
303162,0,0,0_okno_n3-4
303344,0,1,1_pozaokno_n2
303399,4,0,0_okno_n5+
303485,0,0,0_okno_n5+
303572,2,0,0_okno_n1
303637,1,0,0_okno_n1
303695,3,0,0_okno_n1
303911,4,0,0_okno_n1
304116,0,0,0_okno_n3-4
304126,0,0,0_okno_n2
304222,3,0,0_okno_n1
304250,4,0,0_okno_n1
304264,2,0,0_okno_n2
304338,4,0,0_okno_n1
304367,0,0,0_okno_n1
304676,1,0,0_okno_n1
304703,3,0,0_okno_n1
305378,4,0,0_okno_n1
305509,0,0,0_okno_n5+
305531,2,0,0_okno_n3-4
305541,3,0,0_okno_n2
305548,4,0,0_okno_n1
305611,0,0,0_okno_n1
305842,3,0,0_okno_n2
305871,3,0,0_okno_n2
305915,0,0,0_okno_n1
305936,1,0,0_okno_n5+
305953,1,0,0_okno_n2
306256,3,1,1_pozaokno_n3-4
306272,0,0,0_okno_n2
306286,4,0,0_okno_n3-4
306381,2,0,0_okno_n3-4
306396,2,0,0_okno_n1
306414,0,1,1_pozaokno_n3-4
306460,1,0,0_okno_n1
306528,4,0,0_okno_n1
306555,3,0,0_okno_n2
306623,2,0,0_okno_n1
306647,0,0,0_okno_n5+
306691,3,0,0_okno_n1
306752,0,1,1_pozaokno_n5+
306977,4,0,0_okno_n5+
306986,4,0,0_okno_n1
307024,3,0,0_okno_n3-4
307043,3,0,0_okno_n1
307682,1,0,0_okno_n1
307738,1,0,0_okno_n5+
307743,4,0,0_okno_n1
307851,0,0,0_okno_n1
308147,3,0,0_okno_n1
308151,2,0,0_okno_n5+
308405,0,0,0_okno_n2
308598,4,0,0_okno_n1
308613,2,0,0_okno_n1
308669,4,0,0_okno_n2
308698,4,0,0_okno_n1
308861,2,0,0_okno_n1
308974,4,0,0_okno_n1
309295,4,0,0_okno_n2
309304,2,0,0_okno_n3-4
309330,4,0,0_okno_n1
309775,2,0,0_okno_n1
309776,3,0,0_okno_n1
309854,4,0,0_okno_n3-4
309988,0,0,0_okno_n1
310005,4,0,0_okno_n1
310112,2,0,0_okno_n2
310160,3,0,0_okno_n2
310176,3,0,0_okno_n5+
310245,1,1,1_pozaokno_n2
310694,0,0,0_okno_n3-4
310783,2,0,0_okno_n3-4
310816,1,0,0_okno_n5+
310902,2,0,0_okno_n1
310925,4,0,0_okno_n3-4
311127,0,0,0_okno_n3-4
311192,1,0,0_okno_n1
311377,1,0,0_okno_n5+
311380,4,0,0_okno_n1
311383,4,0,0_okno_n5+
311617,3,0,0_okno_n1
311652,2,0,0_okno_n2
311747,4,0,0_okno_n2
311902,2,0,0_okno_n1
311938,3,0,0_okno_n1
311957,3,0,0_okno_n1
311986,2,0,0_okno_n2
312125,1,1,1_pozaokno_n1
312135,0,0,0_okno_n1
312138,1,0,0_okno_n2
312402,3,0,0_okno_n1
312411,2,0,0_okno_n2
312534,2,0,0_okno_n5+
312544,2,0,0_okno_n1
312549,4,0,0_okno_n1
312564,3,0,0_okno_n1
313082,3,0,0_okno_n2
313121,1,0,0_okno_n2
313149,1,0,0_okno_n1
313259,3,1,1_pozaokno_n3-4
313488,1,0,0_okno_n1
313671,0,0,0_okno_n2
313782,1,0,0_okno_n2
314188,0,0,0_okno_n1
314205,4,0,0_okno_n1
314422,3,0,0_okno_n1
314498,3,0,0_okno_n1
314535,1,0,0_okno_n1
314612,0,0,0_okno_n5+
314673,1,0,0_okno_n2
314868,1,0,0_okno_n2
314894,3,0,0_okno_n1
315069,4,0,0_okno_n3-4
315149,2,0,0_okno_n1
315180,2,0,0_okno_n1
315258,2,0,0_okno_n1
315274,3,0,0_okno_n1
315365,2,0,0_okno_n1
315407,2,0,0_okno_n2
315511,3,0,0_okno_n1
315916,0,0,0_okno_n2
316210,0,0,0_okno_n1
316395,1,0,0_okno_n1
316569,4,0,0_okno_n1
316630,1,0,0_okno_n2
316765,2,1,1_pozaokno_n1
316806,2,0,0_okno_n1
316862,0,0,0_okno_n5+
317035,3,1,1_okno_n2
317076,1,0,0_okno_n3-4
317300,2,0,0_okno_n2
317414,1,0,0_okno_n1
317504,2,0,0_okno_n1
317509,0,0,0_okno_n3-4
317651,2,0,0_okno_n3-4
317856,0,0,0_okno_n1
317893,1,0,0_okno_n1
318094,4,0,0_okno_n3-4
318099,1,0,0_okno_n1
318310,0,0,0_okno_n2
318369,2,0,0_okno_n1
318372,4,0,0_okno_n1
318552,0,0,0_okno_n1
318633,4,0,0_okno_n3-4
318853,4,0,0_okno_n1
318929,2,0,0_okno_n5+
318939,4,0,0_okno_n3-4
319230,0,0,0_okno_n1
319379,2,0,0_okno_n2
319630,0,0,0_okno_n3-4
319919,2,0,0_okno_n1
320006,4,0,0_okno_n3-4
320095,0,0,0_okno_n1
320291,2,0,0_okno_n2
320420,2,0,0_okno_n1
320452,2,0,0_okno_n1
320481,3,0,0_okno_n2
320594,4,0,0_okno_n1
321049,4,1,1_pozaokno_n2
321056,1,0,0_okno_n2
321073,1,0,0_okno_n1
321081,4,1,1_pozaokno_n5+
321091,1,0,0_okno_n2
321101,3,0,0_okno_n5+
321325,4,0,0_okno_n1
321456,2,0,0_okno_n1
321503,4,0,0_okno_n1
321644,2,1,1_pozaokno_n1
321674,4,0,0_okno_n2
322010,2,0,0_okno_n2
322115,0,0,0_okno_n5+
322164,0,0,0_okno_n2
322330,0,0,0_okno_n2
322333,4,0,0_okno_n1
322443,2,0,0_okno_n2
322637,0,0,0_okno_n1
322751,2,0,0_okno_n1
322862,3,0,0_okno_n3-4
322875,2,0,0_okno_n1
323237,4,0,0_okno_n2
323440,2,0,0_okno_n1
323730,2,0,0_okno_n1
323892,4,0,0_okno_n1
324007,0,0,0_okno_n2
324129,4,0,0_okno_n2
324280,4,0,0_okno_n1
324476,0,0,0_okno_n1
324553,0,0,0_okno_n1
324697,0,0,0_okno_n1
325049,3,0,0_okno_n5+
325159,4,0,0_okno_n1
325208,2,0,0_okno_n1
325226,4,0,0_okno_n1
325290,3,0,0_okno_n1
325359,0,1,1_pozaokno_n5+
325406,2,0,0_okno_n1
325849,1,0,0_okno_n1
325991,0,1,1_pozaokno_n1
326128,2,0,0_okno_n3-4
326307,0,0,0_okno_n1
326793,1,0,0_okno_n1
327087,0,1,1_okno_n1
327169,0,0,0_okno_n2
327476,0,0,0_okno_n1
327617,4,0,0_okno_n2
327672,4,0,0_okno_n3-4
327771,3,0,0_okno_n1
327852,0,0,0_okno_n1
327880,1,0,0_okno_n1
327890,4,0,0_okno_n1
328012,1,0,0_okno_n3-4
328035,4,0,0_okno_n3-4
328053,1,0,0_okno_n1
328100,4,0,0_okno_n2
328225,2,0,0_okno_n1
328288,0,0,0_okno_n5+
328529,4,0,0_okno_n2
328618,3,0,0_okno_n3-4
328729,3,0,0_okno_n1
328744,3,0,0_okno_n1
328799,0,0,0_okno_n5+
328979,1,0,0_okno_n1
329031,2,0,0_okno_n1
329034,0,0,0_okno_n5+
329066,2,0,0_okno_n1
329086,4,0,0_okno_n5+
329131,1,0,0_okno_n2
329574,0,0,0_okno_n3-4
329693,4,0,0_okno_n2
329886,1,0,0_okno_n2
329948,3,0,0_okno_n1
329986,1,0,0_okno_n1
330001,2,0,0_okno_n1
330301,4,1,1_okno_n2
330332,4,0,0_okno_n1
330345,4,0,0_okno_n3-4
330621,3,1,1_pozaokno_n3-4
330929,0,0,0_okno_n1
330945,1,0,0_okno_n1
330956,0,1,1_pozaokno_n5+
331306,1,0,0_okno_n1
331321,0,0,0_okno_n1
331377,4,0,0_okno_n1
331724,4,0,0_okno_n1
331764,3,0,0_okno_n1
331895,2,0,0_okno_n5+
332080,1,0,0_okno_n1
332090,1,0,0_okno_n2
332112,4,0,0_okno_n1
332510,4,0,0_okno_n1
332552,3,0,0_okno_n3-4
332554,0,0,0_okno_n1
332830,1,0,0_okno_n2
332884,1,0,0_okno_n2
332905,4,0,0_okno_n2
333281,1,0,0_okno_n1
333579,0,0,0_okno_n1
333581,1,0,0_okno_n2
333600,1,0,0_okno_n1
333708,3,0,0_okno_n1
333712,1,0,0_okno_n1
333745,1,0,0_okno_n1
333772,0,0,0_okno_n3-4
334323,1,0,0_okno_n1
334326,3,0,0_okno_n1
334407,1,0,0_okno_n1
334428,2,0,0_okno_n3-4
334510,3,0,0_okno_n1
334560,4,0,0_okno_n5+
334624,3,0,0_okno_n1
334826,3,0,0_okno_n1
334887,4,0,0_okno_n1
334992,0,0,0_okno_n1
335115,4,0,0_okno_n3-4
335305,3,0,0_okno_n2
335395,1,0,0_okno_n1
335816,3,0,0_okno_n3-4
335875,1,0,0_okno_n3-4
335879,0,0,0_okno_n1
335913,2,0,0_okno_n3-4
336088,0,0,0_okno_n1
336100,0,0,0_okno_n1
336216,4,0,0_okno_n1
336307,4,0,0_okno_n1
336382,3,0,0_okno_n2
336605,1,0,0_okno_n2
336775,1,0,0_okno_n2
337004,0,1,1_pozaokno_n1
337104,2,0,0_okno_n1
337189,1,0,0_okno_n1
337536,0,0,0_okno_n1
337559,3,0,0_okno_n1
337602,0,0,0_okno_n2
337784,3,0,0_okno_n2
337841,0,0,0_okno_n1
337867,2,0,0_okno_n1
337925,3,0,0_okno_n1
337991,0,0,0_okno_n2
338012,0,1,1_pozaokno_n5+
338013,4,1,1_pozaokno_n1
338093,4,0,0_okno_n2
338121,0,0,0_okno_n2
338150,0,0,0_okno_n3-4
338183,1,0,0_okno_n1
338197,3,0,0_okno_n1
338239,3,0,0_okno_n1
338289,0,0,0_okno_n1
338333,4,0,0_okno_n1
338658,1,1,1_pozaokno_n3-4
338743,1,0,0_okno_n3-4
338801,2,0,0_okno_n2
338868,2,0,0_okno_n1
339160,1,0,0_okno_n2
339184,0,0,0_okno_n1
339198,0,0,0_okno_n2
339302,1,0,0_okno_n1
339331,1,0,0_okno_n1
339409,0,0,0_okno_n2
339494,1,0,0_okno_n3-4
339498,2,0,0_okno_n1
339589,1,0,0_okno_n3-4
339616,1,0,0_okno_n2
339934,4,0,0_okno_n5+
339977,4,0,0_okno_n1
339994,1,0,0_okno_n1
340083,0,0,0_okno_n3-4
340132,3,0,0_okno_n3-4
340140,2,0,0_okno_n3-4
340265,0,0,0_okno_n1
340324,3,0,0_okno_n1
340430,0,0,0_okno_n2
340932,3,0,0_okno_n1
341295,4,0,0_okno_n1
341309,1,0,0_okno_n3-4
341316,4,0,0_okno_n2
341600,1,0,0_okno_n5+
341682,3,0,0_okno_n2
341683,4,0,0_okno_n1
341794,0,0,0_okno_n1
341918,2,0,0_okno_n3-4
342219,3,0,0_okno_n2
342286,1,0,0_okno_n1
342354,4,0,0_okno_n3-4
342378,2,0,0_okno_n1
342448,3,0,0_okno_n1
342450,0,0,0_okno_n1
342456,0,0,0_okno_n1
342458,1,0,0_okno_n3-4
342482,3,0,0_okno_n1
342495,4,0,0_okno_n1
342638,2,0,0_okno_n1
342733,0,0,0_okno_n2
342812,4,0,0_okno_n2
343089,2,0,0_okno_n1
343222,0,0,0_okno_n2
343253,1,0,0_okno_n5+
343501,3,0,0_okno_n1
343589,3,0,0_okno_n2
343698,2,0,0_okno_n3-4
343818,1,0,0_okno_n1
344029,2,0,0_okno_n1
344104,0,0,0_okno_n2
344184,0,0,0_okno_n1
344465,4,0,0_okno_n3-4
344482,0,0,0_okno_n2
344546,1,0,0_okno_n1
344695,3,0,0_okno_n3-4
344909,3,0,0_okno_n1
344952,3,0,0_okno_n3-4
344994,1,0,0_okno_n1
345011,3,0,0_okno_n3-4
345200,2,0,0_okno_n5+
345608,2,0,0_okno_n1
345620,2,0,0_okno_n1
345637,4,0,0_okno_n1
345665,3,0,0_okno_n2
345707,3,0,0_okno_n1
345911,4,0,0_okno_n1
345930,2,1,1_pozaokno_n1
346122,2,0,0_okno_n1
346146,4,0,0_okno_n5+
346235,3,0,0_okno_n1
346461,4,0,0_okno_n2
346535,4,0,0_okno_n1
346597,2,0,0_okno_n1
346607,2,0,0_okno_n1
346927,2,0,0_okno_n1
347468,1,1,1_pozaokno_n2
347492,4,0,0_okno_n1
347546,3,0,0_okno_n2
347629,3,0,0_okno_n1
347677,0,0,0_okno_n1
347841,4,0,0_okno_n1
347865,0,0,0_okno_n5+
348179,4,0,0_okno_n2
348402,0,0,0_okno_n2
348727,3,0,0_okno_n1
348771,4,0,0_okno_n1
348862,3,0,0_okno_n3-4
348947,4,0,0_okno_n1
348963,2,0,0_okno_n1
349204,0,0,0_okno_n3-4
349244,4,0,0_okno_n3-4
349291,3,0,0_okno_n3-4
349302,3,0,0_okno_n1
349308,3,0,0_okno_n1
349467,0,0,0_okno_n1
349693,3,1,1_pozaokno_n5+
349857,3,0,0_okno_n2
349867,2,0,0_okno_n1
350020,1,0,0_okno_n1
350276,1,0,0_okno_n1
350370,2,0,0_okno_n1
350474,2,1,1_pozaokno_n5+
350660,0,0,0_okno_n1
350894,1,1,1_pozaokno_n5+
350955,2,0,0_okno_n2
350958,3,0,0_okno_n1
351551,2,0,0_okno_n1
351799,2,0,0_okno_n1
351852,2,0,0_okno_n2
352229,2,0,0_okno_n1
352278,2,0,0_okno_n1
352456,2,0,0_okno_n3-4
352618,0,1,1_pozaokno_n1
352694,0,0,0_okno_n1
352829,2,0,0_okno_n1
352900,4,0,0_okno_n2
352980,2,0,0_okno_n1
353364,2,1,1_pozaokno_n1
353398,1,0,0_okno_n2
353443,0,1,1_pozaokno_n5+
353452,2,0,0_okno_n5+
353539,1,0,0_okno_n2
353611,3,1,1_pozaokno_n3-4
353793,2,0,0_okno_n5+
353801,2,0,0_okno_n2
354068,1,0,0_okno_n3-4
354097,4,0,0_okno_n3-4
354158,1,0,0_okno_n3-4
354201,3,1,1_pozaokno_n5+
354251,0,0,0_okno_n3-4
354501,4,0,0_okno_n1
354525,4,0,0_okno_n1
354709,1,0,0_okno_n2
354943,3,0,0_okno_n1
355528,4,0,0_okno_n5+
355753,3,0,0_okno_n1
355788,0,0,0_okno_n1
356043,3,0,0_okno_n1
356201,0,0,0_okno_n1
356323,0,0,0_okno_n2
356580,2,0,0_okno_n1
356645,4,1,1_pozaokno_n2
356660,4,0,0_okno_n1
356749,1,0,0_okno_n3-4
356833,0,0,0_okno_n3-4
356846,2,0,0_okno_n5+
357241,4,0,0_okno_n2
357271,2,0,0_okno_n1
357346,4,0,0_okno_n1
357402,1,0,0_okno_n2
357428,3,0,0_okno_n1
357504,2,0,0_okno_n2
357862,0,0,0_okno_n3-4
357942,0,0,0_okno_n1
357944,4,1,1_pozaokno_n2
357949,2,0,0_okno_n1
357982,4,0,0_okno_n1
357992,0,0,0_okno_n1
358375,2,0,0_okno_n1
358473,2,0,0_okno_n1
358611,1,0,0_okno_n1
358746,1,0,0_okno_n5+
358761,1,0,0_okno_n5+
358912,3,0,0_okno_n3-4
359027,1,0,0_okno_n2
359092,1,0,0_okno_n1
359121,0,0,0_okno_n2
359208,3,0,0_okno_n1
359319,4,0,0_okno_n5+
359405,2,0,0_okno_n1
359486,2,0,0_okno_n3-4
360018,2,0,0_okno_n3-4
360249,2,0,0_okno_n2
360321,2,0,0_okno_n1
360360,1,0,0_okno_n1
360476,0,0,0_okno_n1
360526,2,0,0_okno_n1
360571,3,0,0_okno_n1
360687,2,0,0_okno_n5+
360786,3,0,0_okno_n1
360824,1,0,0_okno_n1
360981,1,0,0_okno_n2
361022,4,0,0_okno_n1
361381,0,0,0_okno_n2
361457,1,0,0_okno_n1
361529,3,0,0_okno_n1
361562,3,0,0_okno_n1
361634,0,0,0_okno_n2
361713,2,0,0_okno_n2
361799,4,0,0_okno_n1
361964,2,0,0_okno_n1
362002,1,0,0_okno_n2
362003,2,0,0_okno_n1
362022,3,0,0_okno_n1
362124,0,0,0_okno_n2
362167,1,0,0_okno_n1
362325,0,0,0_okno_n3-4
362412,3,0,0_okno_n1
362732,0,0,0_okno_n1
362790,2,0,0_okno_n1
362858,4,0,0_okno_n1
362931,3,0,0_okno_n2
362954,3,0,0_okno_n1
363138,4,0,0_okno_n2
363406,2,0,0_okno_n2
363417,3,0,0_okno_n1
363493,0,0,0_okno_n1
363545,4,0,0_okno_n3-4
363609,0,0,0_okno_n1
364443,1,0,0_okno_n2
364445,1,0,0_okno_n1
364561,3,0,0_okno_n5+
364607,2,0,0_okno_n3-4
364647,1,0,0_okno_n1
364671,2,0,0_okno_n1
364786,0,1,1_pozaokno_n1
364926,4,0,0_okno_n5+
365255,2,0,0_okno_n1
365326,1,0,0_okno_n1
365378,3,0,0_okno_n3-4
365556,1,0,0_okno_n1
365577,3,0,0_okno_n2
365627,4,0,0_okno_n1
365805,3,0,0_okno_n1
365858,2,0,0_okno_n1
366164,3,0,0_okno_n1
366196,3,0,0_okno_n1
366197,3,0,0_okno_n2
366266,1,0,0_okno_n1
366295,2,0,0_okno_n1
366320,1,0,0_okno_n1
366410,2,0,0_okno_n3-4
366601,2,0,0_okno_n1
366651,1,0,0_okno_n3-4
367001,3,0,0_okno_n3-4
367033,1,0,0_okno_n1
367270,0,0,0_okno_n3-4
367350,1,0,0_okno_n1
367378,0,0,0_okno_n3-4
367583,0,0,0_okno_n2
367709,1,0,0_okno_n2
367765,0,0,0_okno_n3-4
367896,3,0,0_okno_n5+
367970,3,0,0_okno_n1
368032,3,0,0_okno_n2
368113,0,0,0_okno_n1
368205,4,0,0_okno_n1
368242,3,0,0_okno_n3-4
368257,2,0,0_okno_n2
368519,4,0,0_okno_n1
368634,0,0,0_okno_n1
369019,2,0,0_okno_n3-4
369241,4,0,0_okno_n1
369263,0,0,0_okno_n5+
369294,3,0,0_okno_n1
369717,4,0,0_okno_n2
370043,3,0,0_okno_n1
370085,3,0,0_okno_n1
370122,2,1,1_pozaokno_n5+
370221,3,0,0_okno_n2
370267,1,0,0_okno_n2
370541,4,1,1_pozaokno_n1
370673,0,0,0_okno_n1
370742,0,0,0_okno_n1
370765,3,0,0_okno_n2
370817,4,0,0_okno_n1
370932,4,0,0_okno_n2
371083,4,0,0_okno_n3-4
371263,4,0,0_okno_n1
371275,1,0,0_okno_n1
371333,4,1,1_pozaokno_n2
371548,3,0,0_okno_n2
371736,0,0,0_okno_n1
371741,1,0,0_okno_n3-4
371785,4,0,0_okno_n1
371959,2,0,0_okno_n1
372152,2,0,0_okno_n1
372209,4,0,0_okno_n1
372305,3,0,0_okno_n2
372436,1,0,0_okno_n2
372466,0,0,0_okno_n1
372615,2,0,0_okno_n1
372714,3,0,0_okno_n1
372725,3,0,0_okno_n1
372754,0,0,0_okno_n1
372766,0,0,0_okno_n3-4
373113,4,0,0_okno_n5+
373202,0,0,0_okno_n1
373341,4,0,0_okno_n2
373500,2,0,0_okno_n5+
373544,3,0,0_okno_n2
373877,2,0,0_okno_n3-4
374367,3,0,0_okno_n1
374441,2,0,0_okno_n1
374784,0,0,0_okno_n1
374800,1,0,0_okno_n2
375030,2,0,0_okno_n1
375036,2,0,0_okno_n1
375543,2,1,1_pozaokno_n3-4
375588,3,0,0_okno_n5+
375592,1,0,0_okno_n1
375634,3,0,0_okno_n2
375701,4,0,0_okno_n3-4
376191,2,0,0_okno_n1
376321,0,0,0_okno_n1
376369,4,0,0_okno_n1
376469,1,0,0_okno_n1
376470,2,0,0_okno_n1
376493,3,0,0_okno_n1
376508,4,0,0_okno_n2
376516,4,0,0_okno_n1
376595,4,0,0_okno_n1
376948,0,0,0_okno_n1
377247,2,0,0_okno_n2
377334,2,1,1_pozaokno_n5+
377465,3,0,0_okno_n2
377596,3,0,0_okno_n1
377626,4,0,0_okno_n5+
377627,0,0,0_okno_n1
377864,3,0,0_okno_n2
377908,3,0,0_okno_n2
377919,4,0,0_okno_n1
378137,2,0,0_okno_n2
378797,3,0,0_okno_n5+
378910,1,1,1_pozaokno_n3-4
378927,3,0,0_okno_n1
378980,0,0,0_okno_n2
378991,3,0,0_okno_n1
379052,4,0,0_okno_n1
379437,0,0,0_okno_n5+
379464,0,0,0_okno_n5+
379490,4,0,0_okno_n1
379551,2,0,0_okno_n2
379791,2,0,0_okno_n2
379859,4,0,0_okno_n1
379869,1,0,0_okno_n3-4
379871,2,0,0_okno_n1
379923,0,0,0_okno_n5+
379935,4,0,0_okno_n1
379960,2,1,1_pozaokno_n3-4
380130,1,0,0_okno_n1
380210,4,0,0_okno_n1
380394,1,0,0_okno_n1
380516,3,0,0_okno_n2
380703,3,0,0_okno_n3-4
380925,4,0,0_okno_n2
381040,4,0,0_okno_n1
381263,4,1,1_pozaokno_n3-4
381382,2,0,0_okno_n5+
381469,4,0,0_okno_n5+
381947,0,0,0_okno_n3-4
381957,0,0,0_okno_n1
381980,1,0,0_okno_n1
382133,0,0,0_okno_n2
382152,3,0,0_okno_n5+
382299,1,0,0_okno_n1
382474,0,0,0_okno_n1
382516,4,0,0_okno_n2
382517,1,0,0_okno_n2
382526,1,0,0_okno_n2
382576,1,0,0_okno_n1
382609,3,1,1_okno_n3-4
382617,2,0,0_okno_n1
382620,3,0,0_okno_n1
382649,1,0,0_okno_n1
382704,0,0,0_okno_n3-4
382736,2,0,0_okno_n3-4
382754,3,0,0_okno_n1
383174,2,0,0_okno_n2
383201,4,0,0_okno_n1
383337,4,0,0_okno_n2
383654,2,0,0_okno_n1
383778,3,0,0_okno_n1
383868,0,0,0_okno_n1
384397,0,0,0_okno_n1
384402,4,0,0_okno_n2
384601,3,0,0_okno_n2
384865,1,0,0_okno_n5+
385083,3,0,0_okno_n1
385117,2,0,0_okno_n1
385188,2,0,0_okno_n1
385330,1,0,0_okno_n1
385347,2,0,0_okno_n1
385551,0,0,0_okno_n1
385704,0,0,0_okno_n1
385710,2,0,0_okno_n3-4
385771,0,0,0_okno_n5+
385847,1,0,0_okno_n1
386037,2,0,0_okno_n1
386094,1,1,1_pozaokno_n1
386220,4,0,0_okno_n1
386285,1,0,0_okno_n1
386615,0,0,0_okno_n1
386631,2,0,0_okno_n3-4
386995,3,0,0_okno_n5+
387035,2,0,0_okno_n3-4
387150,4,0,0_okno_n1
387276,0,0,0_okno_n1
387457,2,0,0_okno_n1
387724,3,0,0_okno_n1
387789,3,1,1_pozaokno_n1
387814,2,0,0_okno_n1
387897,3,0,0_okno_n1
387949,2,0,0_okno_n2
388097,1,0,0_okno_n3-4
388487,1,0,0_okno_n3-4
388582,4,0,0_okno_n1
388844,4,0,0_okno_n1
389231,2,0,0_okno_n1
389348,0,0,0_okno_n1
389363,3,0,0_okno_n2
389374,1,0,0_okno_n1
389615,2,0,0_okno_n2
389663,4,0,0_okno_n1
389716,4,0,0_okno_n1
389916,0,0,0_okno_n1
390141,2,0,0_okno_n1
390643,2,0,0_okno_n1
390775,0,0,0_okno_n1
391117,4,0,0_okno_n2
391172,3,0,0_okno_n3-4
391215,3,0,0_okno_n2
391261,3,0,0_okno_n2
391396,1,0,0_okno_n2
391407,1,1,1_pozaokno_n5+
391418,1,0,0_okno_n1
391466,3,0,0_okno_n1
391476,3,0,0_okno_n3-4
391675,1,0,0_okno_n1
391759,0,0,0_okno_n1
391869,0,0,0_okno_n2
391916,1,0,0_okno_n2
392018,2,0,0_okno_n1
392107,4,0,0_okno_n1
392145,2,0,0_okno_n1
392168,3,0,0_okno_n1
392226,0,0,0_okno_n1
392244,2,0,0_okno_n2
392403,3,0,0_okno_n1
392664,3,0,0_okno_n3-4
392739,4,0,0_okno_n2
392867,3,0,0_okno_n2
392913,1,0,0_okno_n5+
392954,2,0,0_okno_n1
393099,4,0,0_okno_n1
393138,1,1,1_pozaokno_n3-4
393142,3,0,0_okno_n5+
393167,3,0,0_okno_n1
393173,3,0,0_okno_n3-4
393362,3,0,0_okno_n1
393503,3,0,0_okno_n1
393618,0,0,0_okno_n1
393654,3,0,0_okno_n1
393809,0,0,0_okno_n1
393917,2,1,1_okno_n1
394030,2,0,0_okno_n1
394121,4,0,0_okno_n1
394135,2,0,0_okno_n1
394161,3,0,0_okno_n2
394223,1,0,0_okno_n1
394318,0,0,0_okno_n1
394367,1,0,0_okno_n3-4
394519,1,0,0_okno_n1
394520,3,0,0_okno_n3-4
394628,1,0,0_okno_n3-4
394680,4,0,0_okno_n2
394696,4,0,0_okno_n1
394776,2,0,0_okno_n1
394942,0,0,0_okno_n2
395069,2,0,0_okno_n2
395115,2,0,0_okno_n1
395118,0,1,1_pozaokno_n5+
395126,2,0,0_okno_n1
395328,2,0,0_okno_n5+
395631,0,0,0_okno_n2
395730,4,0,0_okno_n1
395928,2,0,0_okno_n3-4
395952,3,0,0_okno_n3-4
396076,0,0,0_okno_n3-4
396227,3,0,0_okno_n5+
396306,0,0,0_okno_n3-4
396312,0,0,0_okno_n3-4
396469,4,0,0_okno_n1
396514,1,0,0_okno_n1
396516,3,0,0_okno_n2
396575,3,0,0_okno_n1
396659,0,0,0_okno_n1
396774,4,0,0_okno_n1
396836,2,0,0_okno_n1
396861,3,0,0_okno_n2
396893,3,1,1_pozaokno_n2
396914,0,0,0_okno_n3-4
396918,2,0,0_okno_n1
396922,4,0,0_okno_n1
397226,0,0,0_okno_n1
397732,2,0,0_okno_n1
397754,4,0,0_okno_n1
397810,3,0,0_okno_n2
397966,0,0,0_okno_n5+
398041,4,0,0_okno_n3-4
398174,0,0,0_okno_n1
398283,0,0,0_okno_n1
398317,2,0,0_okno_n1
398501,4,0,0_okno_n1
398515,0,0,0_okno_n1
398660,0,0,0_okno_n1
398731,0,0,0_okno_n1
398808,4,0,0_okno_n2
398944,1,0,0_okno_n1
399230,3,0,0_okno_n1
399266,4,0,0_okno_n3-4
399506,3,0,0_okno_n1
399591,0,0,0_okno_n2
399767,1,0,0_okno_n5+
400152,1,0,0_okno_n1
400202,0,0,0_okno_n1
400575,3,0,0_okno_n2
400757,0,0,0_okno_n1
400882,0,0,0_okno_n1
400954,4,0,0_okno_n2
400981,1,0,0_okno_n1
401103,3,1,1_pozaokno_n1
401107,1,0,0_okno_n1
401295,2,0,0_okno_n5+
401346,3,0,0_okno_n1
401750,2,0,0_okno_n1
401874,4,0,0_okno_n1
402090,4,0,0_okno_n5+
402357,1,0,0_okno_n1
402620,1,0,0_okno_n3-4
402644,3,1,1_okno_n1
402819,3,0,0_okno_n3-4
403257,3,0,0_okno_n1
403273,2,0,0_okno_n2
403309,2,1,1_pozaokno_n1
403490,1,0,0_okno_n3-4
403504,0,0,0_okno_n1
403671,4,0,0_okno_n1
403785,3,0,0_okno_n1
403807,1,0,0_okno_n1
404065,2,0,0_okno_n1
404140,2,0,0_okno_n2
404224,0,0,0_okno_n2
404360,0,1,1_pozaokno_n1
404536,0,0,0_okno_n3-4
405038,1,0,0_okno_n2
405219,1,0,0_okno_n3-4
405325,4,0,0_okno_n1
405492,0,0,0_okno_n1
405495,4,0,0_okno_n1
405644,0,0,0_okno_n1
405653,0,0,0_okno_n1
405656,0,0,0_okno_n1
405773,2,0,0_okno_n1
406053,1,0,0_okno_n1
406150,3,0,0_okno_n1
406184,2,0,0_okno_n1
406310,2,0,0_okno_n2
406670,2,0,0_okno_n1
406712,4,0,0_okno_n3-4
406713,0,0,0_okno_n2
406739,4,0,0_okno_n1
406864,3,0,0_okno_n2
407133,2,0,0_okno_n1
407138,0,0,0_okno_n2
407531,1,0,0_okno_n3-4
407872,2,0,0_okno_n3-4
407985,2,1,1_pozaokno_n3-4
407992,3,0,0_okno_n5+
408266,2,1,1_pozaokno_n2
408287,2,0,0_okno_n1
408339,3,0,0_okno_n1
408428,0,0,0_okno_n1
408513,4,0,0_okno_n1
408578,2,0,0_okno_n3-4
408595,3,0,0_okno_n3-4
408611,4,0,0_okno_n1
408682,3,0,0_okno_n1
408870,4,0,0_okno_n1
408952,3,0,0_okno_n1
409066,4,1,1_pozaokno_n5+
409267,2,0,0_okno_n3-4
410077,2,0,0_okno_n1
410097,2,0,0_okno_n3-4
410121,2,0,0_okno_n1
410307,2,0,0_okno_n1
410398,1,0,0_okno_n3-4
410524,0,0,0_okno_n2
410579,1,0,0_okno_n2
410604,4,0,0_okno_n1
410635,4,0,0_okno_n1
410770,1,0,0_okno_n2
410779,1,1,1_pozaokno_n5+
410990,3,0,0_okno_n3-4
411081,1,0,0_okno_n2
411251,3,0,0_okno_n3-4
411371,2,0,0_okno_n3-4
411400,4,0,0_okno_n1
411442,3,0,0_okno_n2
411509,1,0,0_okno_n1
412171,3,0,0_okno_n2
412195,1,0,0_okno_n1
412209,1,0,0_okno_n3-4
412275,3,0,0_okno_n2
412297,0,0,0_okno_n2
412507,4,0,0_okno_n1
412748,4,1,1_pozaokno_n3-4
412801,2,0,0_okno_n1
412848,1,0,0_okno_n1
412938,4,0,0_okno_n2
412982,2,0,0_okno_n1
413052,0,0,0_okno_n1
413067,0,0,0_okno_n2
413152,0,0,0_okno_n1
413163,0,0,0_okno_n2
413257,4,0,0_okno_n1
413387,1,0,0_okno_n5+
413423,1,0,0_okno_n2
413633,1,0,0_okno_n2
414304,3,0,0_okno_n2
414774,1,0,0_okno_n1
414782,0,0,0_okno_n1
414917,0,0,0_okno_n1
414950,1,0,0_okno_n2
414985,3,0,0_okno_n1
415280,0,0,0_okno_n1
415346,3,0,0_okno_n3-4
415368,2,0,0_okno_n1
415830,3,0,0_okno_n3-4
416046,1,0,0_okno_n3-4
416289,0,0,0_okno_n1
416369,1,0,0_okno_n2
416574,4,0,0_okno_n1
416667,1,1,1_okno_n1
416671,2,0,0_okno_n3-4
416723,0,0,0_okno_n2
416823,1,0,0_okno_n1
416824,3,0,0_okno_n1
416829,3,0,0_okno_n3-4
417142,1,0,0_okno_n1
417211,2,0,0_okno_n2
417626,4,0,0_okno_n1
417695,0,0,0_okno_n1
417910,2,0,0_okno_n5+
418053,4,0,0_okno_n1
418204,2,0,0_okno_n3-4
418239,3,0,0_okno_n1
418332,1,0,0_okno_n3-4
418509,4,0,0_okno_n1
418696,0,0,0_okno_n1
418704,3,0,0_okno_n2
419224,2,0,0_okno_n3-4
419228,4,0,0_okno_n2
419312,3,0,0_okno_n2
419427,1,0,0_okno_n1
419645,1,0,0_okno_n2
419687,0,0,0_okno_n1
419872,2,0,0_okno_n2
419946,0,0,0_okno_n3-4
420007,3,0,0_okno_n1
420218,3,0,0_okno_n1
420691,4,0,0_okno_n5+
420767,1,0,0_okno_n2
420780,1,0,0_okno_n3-4
420931,2,0,0_okno_n2
421199,3,0,0_okno_n2
421200,1,0,0_okno_n2
421298,0,0,0_okno_n1
421713,4,0,0_okno_n2
421819,4,0,0_okno_n1
421968,3,0,0_okno_n1
422058,1,0,0_okno_n3-4
422233,0,0,0_okno_n1
422366,0,0,0_okno_n2
422393,2,1,1_pozaokno_n3-4
422397,4,0,0_okno_n1
422398,4,0,0_okno_n5+
422402,3,0,0_okno_n2
422426,2,0,0_okno_n2
422552,0,0,0_okno_n3-4
422596,1,0,0_okno_n1
422732,2,0,0_okno_n1
422742,3,0,0_okno_n1
422860,1,0,0_okno_n1
422875,3,0,0_okno_n1
422889,1,0,0_okno_n2
422890,4,0,0_okno_n2
423035,4,1,1_pozaokno_n5+
423080,4,0,0_okno_n1
423116,0,0,0_okno_n3-4
423167,4,0,0_okno_n1
423250,4,0,0_okno_n2
423320,0,0,0_okno_n5+
423707,3,0,0_okno_n1
423854,1,1,1_pozaokno_n2
424317,0,0,0_okno_n1
424421,2,0,0_okno_n1
424450,4,0,0_okno_n2
424576,4,0,0_okno_n2
424609,3,0,0_okno_n3-4
424701,4,0,0_okno_n5+
424704,1,0,0_okno_n2
424707,4,0,0_okno_n1
424710,2,0,0_okno_n1
424868,4,0,0_okno_n1
424877,3,0,0_okno_n3-4
425032,1,0,0_okno_n2
425061,1,0,0_okno_n2
425097,0,0,0_okno_n2
425159,2,0,0_okno_n2
425342,4,0,0_okno_n1
425441,2,0,0_okno_n2
425515,3,0,0_okno_n1
425561,4,0,0_okno_n2
425734,0,0,0_okno_n1
426122,4,1,1_pozaokno_n5+
426649,0,0,0_okno_n1
426968,3,1,1_pozaokno_n2
426979,2,1,1_pozaokno_n1
427002,4,0,0_okno_n3-4
427443,3,0,0_okno_n1
427835,0,0,0_okno_n2
428032,1,0,0_okno_n1
428080,4,0,0_okno_n3-4
428257,2,0,0_okno_n2
428418,4,0,0_okno_n3-4
428534,3,0,0_okno_n1
428586,3,0,0_okno_n1
428595,2,0,0_okno_n1
428680,3,0,0_okno_n1
428763,2,0,0_okno_n1
428850,2,0,0_okno_n1
429064,0,0,0_okno_n3-4
429065,4,0,0_okno_n1
429089,4,0,0_okno_n3-4
429316,3,0,0_okno_n2
429364,4,0,0_okno_n2
429416,4,0,0_okno_n1
429429,3,0,0_okno_n3-4
429535,4,0,0_okno_n1
429734,1,0,0_okno_n1
429743,0,0,0_okno_n1
430013,2,0,0_okno_n1
430433,0,0,0_okno_n1
430573,0,1,1_okno_n2
438039,4,0,0_okno_n1
439265,3,0,0_okno_n5+
439358,1,0,0_okno_n2
440726,2,0,0_okno_n1
442533,3,0,0_okno_n1
442542,1,0,0_okno_n1
442611,3,0,0_okno_n2
442861,1,0,0_okno_n1
443420,3,0,0_okno_n1
446507,0,0,0_okno_n1
447885,0,0,0_okno_n1
448162,0,0,0_okno_n1
448866,4,0,0_okno_n2
449718,2,0,0_okno_n1
451044,1,0,0_okno_n1
454540,0,0,0_okno_n2
455075,1,0,0_okno_n2
458081,1,0,0_okno_n1
458606,2,0,0_okno_n3-4
459685,2,0,0_okno_n2
462055,2,0,0_okno_n1
466583,1,0,0_okno_n2
467095,0,0,0_okno_n5+
468206,3,0,0_okno_n1
470515,4,0,0_okno_n1
472300,1,0,0_okno_n1
473443,1,0,0_okno_n1
474442,4,0,0_okno_n1
475411,4,0,0_okno_n1
475641,0,0,0_okno_n1
476153,1,0,0_okno_n1
481933,2,0,0_okno_n1
484405,1,0,0_okno_n1
485576,2,0,0_okno_n5+
487555,4,0,0_okno_n3-4
507542,4,1,1_pozaokno_n5+
514988,1,0,0_okno_n3-4
516388,3,0,0_okno_n1
516639,4,0,0_okno_n1
525785,2,0,0_okno_n2
526257,3,0,0_okno_n2
533585,0,0,0_okno_n1
533826,3,0,0_okno_n3-4
533963,3,0,0_okno_n1
534094,0,0,0_okno_n3-4
534123,3,0,0_okno_n1
534276,0,0,0_okno_n1
534528,0,0,0_okno_n2
534651,0,0,0_okno_n1
534745,4,1,1_pozaokno_n1
534923,4,1,1_pozaokno_n1
535251,3,0,0_okno_n3-4
535319,0,0,0_okno_n1
535355,0,0,0_okno_n1
535591,0,0,0_okno_n2
535943,0,0,0_okno_n2
536084,1,0,0_okno_n2
536193,0,0,0_okno_n2
536319,2,0,0_okno_n1
536475,1,0,0_okno_n2
536494,0,0,0_okno_n1
536559,2,0,0_okno_n1
536591,2,0,0_okno_n3-4
536618,2,0,0_okno_n1
536989,3,0,0_okno_n1
537016,4,0,0_okno_n2
537032,2,0,0_okno_n2
537061,0,0,0_okno_n3-4
537218,4,0,0_okno_n1
537304,3,0,0_okno_n1
537390,1,0,0_okno_n3-4
537595,0,0,0_okno_n3-4
537605,0,0,0_okno_n2
537779,2,0,0_okno_n1
537865,2,0,0_okno_n1
538555,4,0,0_okno_n5+
538681,3,0,0_okno_n5+
538776,4,1,1_pozaokno_n1
538801,0,0,0_okno_n1
538981,0,0,0_okno_n1
539005,3,0,0_okno_n3-4
539007,4,0,0_okno_n1
539180,2,0,0_okno_n1
539493,2,1,1_pozaokno_n1
539601,4,1,1_pozaokno_n3-4
539735,4,0,0_okno_n1
540434,3,0,0_okno_n3-4
540449,3,0,0_okno_n5+
540918,2,0,0_okno_n2
541324,0,0,0_okno_n1
541779,0,1,1_pozaokno_n5+
542059,4,0,0_okno_n3-4
542194,1,1,1_pozaokno_n1
542911,0,0,0_okno_n1
543237,2,0,0_okno_n1
543466,0,0,0_okno_n3-4
543880,3,0,0_okno_n1
544199,3,0,0_okno_n3-4
544215,0,0,0_okno_n3-4
544386,3,0,0_okno_n3-4
544542,4,0,0_okno_n5+
544751,3,1,1_pozaokno_n5+
544890,2,0,0_okno_n1
545034,3,0,0_okno_n5+
545108,4,0,0_okno_n1
545151,1,0,0_okno_n1
545261,4,0,0_okno_n2
545269,1,0,0_okno_n1
545292,3,0,0_okno_n1
545563,3,0,0_okno_n2
545595,1,0,0_okno_n1
545633,0,0,0_okno_n2
546079,0,0,0_okno_n1
546233,3,0,0_okno_n1
546371,4,0,0_okno_n1
546475,4,0,0_okno_n1
546837,4,0,0_okno_n3-4
546890,3,0,0_okno_n1
547731,3,0,0_okno_n2
547855,3,1,1_okno_n1
548095,4,0,0_okno_n2
548158,1,0,0_okno_n3-4
548304,4,0,0_okno_n3-4
548344,2,0,0_okno_n1
548475,0,0,0_okno_n2
548533,3,1,1_pozaokno_n5+
548546,0,0,0_okno_n1
548672,3,0,0_okno_n3-4
548896,2,0,0_okno_n2
548929,3,0,0_okno_n2
548990,1,1,1_pozaokno_n1
549042,1,0,0_okno_n2
549060,4,1,1_pozaokno_n2
549098,1,0,0_okno_n2
549134,2,0,0_okno_n1
549150,2,0,0_okno_n1
549301,0,0,0_okno_n1
549720,4,0,0_okno_n1
549865,1,0,0_okno_n3-4
549998,2,0,0_okno_n2
550312,1,0,0_okno_n1
550347,1,0,0_okno_n2
550550,1,0,0_okno_n3-4
550758,2,0,0_okno_n1
550832,3,0,0_okno_n1
551127,3,0,0_okno_n3-4
551148,3,0,0_okno_n2
551155,1,0,0_okno_n3-4
551209,0,0,0_okno_n1
551219,4,1,1_pozaokno_n5+
551235,4,0,0_okno_n3-4
551298,1,0,0_okno_n1
551341,3,0,0_okno_n1
551424,3,0,0_okno_n1
551554,3,0,0_okno_n1
551593,0,0,0_okno_n1
551982,2,0,0_okno_n1
552676,4,0,0_okno_n1
552678,4,0,0_okno_n1
552759,2,0,0_okno_n2
552769,1,0,0_okno_n3-4
552890,4,0,0_okno_n3-4
553224,1,0,0_okno_n1
553231,0,0,0_okno_n5+
553315,1,0,0_okno_n3-4
553564,2,0,0_okno_n5+
553603,3,0,0_okno_n1
553680,4,0,0_okno_n1
553800,2,0,0_okno_n1
554213,1,0,0_okno_n3-4
554244,4,0,0_okno_n2
554550,2,0,0_okno_n1
555076,1,1,1_pozaokno_n5+
555095,1,0,0_okno_n2
555442,2,0,0_okno_n1
555478,4,0,0_okno_n1
555510,2,1,1_pozaokno_n3-4
555668,4,1,1_pozaokno_n5+
555841,0,0,0_okno_n1
555872,2,0,0_okno_n1
556056,2,0,0_okno_n1
556111,0,0,0_okno_n2
556309,0,0,0_okno_n1
556381,1,0,0_okno_n1
556398,1,0,0_okno_n5+
556933,0,0,0_okno_n3-4
557220,3,0,0_okno_n3-4
557242,4,0,0_okno_n1
557251,4,0,0_okno_n1
557586,1,0,0_okno_n1
557643,1,0,0_okno_n1
557880,0,1,1_pozaokno_n1
557997,0,0,0_okno_n1
558012,2,0,0_okno_n1
558014,0,0,0_okno_n5+
558831,3,0,0_okno_n3-4
559022,0,0,0_okno_n2
559594,4,0,0_okno_n1
559635,1,0,0_okno_n1
559636,3,0,0_okno_n1
559730,1,0,0_okno_n1
559922,2,0,0_okno_n1
560029,2,0,0_okno_n1
560058,4,0,0_okno_n1
560087,4,0,0_okno_n2
560633,2,0,0_okno_n5+
560655,0,0,0_okno_n1
560777,0,0,0_okno_n2
560856,3,0,0_okno_n1
560884,4,0,0_okno_n1
561062,3,0,0_okno_n2
561083,2,0,0_okno_n2
561419,0,0,0_okno_n2
561462,3,0,0_okno_n1
561471,4,0,0_okno_n1
561810,0,0,0_okno_n2
561830,4,1,1_pozaokno_n5+
561832,1,0,0_okno_n3-4
562063,1,0,0_okno_n2
562160,3,0,0_okno_n1
562183,0,0,0_okno_n1
562205,4,0,0_okno_n3-4
562746,0,0,0_okno_n1
562987,0,0,0_okno_n2
562998,4,0,0_okno_n1
563395,3,0,0_okno_n3-4
563519,4,0,0_okno_n2
563541,1,0,0_okno_n1
563549,0,0,0_okno_n2
563634,0,0,0_okno_n2
563745,3,0,0_okno_n2
563784,2,0,0_okno_n1
564269,3,0,0_okno_n1
564375,2,0,0_okno_n1
564457,4,0,0_okno_n2
564704,1,0,0_okno_n1
564708,1,0,0_okno_n1
564730,2,0,0_okno_n5+
564742,0,0,0_okno_n1
564937,2,0,0_okno_n5+
565118,0,0,0_okno_n1
565413,4,1,1_pozaokno_n1
565458,3,0,0_okno_n1
565504,2,0,0_okno_n2
566152,0,0,0_okno_n1
566242,1,0,0_okno_n1
566296,0,0,0_okno_n3-4
566299,4,0,0_okno_n1
566431,2,0,0_okno_n5+
566440,4,1,1_pozaokno_n3-4
566441,0,0,0_okno_n1
566644,4,0,0_okno_n1
566716,3,0,0_okno_n1
566861,4,0,0_okno_n2
566874,2,1,1_okno_n2
567334,3,1,1_pozaokno_n1
567537,0,0,0_okno_n3-4
567818,2,0,0_okno_n1
567953,3,0,0_okno_n1
567972,1,0,0_okno_n1
568035,2,0,0_okno_n1
568115,3,0,0_okno_n2
568296,4,0,0_okno_n1
568321,4,0,0_okno_n2
568418,1,0,0_okno_n3-4
568520,2,1,1_pozaokno_n2
568543,2,0,0_okno_n1
568592,3,0,0_okno_n1
568755,3,0,0_okno_n1
568834,1,0,0_okno_n1
568912,3,0,0_okno_n1
569051,0,0,0_okno_n1
569161,3,0,0_okno_n1
569456,1,0,0_okno_n1
569457,3,1,1_pozaokno_n5+
569530,2,0,0_okno_n3-4
569833,0,0,0_okno_n3-4
570146,1,0,0_okno_n1
570343,2,0,0_okno_n2
570556,0,0,0_okno_n1
570760,4,1,1_pozaokno_n3-4
570923,2,0,0_okno_n2
571013,1,0,0_okno_n5+
571116,2,0,0_okno_n1
571248,3,0,0_okno_n5+
571577,1,0,0_okno_n2
571624,2,0,0_okno_n1
571871,3,1,1_pozaokno_n5+
571937,4,0,0_okno_n5+
572477,4,0,0_okno_n1
572561,3,0,0_okno_n1
572949,4,0,0_okno_n2
573316,1,0,0_okno_n1
573385,2,1,1_okno_n5+
573616,3,0,0_okno_n3-4
573740,2,0,0_okno_n1
573749,3,0,0_okno_n2
573813,1,0,0_okno_n3-4
573833,1,0,0_okno_n5+
573902,4,0,0_okno_n2
574140,3,0,0_okno_n1
574367,0,0,0_okno_n1
574508,0,0,0_okno_n2
574635,2,0,0_okno_n3-4
574704,3,0,0_okno_n1
574730,0,0,0_okno_n2
574764,2,0,0_okno_n1
574866,0,0,0_okno_n3-4
574872,3,0,0_okno_n2
575006,0,0,0_okno_n3-4
575044,4,1,1_pozaokno_n5+
575062,4,0,0_okno_n3-4
575354,2,1,1_pozaokno_n2
575543,4,0,0_okno_n1
575545,4,0,0_okno_n3-4
575825,0,0,0_okno_n1
575835,0,0,0_okno_n1
575837,1,0,0_okno_n1
575989,0,0,0_okno_n1
576025,1,0,0_okno_n2
576138,3,0,0_okno_n1
576167,1,0,0_okno_n1
576305,4,0,0_okno_n1
576373,4,0,0_okno_n1
576540,4,0,0_okno_n1
576772,2,0,0_okno_n2
576945,2,0,0_okno_n2
577077,0,0,0_okno_n3-4
577089,3,0,0_okno_n2
577306,0,0,0_okno_n1
577884,4,0,0_okno_n1
578050,4,1,1_pozaokno_n5+
578147,1,0,0_okno_n1
578248,1,0,0_okno_n2
578285,0,0,0_okno_n1
578332,1,0,0_okno_n1
578623,1,0,0_okno_n3-4
578669,3,0,0_okno_n1
578867,0,0,0_okno_n1
579272,4,0,0_okno_n1
579398,3,0,0_okno_n1
579645,2,1,1_pozaokno_n3-4
579654,1,0,0_okno_n2
579678,0,0,0_okno_n1
579709,2,0,0_okno_n1
579833,0,0,0_okno_n1
579928,2,0,0_okno_n2
579950,4,0,0_okno_n1
580128,3,0,0_okno_n2
580245,1,0,0_okno_n1
580255,2,0,0_okno_n3-4
580450,2,1,1_pozaokno_n5+
580655,4,0,0_okno_n3-4
580774,3,0,0_okno_n2
581283,4,0,0_okno_n1
581714,3,0,0_okno_n2
581745,2,0,0_okno_n3-4
581801,4,0,0_okno_n1
581877,1,1,1_pozaokno_n5+
582194,0,0,0_okno_n1
582223,0,0,0_okno_n3-4
582408,2,0,0_okno_n3-4
582990,4,0,0_okno_n5+
583014,4,0,0_okno_n2
583024,3,0,0_okno_n3-4
583072,2,0,0_okno_n3-4
583184,4,0,0_okno_n5+
583444,2,1,1_pozaokno_n3-4
583486,2,0,0_okno_n5+
583491,3,0,0_okno_n1
583560,0,0,0_okno_n3-4
583620,2,0,0_okno_n2
583733,1,0,0_okno_n3-4
583764,3,0,0_okno_n5+
584000,2,0,0_okno_n1
584001,3,0,0_okno_n1
584216,3,0,0_okno_n2
584255,2,0,0_okno_n3-4
584274,4,0,0_okno_n1
584493,4,0,0_okno_n1
584702,0,0,0_okno_n1
584835,4,0,0_okno_n2
585102,4,0,0_okno_n2
585298,2,0,0_okno_n1
585598,0,0,0_okno_n1
585810,3,0,0_okno_n1
585964,0,1,1_pozaokno_n1
586369,2,1,1_pozaokno_n2
586509,0,0,0_okno_n1
586540,3,0,0_okno_n2
586873,3,0,0_okno_n1
587164,1,0,0_okno_n2
587243,3,0,0_okno_n1
587463,2,0,0_okno_n3-4
587515,1,0,0_okno_n1
587544,4,0,0_okno_n1
587575,2,0,0_okno_n2
587702,2,0,0_okno_n2
587741,2,0,0_okno_n3-4
587857,3,0,0_okno_n1
587896,2,0,0_okno_n1
588167,0,0,0_okno_n1
588359,0,0,0_okno_n5+
588390,3,0,0_okno_n1
588509,0,0,0_okno_n2
588716,4,0,0_okno_n3-4
588814,3,0,0_okno_n1
588916,2,0,0_okno_n1
588999,0,0,0_okno_n2
589110,1,0,0_okno_n2
589192,0,0,0_okno_n1
589226,4,0,0_okno_n3-4
589235,3,0,0_okno_n1
589241,3,0,0_okno_n1
589339,0,0,0_okno_n1
589665,4,0,0_okno_n1
590352,2,0,0_okno_n2
590507,4,0,0_okno_n1
590511,4,0,0_okno_n2
590821,3,0,0_okno_n1
590850,1,0,0_okno_n1
591017,1,0,0_okno_n1
591338,0,0,0_okno_n1
591359,4,0,0_okno_n1
591417,4,0,0_okno_n3-4
591545,4,1,1_pozaokno_n5+
591567,3,0,0_okno_n1
591713,1,0,0_okno_n1
591841,2,0,0_okno_n3-4
591939,3,0,0_okno_n1
591960,2,0,0_okno_n1
592005,3,0,0_okno_n2
592182,0,0,0_okno_n1
592184,3,0,0_okno_n1
592203,0,0,0_okno_n2
592215,3,0,0_okno_n1
592364,3,0,0_okno_n2
592588,2,0,0_okno_n2
592748,1,0,0_okno_n3-4
592749,2,0,0_okno_n1
592763,0,0,0_okno_n1
593004,3,0,0_okno_n3-4
593148,4,0,0_okno_n5+
593291,4,0,0_okno_n1
593337,2,0,0_okno_n1
593492,1,0,0_okno_n3-4
593495,0,0,0_okno_n2
593621,0,0,0_okno_n2
593630,0,0,0_okno_n1
593683,2,0,0_okno_n1
593850,0,0,0_okno_n1
593904,1,0,0_okno_n5+
593963,0,0,0_okno_n2
594122,1,0,0_okno_n1
594184,3,0,0_okno_n2
594196,2,0,0_okno_n2
594918,0,0,0_okno_n1
594923,0,0,0_okno_n1
595065,0,0,0_okno_n1
595415,2,0,0_okno_n2
595447,3,0,0_okno_n3-4
595474,2,1,1_pozaokno_n3-4
595486,1,0,0_okno_n3-4
595915,2,0,0_okno_n5+
595938,4,0,0_okno_n1
595945,2,0,0_okno_n2
595947,0,0,0_okno_n2
596067,1,0,0_okno_n1
596175,3,0,0_okno_n1
596316,4,0,0_okno_n3-4
596390,0,0,0_okno_n1
596432,4,0,0_okno_n1
596547,0,0,0_okno_n1
596733,4,0,0_okno_n1
596776,1,0,0_okno_n1
597016,3,0,0_okno_n1
597111,4,0,0_okno_n1
597175,0,1,1_pozaokno_n5+
597245,1,0,0_okno_n1
597424,0,1,1_pozaokno_n1
597480,3,0,0_okno_n3-4
597789,4,0,0_okno_n3-4
597896,1,0,0_okno_n3-4
598142,1,0,0_okno_n1
598236,1,0,0_okno_n1
598293,4,0,0_okno_n2
598395,4,0,0_okno_n5+
598470,0,0,0_okno_n3-4
598587,0,0,0_okno_n1
598593,0,0,0_okno_n2
598685,4,0,0_okno_n2
598938,0,0,0_okno_n1
599000,2,0,0_okno_n5+
599278,2,0,0_okno_n1
599347,0,0,0_okno_n1
599355,1,0,0_okno_n1
599372,1,0,0_okno_n5+
599373,4,0,0_okno_n1
599589,1,0,0_okno_n1
599650,0,0,0_okno_n1
599659,3,1,1_pozaokno_n5+
599842,4,0,0_okno_n1
599845,4,0,0_okno_n1
599848,2,0,0_okno_n2
600347,3,0,0_okno_n3-4
601074,3,0,0_okno_n1
601120,1,0,0_okno_n3-4
601134,1,0,0_okno_n2
601136,1,0,0_okno_n2
601142,1,0,0_okno_n1
601229,1,0,0_okno_n1
601245,1,1,1_pozaokno_n1
601335,1,0,0_okno_n1
601356,2,0,0_okno_n1
601486,0,0,0_okno_n1
601951,2,1,1_pozaokno_n5+
602037,3,0,0_okno_n3-4
602132,4,0,0_okno_n5+
602460,4,0,0_okno_n3-4
602496,0,1,1_pozaokno_n2
602530,3,0,0_okno_n1
602551,1,0,0_okno_n3-4
602947,3,0,0_okno_n2
603014,4,0,0_okno_n1
603207,2,0,0_okno_n1
603694,0,0,0_okno_n1
603696,4,0,0_okno_n1
603849,0,1,1_pozaokno_n2
603978,1,0,0_okno_n2
604019,0,0,0_okno_n3-4
604143,3,0,0_okno_n3-4
604177,3,0,0_okno_n1
604297,1,0,0_okno_n5+
604298,0,0,0_okno_n3-4
604521,2,0,0_okno_n1
604682,4,0,0_okno_n1
604788,2,0,0_okno_n1
604832,1,0,0_okno_n1
604850,4,0,0_okno_n3-4
604993,3,0,0_okno_n3-4
605107,3,0,0_okno_n2
605153,3,0,0_okno_n2
605466,1,0,0_okno_n5+
605715,1,0,0_okno_n1
605716,2,0,0_okno_n1
605796,4,0,0_okno_n1
605896,2,0,0_okno_n1
606231,3,0,0_okno_n5+
606289,0,0,0_okno_n2
606364,4,0,0_okno_n3-4
606392,3,0,0_okno_n1
606542,3,0,0_okno_n1
606701,3,0,0_okno_n1
606884,1,0,0_okno_n2
607241,4,0,0_okno_n2
607406,1,0,0_okno_n1
607501,3,0,0_okno_n1
607517,4,0,0_okno_n3-4
607577,3,0,0_okno_n2
607627,3,0,0_okno_n1
607673,4,0,0_okno_n1
607768,4,0,0_okno_n3-4
607895,2,1,1_pozaokno_n1
608007,0,0,0_okno_n1
608086,1,0,0_okno_n2
608411,1,0,0_okno_n1
608521,0,0,0_okno_n1
608558,0,0,0_okno_n5+
608676,3,0,0_okno_n1
608753,4,0,0_okno_n1
608755,3,1,1_pozaokno_n3-4
608874,0,1,1_pozaokno_n5+
608935,0,0,0_okno_n2
609101,3,0,0_okno_n2
609293,0,0,0_okno_n1
609699,3,0,0_okno_n2
609724,0,0,0_okno_n3-4
609781,4,0,0_okno_n3-4
609893,3,0,0_okno_n1
609965,2,0,0_okno_n1
610030,4,0,0_okno_n1
610261,0,0,0_okno_n1
610275,3,0,0_okno_n3-4
611045,2,0,0_okno_n2
611050,2,0,0_okno_n3-4
611076,1,0,0_okno_n2
611322,2,0,0_okno_n1
611621,1,0,0_okno_n2
611627,4,0,0_okno_n5+
611783,3,0,0_okno_n1
611795,4,1,1_pozaokno_n3-4
611806,0,1,1_pozaokno_n1
611997,1,0,0_okno_n1
612109,0,0,0_okno_n3-4
612195,0,0,0_okno_n1
612465,4,0,0_okno_n1
612530,4,0,0_okno_n5+
612600,3,1,1_pozaokno_n5+
612667,2,0,0_okno_n1
613112,0,0,0_okno_n1
613366,4,0,0_okno_n2
613588,1,0,0_okno_n1
613642,1,0,0_okno_n1
613645,1,0,0_okno_n1
613729,3,0,0_okno_n1
613753,0,0,0_okno_n5+
614191,3,0,0_okno_n2
614227,3,0,0_okno_n1
614256,3,0,0_okno_n1
614269,3,0,0_okno_n1
614372,3,0,0_okno_n2
614736,3,0,0_okno_n1
614900,4,0,0_okno_n1
614936,4,0,0_okno_n3-4
615094,4,0,0_okno_n2
615328,1,0,0_okno_n2
615390,3,0,0_okno_n2
615412,0,0,0_okno_n5+
615539,3,0,0_okno_n1
615607,0,0,0_okno_n2
615640,3,0,0_okno_n2
615652,2,0,0_okno_n1
615676,3,0,0_okno_n1
615694,0,0,0_okno_n1
615716,4,0,0_okno_n5+
615771,2,1,1_pozaokno_n5+
615776,0,0,0_okno_n1
615837,0,0,0_okno_n3-4
615902,2,0,0_okno_n1
615910,1,1,1_pozaokno_n1
615938,3,0,0_okno_n1
615946,2,0,0_okno_n1
616016,0,0,0_okno_n1
616040,1,0,0_okno_n3-4
616076,1,0,0_okno_n5+
616143,1,1,1_pozaokno_n5+
616169,4,0,0_okno_n1
616553,0,0,0_okno_n3-4
616580,3,0,0_okno_n2
616786,2,0,0_okno_n1
616918,4,0,0_okno_n1
616947,0,0,0_okno_n1
616965,2,0,0_okno_n1
616971,2,0,0_okno_n1
616985,0,0,0_okno_n3-4
617040,2,0,0_okno_n2
617130,4,0,0_okno_n1
617137,3,0,0_okno_n2
617287,0,0,0_okno_n2
617333,2,0,0_okno_n3-4
617439,3,0,0_okno_n1
617471,2,1,1_pozaokno_n5+
617655,0,0,0_okno_n3-4
617672,4,0,0_okno_n1
617845,4,0,0_okno_n1
618145,1,0,0_okno_n2
618184,1,0,0_okno_n3-4
618224,1,0,0_okno_n1
618291,0,0,0_okno_n2
618466,3,0,0_okno_n1
618609,0,0,0_okno_n1
618765,3,0,0_okno_n2
618781,1,0,0_okno_n1
618801,4,0,0_okno_n2
618853,3,1,1_pozaokno_n3-4
618881,0,0,0_okno_n2
619046,0,0,0_okno_n1
619059,2,0,0_okno_n3-4
619296,0,0,0_okno_n3-4
619298,1,0,0_okno_n1
619360,3,0,0_okno_n2
619490,0,0,0_okno_n1
619506,2,0,0_okno_n1
619539,4,0,0_okno_n2
619671,3,0,0_okno_n2
619678,1,0,0_okno_n3-4
619724,4,0,0_okno_n5+
620107,1,0,0_okno_n3-4
620141,1,0,0_okno_n2
620441,3,0,0_okno_n1
620478,1,0,0_okno_n1
620539,4,0,0_okno_n1
620598,4,0,0_okno_n1
620787,1,0,0_okno_n2
620843,1,0,0_okno_n2
621094,3,0,0_okno_n1
621259,0,1,1_pozaokno_n3-4
621431,3,0,0_okno_n2
621601,1,0,0_okno_n1
621783,1,0,0_okno_n2
621802,3,0,0_okno_n2
621942,4,0,0_okno_n2
621963,4,0,0_okno_n1
622030,1,0,0_okno_n3-4
622180,4,0,0_okno_n1
622340,4,1,1_pozaokno_n1
622461,1,0,0_okno_n5+
622868,0,0,0_okno_n2
622921,0,0,0_okno_n1
622959,4,0,0_okno_n5+
623026,3,0,0_okno_n1
623044,1,0,0_okno_n1
623281,1,0,0_okno_n2
623288,3,0,0_okno_n1
623597,2,0,0_okno_n3-4
623621,1,0,0_okno_n5+
623834,4,0,0_okno_n2
624067,1,0,0_okno_n1
624084,0,0,0_okno_n1
624116,0,0,0_okno_n1
624142,3,0,0_okno_n1
624302,4,0,0_okno_n3-4
624495,2,0,0_okno_n1
624613,3,0,0_okno_n1
624696,3,0,0_okno_n1
624779,4,0,0_okno_n2
624887,4,1,1_pozaokno_n2
624912,3,0,0_okno_n2
624984,0,0,0_okno_n2
625169,3,1,1_okno_n1
625206,2,0,0_okno_n1
625248,2,0,0_okno_n2
625392,4,0,0_okno_n1
625439,0,0,0_okno_n1
625513,1,0,0_okno_n1
625612,4,0,0_okno_n5+
625622,3,0,0_okno_n1
625678,1,0,0_okno_n2
625901,3,0,0_okno_n1
625903,3,0,0_okno_n1
625913,3,0,0_okno_n5+
625980,3,0,0_okno_n2
626153,2,0,0_okno_n1
626238,1,0,0_okno_n1
626257,1,0,0_okno_n1
626426,2,0,0_okno_n1
626530,4,0,0_okno_n3-4
626547,1,0,0_okno_n2
626612,2,1,1_pozaokno_n5+
626622,0,0,0_okno_n1
627001,4,0,0_okno_n1
627036,4,1,1_pozaokno_n5+
627247,3,0,0_okno_n5+
627282,3,0,0_okno_n1
627450,3,0,0_okno_n2
627471,1,0,0_okno_n1
627561,2,0,0_okno_n1
627789,1,0,0_okno_n1
628114,2,1,1_pozaokno_n2
628133,3,0,0_okno_n2
628141,1,0,0_okno_n1
628156,2,0,0_okno_n1
628410,0,0,0_okno_n3-4
628559,4,0,0_okno_n5+
628565,0,0,0_okno_n1
628687,1,0,0_okno_n5+
628710,2,0,0_okno_n1
628750,1,0,0_okno_n2
628904,0,0,0_okno_n2
628974,4,0,0_okno_n1
629018,3,0,0_okno_n2
629080,1,0,0_okno_n1
629374,2,0,0_okno_n3-4
629379,1,0,0_okno_n1
629412,2,0,0_okno_n1
629532,2,0,0_okno_n2
629608,4,0,0_okno_n1
629841,1,0,0_okno_n1
629851,2,0,0_okno_n1
629901,3,0,0_okno_n1
630034,4,0,0_okno_n3-4
630048,2,0,0_okno_n1
630253,1,0,0_okno_n1
630262,0,0,0_okno_n1
630274,0,0,0_okno_n2
630437,4,0,0_okno_n1
630539,0,0,0_okno_n1
630562,1,0,0_okno_n2
630574,0,0,0_okno_n3-4
630608,4,0,0_okno_n2
630726,1,0,0_okno_n1
631019,3,0,0_okno_n2
631098,4,0,0_okno_n1
631265,2,0,0_okno_n3-4
631280,0,0,0_okno_n2
631443,0,0,0_okno_n1
631500,1,0,0_okno_n1
631570,3,0,0_okno_n2
631666,0,0,0_okno_n2
631698,0,0,0_okno_n1
631825,4,0,0_okno_n1
632148,1,0,0_okno_n1
632162,0,0,0_okno_n1
632178,0,0,0_okno_n1
632181,1,0,0_okno_n1
632244,2,0,0_okno_n1
632308,2,0,0_okno_n3-4
632399,4,0,0_okno_n1
632618,0,0,0_okno_n1
632756,2,0,0_okno_n5+
632802,2,0,0_okno_n3-4
632988,0,1,1_pozaokno_n3-4
633222,0,0,0_okno_n2
633625,3,0,0_okno_n1
633655,3,0,0_okno_n1
633865,3,0,0_okno_n1
633906,2,0,0_okno_n3-4
634038,2,0,0_okno_n1
634073,3,0,0_okno_n1
634081,1,0,0_okno_n1
634098,3,0,0_okno_n1
634204,3,0,0_okno_n2
634223,1,0,0_okno_n1
634247,2,0,0_okno_n3-4
634349,0,0,0_okno_n1
634386,2,0,0_okno_n1
634544,0,0,0_okno_n3-4
634806,0,1,1_pozaokno_n5+
634850,4,0,0_okno_n1
634886,1,0,0_okno_n2
634896,1,0,0_okno_n1
634923,0,0,0_okno_n1
634956,1,0,0_okno_n1
635369,1,0,0_okno_n5+
635389,2,0,0_okno_n2
635514,3,1,1_pozaokno_n5+
635545,1,0,0_okno_n1
635564,2,0,0_okno_n1
635565,4,0,0_okno_n1
635720,1,0,0_okno_n5+
635750,0,0,0_okno_n1
635878,3,0,0_okno_n2
635940,2,0,0_okno_n1
636078,0,0,0_okno_n2
636096,2,0,0_okno_n1
636352,3,0,0_okno_n2
636445,2,0,0_okno_n2
636610,4,0,0_okno_n1
636637,3,0,0_okno_n2
636917,2,0,0_okno_n3-4
637072,4,0,0_okno_n3-4
637141,0,0,0_okno_n1
637226,4,1,1_okno_n5+
637248,4,0,0_okno_n2
637369,4,0,0_okno_n3-4
637391,4,0,0_okno_n1
637800,2,0,0_okno_n1
638082,3,0,0_okno_n3-4
638119,1,0,0_okno_n1
638343,3,0,0_okno_n1
638754,1,0,0_okno_n1
638799,3,0,0_okno_n2
638812,0,0,0_okno_n2
638933,1,0,0_okno_n2
638960,1,0,0_okno_n3-4
638970,4,0,0_okno_n1
639046,3,0,0_okno_n2
639048,2,0,0_okno_n1
639276,2,0,0_okno_n1
639287,0,0,0_okno_n1
639297,2,0,0_okno_n2
639770,2,0,0_okno_n2
639812,4,0,0_okno_n5+
639965,0,0,0_okno_n5+
640023,0,0,0_okno_n1
640041,0,0,0_okno_n2
640068,2,0,0_okno_n1
640149,1,0,0_okno_n1
640184,2,0,0_okno_n2
640469,3,0,0_okno_n1
640554,4,0,0_okno_n5+
640605,0,0,0_okno_n5+
640712,4,0,0_okno_n2
640713,2,0,0_okno_n1
640730,3,0,0_okno_n3-4
640745,1,0,0_okno_n3-4
640753,3,0,0_okno_n1
640913,0,0,0_okno_n3-4
640965,4,0,0_okno_n1
641102,3,0,0_okno_n1
641132,2,0,0_okno_n1
641186,3,1,1_pozaokno_n2
641578,0,1,1_pozaokno_n5+
641719,1,0,0_okno_n1
641766,4,0,0_okno_n1
641778,1,0,0_okno_n1
641857,1,0,0_okno_n3-4
641899,4,0,0_okno_n3-4
642000,4,0,0_okno_n3-4
642292,0,0,0_okno_n3-4
642307,1,0,0_okno_n1
642359,2,0,0_okno_n1
642500,1,0,0_okno_n2
642589,3,0,0_okno_n5+
642600,1,0,0_okno_n5+
642712,0,0,0_okno_n2
642715,1,0,0_okno_n1
642746,4,0,0_okno_n2
642845,3,0,0_okno_n1
642966,0,0,0_okno_n1
642998,1,0,0_okno_n2
643006,1,0,0_okno_n1
643037,3,0,0_okno_n1
643118,3,0,0_okno_n1
643184,2,0,0_okno_n2
643197,1,0,0_okno_n2
643217,3,0,0_okno_n5+
643680,4,0,0_okno_n1
643723,2,0,0_okno_n1
643864,2,0,0_okno_n2
643926,0,0,0_okno_n3-4
643929,4,0,0_okno_n2
644206,3,0,0_okno_n1
644213,0,0,0_okno_n3-4
644228,0,0,0_okno_n1
644380,0,0,0_okno_n1
644397,2,0,0_okno_n1
644570,4,0,0_okno_n1
644573,1,0,0_okno_n2
644588,2,0,0_okno_n1
644627,1,0,0_okno_n1
644704,4,0,0_okno_n1
644720,1,0,0_okno_n1
644777,4,0,0_okno_n1
644826,4,0,0_okno_n1
645045,3,0,0_okno_n1
645063,0,0,0_okno_n1
645129,3,0,0_okno_n1
645163,3,0,0_okno_n1
645228,2,0,0_okno_n5+
645365,1,0,0_okno_n2
645492,3,0,0_okno_n3-4
645707,4,0,0_okno_n3-4
645732,2,0,0_okno_n1
645826,2,0,0_okno_n5+
646010,1,0,0_okno_n5+
646016,1,0,0_okno_n1
646055,4,0,0_okno_n3-4
646141,0,1,1_pozaokno_n5+
646146,1,0,0_okno_n1
646257,4,0,0_okno_n1
646495,0,0,0_okno_n1
646527,0,0,0_okno_n2
646594,1,0,0_okno_n1
646729,1,0,0_okno_n1
646790,1,0,0_okno_n2
646806,1,0,0_okno_n1
646881,4,0,0_okno_n1
646951,4,0,0_okno_n1
646958,2,1,1_pozaokno_n1
646959,0,0,0_okno_n1
647051,3,1,1_pozaokno_n1
647203,3,0,0_okno_n2
647400,1,0,0_okno_n1
647431,3,0,0_okno_n1
647451,3,0,0_okno_n2
647469,1,0,0_okno_n3-4
647654,4,0,0_okno_n5+
647672,3,0,0_okno_n1
647775,4,0,0_okno_n2
647807,1,0,0_okno_n1
647892,3,0,0_okno_n1
648093,2,0,0_okno_n1
648186,2,0,0_okno_n1
648206,4,1,1_pozaokno_n5+
648361,1,0,0_okno_n3-4
648384,4,0,0_okno_n1
648437,3,0,0_okno_n2
648567,0,0,0_okno_n2
648766,2,0,0_okno_n3-4
648869,2,0,0_okno_n5+
649184,4,1,1_pozaokno_n5+
649254,4,1,1_pozaokno_n5+
649289,0,0,0_okno_n3-4
649295,2,0,0_okno_n1
649340,4,0,0_okno_n1
649545,3,0,0_okno_n5+
649574,1,0,0_okno_n1
649642,4,0,0_okno_n2
649650,0,0,0_okno_n1
649674,0,1,1_pozaokno_n2
649997,1,0,0_okno_n1
650149,0,0,0_okno_n1
650318,2,0,0_okno_n1
650358,0,0,0_okno_n1
650541,3,0,0_okno_n1
650552,1,1,1_pozaokno_n5+
650555,3,1,1_pozaokno_n5+
650649,2,0,0_okno_n3-4
650674,1,0,0_okno_n1
650698,0,0,0_okno_n2
650700,3,0,0_okno_n1
650763,4,1,1_pozaokno_n2
650805,1,0,0_okno_n1
650822,1,0,0_okno_n3-4
650965,4,0,0_okno_n1
650977,1,0,0_okno_n2
650981,1,0,0_okno_n1
651011,2,0,0_okno_n1
651176,3,0,0_okno_n1
651187,2,1,1_okno_n1
651191,3,0,0_okno_n2
651199,1,0,0_okno_n1
651263,1,1,1_pozaokno_n5+
651302,0,0,0_okno_n2
651472,0,0,0_okno_n2
651521,3,0,0_okno_n2
651555,4,0,0_okno_n1
651655,1,0,0_okno_n1
651861,2,0,0_okno_n1
651883,1,0,0_okno_n3-4
651890,3,0,0_okno_n3-4
651990,0,0,0_okno_n3-4
652025,3,0,0_okno_n1
652176,0,0,0_okno_n2
652177,3,0,0_okno_n3-4
652192,3,0,0_okno_n1
652275,1,0,0_okno_n2
652371,1,0,0_okno_n1
652395,2,0,0_okno_n1
652426,2,0,0_okno_n2
652432,0,0,0_okno_n1
652798,2,0,0_okno_n1
653232,3,0,0_okno_n1
653293,4,0,0_okno_n1
653329,2,0,0_okno_n1
653359,2,0,0_okno_n2
653380,4,0,0_okno_n1
653599,2,0,0_okno_n1
653690,1,0,0_okno_n2
653729,2,0,0_okno_n5+
653853,0,0,0_okno_n2
653930,3,1,1_okno_n3-4
654082,1,1,1_pozaokno_n2
654119,1,0,0_okno_n2
654237,2,0,0_okno_n2
654258,2,0,0_okno_n2
654322,3,0,0_okno_n1
654345,2,0,0_okno_n1
654535,2,0,0_okno_n2
654663,4,0,0_okno_n1
654758,0,0,0_okno_n1
654791,0,1,1_okno_n1
654793,3,0,0_okno_n3-4
654801,0,0,0_okno_n1
654820,0,0,0_okno_n2
654981,3,0,0_okno_n1
655213,0,0,0_okno_n3-4
655565,1,0,0_okno_n1
655744,0,0,0_okno_n3-4
655753,4,0,0_okno_n1
655967,2,0,0_okno_n1
656189,4,0,0_okno_n3-4
656281,3,0,0_okno_n3-4
656290,3,0,0_okno_n5+
656367,0,0,0_okno_n1
656827,2,0,0_okno_n1
656876,4,0,0_okno_n1
656931,0,0,0_okno_n1
656966,1,0,0_okno_n1
657087,3,0,0_okno_n1
657491,3,0,0_okno_n1
657495,1,0,0_okno_n1
657611,4,0,0_okno_n5+
657615,1,0,0_okno_n1
657826,0,0,0_okno_n3-4
657836,3,0,0_okno_n3-4
657983,1,0,0_okno_n2
658259,0,0,0_okno_n1
658260,0,0,0_okno_n1
658300,3,0,0_okno_n1
658332,4,0,0_okno_n3-4
658366,3,0,0_okno_n1
658418,0,0,0_okno_n3-4
658659,0,0,0_okno_n1
658661,0,0,0_okno_n2
658728,4,0,0_okno_n1
659012,1,0,0_okno_n1
659024,2,0,0_okno_n1
659386,1,0,0_okno_n2
659421,1,0,0_okno_n2
659633,2,0,0_okno_n1
659848,2,1,1_pozaokno_n5+
659870,2,0,0_okno_n1
659872,3,0,0_okno_n1
659879,2,0,0_okno_n1
659917,1,0,0_okno_n3-4
660182,2,0,0_okno_n2
660311,2,0,0_okno_n1
660334,0,0,0_okno_n1
660493,4,0,0_okno_n3-4
660512,3,0,0_okno_n1
660604,3,0,0_okno_n3-4
660628,1,0,0_okno_n3-4
660651,4,0,0_okno_n2
660690,2,0,0_okno_n3-4
660797,3,1,1_okno_n1
660805,3,0,0_okno_n3-4
661133,2,0,0_okno_n2
661147,3,0,0_okno_n1
661524,2,1,1_pozaokno_n1
661619,3,0,0_okno_n1
661683,3,1,1_pozaokno_n1
661810,0,0,0_okno_n3-4
661868,3,0,0_okno_n3-4
662015,3,0,0_okno_n1
662251,1,1,1_pozaokno_n5+
662495,0,0,0_okno_n3-4
662509,0,0,0_okno_n1
662561,1,0,0_okno_n3-4
662645,1,0,0_okno_n1
663177,2,0,0_okno_n1
663210,2,1,1_pozaokno_n2
663254,0,0,0_okno_n1
663321,0,0,0_okno_n2
663336,2,0,0_okno_n1
663363,4,0,0_okno_n1
663388,1,0,0_okno_n2
663425,4,0,0_okno_n5+
663572,3,0,0_okno_n2
663597,4,0,0_okno_n2
663634,4,0,0_okno_n3-4
663679,4,0,0_okno_n1
663956,2,0,0_okno_n1
664040,1,0,0_okno_n1
664155,0,0,0_okno_n2
664299,3,0,0_okno_n1
664369,2,0,0_okno_n2
664455,3,0,0_okno_n2
664481,2,0,0_okno_n1
664555,0,0,0_okno_n1
664732,2,0,0_okno_n1
664756,1,0,0_okno_n1
664787,4,0,0_okno_n1
664825,4,0,0_okno_n1
664856,3,0,0_okno_n1
664873,0,0,0_okno_n1
665042,0,0,0_okno_n1
665078,0,0,0_okno_n5+
665284,3,0,0_okno_n1
665313,3,0,0_okno_n2
665414,0,0,0_okno_n3-4
665457,3,0,0_okno_n1
665671,4,0,0_okno_n2
665674,1,0,0_okno_n1
666009,2,0,0_okno_n1
666047,2,0,0_okno_n1
666175,4,0,0_okno_n1
666257,3,0,0_okno_n3-4
666290,1,0,0_okno_n1
666335,4,1,1_pozaokno_n2
666354,2,0,0_okno_n1
666363,1,0,0_okno_n1
666517,2,0,0_okno_n1
666717,3,0,0_okno_n3-4
666842,3,0,0_okno_n1
666847,2,0,0_okno_n1
666892,3,0,0_okno_n2
666897,2,0,0_okno_n2
666905,1,0,0_okno_n1
667154,2,1,1_pozaokno_n1
667163,0,0,0_okno_n3-4
667344,3,0,0_okno_n1
667449,1,0,0_okno_n5+
667558,1,0,0_okno_n1
667661,1,0,0_okno_n1
667694,2,0,0_okno_n2
667784,2,0,0_okno_n1
667795,4,0,0_okno_n1
667810,1,0,0_okno_n1
667863,2,0,0_okno_n2
667871,1,0,0_okno_n1
667887,2,0,0_okno_n3-4
668039,1,0,0_okno_n2
668153,3,0,0_okno_n2
668168,0,0,0_okno_n2
668211,4,0,0_okno_n1
668287,1,0,0_okno_n1
668478,1,0,0_okno_n1
668493,4,0,0_okno_n2
668618,0,0,0_okno_n1
668663,4,0,0_okno_n1
668671,2,0,0_okno_n1
668674,4,0,0_okno_n1
668743,4,0,0_okno_n1
669231,3,0,0_okno_n2
669379,0,0,0_okno_n1
669428,1,0,0_okno_n1
669505,3,0,0_okno_n1
669674,1,0,0_okno_n2
669785,3,0,0_okno_n1
670013,4,0,0_okno_n5+
670136,1,0,0_okno_n1
670171,0,0,0_okno_n3-4
670172,0,0,0_okno_n2
670173,1,0,0_okno_n3-4
670189,3,0,0_okno_n1
670253,3,0,0_okno_n2
670416,1,0,0_okno_n3-4
670483,3,0,0_okno_n2
670487,0,0,0_okno_n1
670880,3,0,0_okno_n1
670883,2,0,0_okno_n2
670928,2,1,1_pozaokno_n1
671023,3,0,0_okno_n1
671060,1,1,1_pozaokno_n2
671076,0,0,0_okno_n3-4
671089,2,0,0_okno_n1
671126,0,0,0_okno_n3-4
671319,2,0,0_okno_n5+
671320,2,1,1_pozaokno_n5+
671410,4,0,0_okno_n2
671442,3,0,0_okno_n1
671449,2,0,0_okno_n1
671541,1,0,0_okno_n1
671553,4,0,0_okno_n2
671581,3,0,0_okno_n1
671762,4,0,0_okno_n1
671989,2,0,0_okno_n2
672050,1,0,0_okno_n2
672073,2,0,0_okno_n1
672074,0,0,0_okno_n2
672136,4,0,0_okno_n1
672163,0,0,0_okno_n1
672193,0,0,0_okno_n2
672386,4,0,0_okno_n2
672464,0,0,0_okno_n1
672620,1,0,0_okno_n2
672631,2,0,0_okno_n1
672633,4,1,1_pozaokno_n3-4
672820,4,0,0_okno_n1
672830,3,0,0_okno_n1
672909,0,0,0_okno_n3-4
672982,3,0,0_okno_n1
672983,3,0,0_okno_n3-4
673336,2,0,0_okno_n1
673484,0,0,0_okno_n1
673494,2,1,1_pozaokno_n2
673852,3,0,0_okno_n1
674097,2,0,0_okno_n2
674108,1,0,0_okno_n3-4
674323,1,1,1_pozaokno_n5+
674329,3,0,0_okno_n1
674371,1,0,0_okno_n3-4
674394,4,0,0_okno_n3-4
674534,3,0,0_okno_n3-4
674664,1,0,0_okno_n1
674845,4,0,0_okno_n3-4
674860,4,0,0_okno_n2
675034,2,0,0_okno_n1
675070,0,0,0_okno_n2
675099,1,0,0_okno_n2
675256,4,0,0_okno_n1
675258,2,0,0_okno_n1
675314,2,0,0_okno_n1
675318,3,0,0_okno_n1
675343,2,0,0_okno_n1
675379,4,0,0_okno_n1
675471,1,0,0_okno_n5+
675567,3,1,1_pozaokno_n1
675754,4,0,0_okno_n2
676132,4,0,0_okno_n3-4
676372,0,0,0_okno_n3-4
676377,0,0,0_okno_n1
676419,2,0,0_okno_n1
676494,4,0,0_okno_n1
676590,0,0,0_okno_n1
676651,3,0,0_okno_n1
676892,3,1,1_pozaokno_n3-4
676893,1,0,0_okno_n1
677026,1,0,0_okno_n3-4
677108,0,0,0_okno_n2
677656,1,0,0_okno_n1
677783,1,0,0_okno_n1
678017,3,0,0_okno_n3-4
678029,3,0,0_okno_n1
678037,1,1,1_pozaokno_n2
678082,1,0,0_okno_n1
678090,0,0,0_okno_n2
678399,1,1,1_pozaokno_n1
678477,3,0,0_okno_n3-4
678530,2,0,0_okno_n1
678599,2,0,0_okno_n5+
678628,4,0,0_okno_n1
678633,2,0,0_okno_n1
678792,4,0,0_okno_n1
678797,4,0,0_okno_n1
678891,4,0,0_okno_n2
678997,1,0,0_okno_n1
679254,3,0,0_okno_n2
679255,1,0,0_okno_n2
679261,1,0,0_okno_n2
679275,0,0,0_okno_n1
679442,4,0,0_okno_n3-4
679487,4,0,0_okno_n1
679511,3,0,0_okno_n1
679863,1,0,0_okno_n2
680024,1,0,0_okno_n2
680035,1,0,0_okno_n1
680044,2,0,0_okno_n1
680121,4,0,0_okno_n1
680165,2,0,0_okno_n1
680187,2,1,1_pozaokno_n1
680192,2,0,0_okno_n2
680269,0,0,0_okno_n2
680282,1,0,0_okno_n5+
680297,0,0,0_okno_n1
680467,4,0,0_okno_n1
680537,0,0,0_okno_n1
680779,3,0,0_okno_n2
681082,3,0,0_okno_n1
681087,3,0,0_okno_n3-4
681678,2,0,0_okno_n1
681844,3,0,0_okno_n1
681879,1,0,0_okno_n1
681923,4,0,0_okno_n1
681938,4,0,0_okno_n1
682057,0,1,1_pozaokno_n3-4
682076,4,0,0_okno_n2
682272,1,0,0_okno_n2
682441,3,0,0_okno_n3-4
682442,4,0,0_okno_n1
682817,4,0,0_okno_n1
682972,0,0,0_okno_n1
682986,0,0,0_okno_n2
683038,1,0,0_okno_n2
683097,2,0,0_okno_n3-4
683107,2,0,0_okno_n1
683163,4,0,0_okno_n1
683293,1,0,0_okno_n1
683338,0,0,0_okno_n5+
683342,3,1,1_pozaokno_n2
683362,0,0,0_okno_n2
683372,0,0,0_okno_n1
683396,1,0,0_okno_n2
683415,3,0,0_okno_n2
683558,2,0,0_okno_n1
684145,2,0,0_okno_n2
684305,3,0,0_okno_n1
684414,3,0,0_okno_n2
684581,0,0,0_okno_n1
684615,2,0,0_okno_n2
684957,0,0,0_okno_n1
685018,2,0,0_okno_n2
685029,1,0,0_okno_n5+
685088,4,0,0_okno_n1
685096,2,0,0_okno_n3-4
685284,0,0,0_okno_n1
685325,3,0,0_okno_n2
685449,3,1,1_pozaokno_n5+
685681,4,0,0_okno_n2
685699,0,0,0_okno_n1
685918,2,0,0_okno_n1
685977,0,0,0_okno_n1
686001,2,0,0_okno_n3-4
686020,0,0,0_okno_n1
686102,4,0,0_okno_n3-4
686138,1,0,0_okno_n1
686192,4,0,0_okno_n1
686204,4,0,0_okno_n1
686248,2,0,0_okno_n3-4
686249,0,0,0_okno_n5+
686268,4,0,0_okno_n1
686288,2,0,0_okno_n1
686296,0,0,0_okno_n1
686361,0,0,0_okno_n1
686508,0,0,0_okno_n1
686537,4,0,0_okno_n1
686585,0,0,0_okno_n2
686730,0,0,0_okno_n1
686962,3,0,0_okno_n2
686970,4,0,0_okno_n2
687107,0,0,0_okno_n1
687489,1,0,0_okno_n1
687607,0,0,0_okno_n5+
687610,4,1,1_pozaokno_n2
687657,3,0,0_okno_n3-4
687746,4,0,0_okno_n1
687886,0,0,0_okno_n1
687893,2,0,0_okno_n3-4
687905,0,0,0_okno_n2
687980,4,0,0_okno_n5+
688002,2,0,0_okno_n1
688091,1,0,0_okno_n1
688196,1,0,0_okno_n1
688279,4,0,0_okno_n3-4
688342,2,0,0_okno_n1
688556,2,0,0_okno_n2
688603,3,0,0_okno_n2
688636,4,0,0_okno_n1
688751,4,0,0_okno_n3-4
689198,4,0,0_okno_n3-4
689223,4,0,0_okno_n1
689251,4,0,0_okno_n1
689299,4,0,0_okno_n1
689347,4,0,0_okno_n3-4
689391,3,0,0_okno_n5+
689424,0,0,0_okno_n1
689529,4,0,0_okno_n2
689722,0,0,0_okno_n2
689750,3,0,0_okno_n2
689831,1,0,0_okno_n1
690085,0,0,0_okno_n1
690253,3,0,0_okno_n1
690292,1,0,0_okno_n1
690344,4,0,0_okno_n2
690443,1,1,1_pozaokno_n1
690466,3,0,0_okno_n1
690576,0,0,0_okno_n3-4
690588,2,0,0_okno_n1
690785,3,0,0_okno_n3-4
691211,3,1,1_pozaokno_n1
691341,3,0,0_okno_n3-4
691374,3,0,0_okno_n1
691427,3,0,0_okno_n3-4
691536,3,0,0_okno_n1
691581,2,0,0_okno_n2
691777,0,0,0_okno_n3-4
691816,3,0,0_okno_n2
691950,0,0,0_okno_n2
691952,3,0,0_okno_n1
691989,0,0,0_okno_n1
692259,3,0,0_okno_n1
692303,0,0,0_okno_n2
692403,4,0,0_okno_n5+
692427,1,0,0_okno_n1
692458,1,0,0_okno_n1
692522,2,0,0_okno_n1
692526,4,1,1_pozaokno_n5+
692590,0,0,0_okno_n1
692618,3,0,0_okno_n1
692781,0,0,0_okno_n1
692808,4,0,0_okno_n5+
692965,2,0,0_okno_n5+
693129,0,0,0_okno_n3-4
693134,3,0,0_okno_n1
693299,2,0,0_okno_n5+
693315,4,0,0_okno_n2
693316,3,1,1_pozaokno_n5+
693317,4,0,0_okno_n1
693437,0,0,0_okno_n1
693440,4,0,0_okno_n1
693456,1,0,0_okno_n1
693466,1,0,0_okno_n3-4
693521,4,0,0_okno_n3-4
693593,0,0,0_okno_n2
693620,3,0,0_okno_n2
693643,1,0,0_okno_n1
693777,2,0,0_okno_n2
693809,3,0,0_okno_n1
693811,4,0,0_okno_n1
694011,2,0,0_okno_n3-4
694219,1,0,0_okno_n3-4
694278,0,0,0_okno_n1
694288,4,0,0_okno_n2
694357,1,0,0_okno_n1
694375,2,0,0_okno_n2
694379,3,0,0_okno_n1
694435,3,0,0_okno_n3-4
694466,3,0,0_okno_n1
694530,0,0,0_okno_n1
694683,2,0,0_okno_n1
694874,4,0,0_okno_n1
695119,0,0,0_okno_n1
695211,4,0,0_okno_n1
695268,1,0,0_okno_n1
695324,2,0,0_okno_n1
695502,3,0,0_okno_n1
695539,1,0,0_okno_n1
695553,2,1,1_pozaokno_n5+
695583,0,0,0_okno_n1
695709,3,0,0_okno_n1
695955,2,0,0_okno_n3-4
696089,3,0,0_okno_n2
696181,2,0,0_okno_n1
696255,2,0,0_okno_n1
696387,1,0,0_okno_n1
696432,1,0,0_okno_n1
696439,4,0,0_okno_n1
696489,3,0,0_okno_n1
696513,4,0,0_okno_n5+
696518,4,0,0_okno_n2
696651,3,0,0_okno_n1
696700,3,0,0_okno_n1
696783,4,0,0_okno_n1
696843,4,0,0_okno_n1
696863,1,0,0_okno_n2
696868,1,0,0_okno_n3-4
696996,1,0,0_okno_n3-4
697013,4,0,0_okno_n1
697041,3,0,0_okno_n2
697222,0,0,0_okno_n3-4
697223,3,0,0_okno_n1
697298,0,0,0_okno_n5+
697398,0,1,1_pozaokno_n3-4
697469,2,0,0_okno_n1
697589,3,0,0_okno_n1
697645,0,0,0_okno_n1
697673,4,0,0_okno_n1
697761,0,0,0_okno_n1
697762,3,0,0_okno_n5+
697961,2,0,0_okno_n2
698186,1,0,0_okno_n1
698190,2,0,0_okno_n1
698244,1,0,0_okno_n3-4
698300,2,0,0_okno_n1
698301,3,0,0_okno_n1
698303,3,0,0_okno_n1
698324,0,0,0_okno_n2
698421,1,0,0_okno_n1
698533,3,0,0_okno_n3-4
698546,1,0,0_okno_n1
698585,1,0,0_okno_n3-4
698676,4,0,0_okno_n2
698891,4,0,0_okno_n2
698910,0,0,0_okno_n1
698939,2,0,0_okno_n2
699031,1,0,0_okno_n1
699035,1,0,0_okno_n2
699057,0,0,0_okno_n1
699273,1,0,0_okno_n1
699321,3,0,0_okno_n2
699355,0,0,0_okno_n1
699447,4,0,0_okno_n1
699626,1,0,0_okno_n3-4
699636,0,0,0_okno_n2
699691,1,1,1_pozaokno_n1
699784,3,0,0_okno_n1
699868,3,0,0_okno_n1
699870,4,0,0_okno_n1
699915,2,0,0_okno_n3-4
700098,0,0,0_okno_n3-4
700151,0,0,0_okno_n2
700155,0,0,0_okno_n1
700230,1,0,0_okno_n3-4
700303,3,0,0_okno_n1
700438,4,0,0_okno_n3-4
700564,1,0,0_okno_n1
700746,1,0,0_okno_n1
700815,2,0,0_okno_n2
700873,0,0,0_okno_n1
700927,4,0,0_okno_n2
701013,4,1,1_pozaokno_n5+
701602,3,0,0_okno_n1
701604,3,0,0_okno_n3-4
701623,2,0,0_okno_n1
702026,0,0,0_okno_n1
702113,4,0,0_okno_n5+
702142,1,0,0_okno_n1
702145,0,0,0_okno_n1
702180,0,0,0_okno_n3-4
702217,4,0,0_okno_n1
702240,4,0,0_okno_n2
702440,0,0,0_okno_n2
702444,4,0,0_okno_n2
702481,2,0,0_okno_n1
702489,4,0,0_okno_n1
702680,2,0,0_okno_n2
702747,4,1,1_pozaokno_n3-4
702939,2,1,1_pozaokno_n1
702961,4,0,0_okno_n1
703046,2,0,0_okno_n2
703059,3,0,0_okno_n1
703063,4,0,0_okno_n2
703072,2,0,0_okno_n3-4
703204,2,0,0_okno_n1
703213,4,0,0_okno_n1
703258,3,0,0_okno_n2
703321,3,0,0_okno_n1
703387,3,1,1_pozaokno_n2
703396,4,0,0_okno_n3-4
703496,3,0,0_okno_n5+
703710,3,0,0_okno_n1
703798,0,0,0_okno_n1
703799,4,0,0_okno_n1
703824,3,0,0_okno_n1
703883,0,0,0_okno_n1
704094,4,0,0_okno_n1
704199,3,0,0_okno_n1
704525,2,0,0_okno_n1
704533,1,0,0_okno_n1
704558,0,0,0_okno_n2
704593,1,0,0_okno_n1
704763,2,0,0_okno_n1
704837,2,0,0_okno_n3-4
704904,0,0,0_okno_n2
705031,1,0,0_okno_n3-4
705046,1,0,0_okno_n2
705072,1,0,0_okno_n1
705349,4,0,0_okno_n1
705368,4,0,0_okno_n2
705373,3,0,0_okno_n1
705409,2,0,0_okno_n2
705474,4,0,0_okno_n1
705670,4,0,0_okno_n3-4
705691,2,0,0_okno_n2
705693,3,0,0_okno_n5+
705811,2,0,0_okno_n1
705844,0,0,0_okno_n1
705899,2,0,0_okno_n2
706066,4,0,0_okno_n2
706072,3,0,0_okno_n5+
706080,0,0,0_okno_n1
706133,3,0,0_okno_n2
706155,4,0,0_okno_n3-4
706164,4,0,0_okno_n1
706170,4,0,0_okno_n1
706180,2,0,0_okno_n3-4
706530,3,0,0_okno_n2
706681,1,0,0_okno_n1
706835,3,1,1_pozaokno_n1
707155,0,0,0_okno_n2
707258,2,0,0_okno_n2
707347,3,0,0_okno_n1
707471,0,0,0_okno_n5+
707504,1,0,0_okno_n3-4
707506,1,0,0_okno_n1
707519,0,0,0_okno_n2
707522,4,0,0_okno_n2
707558,0,0,0_okno_n1
707568,3,0,0_okno_n2
707587,0,0,0_okno_n2
707589,3,1,1_pozaokno_n1
708086,0,0,0_okno_n3-4
708105,2,0,0_okno_n3-4
708179,2,0,0_okno_n3-4
708243,4,0,0_okno_n1
708326,3,0,0_okno_n1
708395,3,0,0_okno_n2
708457,1,0,0_okno_n2
708618,4,0,0_okno_n3-4
708652,2,0,0_okno_n1
708764,0,0,0_okno_n2
708778,1,0,0_okno_n2
708850,0,0,0_okno_n2
708861,3,0,0_okno_n1
708966,4,0,0_okno_n1
709074,4,0,0_okno_n1
709122,1,0,0_okno_n1
709265,0,0,0_okno_n2
709414,4,0,0_okno_n5+
709585,4,0,0_okno_n2
709649,2,0,0_okno_n3-4
709675,1,1,1_pozaokno_n2
709682,3,0,0_okno_n1
710103,2,0,0_okno_n1
710206,2,0,0_okno_n5+
710220,2,0,0_okno_n1
710224,3,0,0_okno_n2
710235,3,0,0_okno_n2
710243,0,0,0_okno_n1
710268,3,0,0_okno_n1
710465,4,0,0_okno_n1
710558,4,0,0_okno_n1
710587,2,0,0_okno_n3-4
710591,4,0,0_okno_n2
710926,0,0,0_okno_n2
711221,1,0,0_okno_n2
711230,4,0,0_okno_n2
711372,4,0,0_okno_n5+
711384,1,0,0_okno_n1
711489,0,0,0_okno_n1
711639,4,0,0_okno_n5+
711809,1,0,0_okno_n1
712117,2,0,0_okno_n1
712197,3,0,0_okno_n2
712730,1,0,0_okno_n1
712857,1,0,0_okno_n2
712970,2,0,0_okno_n1
712984,0,0,0_okno_n2
713290,0,0,0_okno_n1
713348,2,0,0_okno_n1
713410,0,0,0_okno_n1
713465,3,0,0_okno_n5+
713823,2,0,0_okno_n1
713932,1,0,0_okno_n1
714187,2,0,0_okno_n1
714336,4,0,0_okno_n1
714452,0,0,0_okno_n1
714695,0,0,0_okno_n5+
714924,3,0,0_okno_n1
715009,4,0,0_okno_n3-4
715490,4,0,0_okno_n1
715533,0,0,0_okno_n1
715593,1,0,0_okno_n1
715725,3,0,0_okno_n3-4
715939,2,0,0_okno_n1
715941,3,0,0_okno_n1
716369,2,0,0_okno_n1
717210,2,0,0_okno_n3-4
717489,1,0,0_okno_n1
717634,1,0,0_okno_n1
717883,0,0,0_okno_n1
718046,2,0,0_okno_n3-4
718191,3,0,0_okno_n1
718239,2,1,1_pozaokno_n3-4
718279,2,0,0_okno_n3-4
718393,0,0,0_okno_n1
718490,3,0,0_okno_n1
718614,3,0,0_okno_n1
718639,1,0,0_okno_n1
718716,4,0,0_okno_n1
718740,3,0,0_okno_n3-4
718826,2,0,0_okno_n2
718858,4,0,0_okno_n1
718883,3,0,0_okno_n3-4
718893,3,0,0_okno_n1
718900,2,0,0_okno_n1
718920,4,0,0_okno_n1
718985,4,0,0_okno_n1
719051,3,0,0_okno_n1
719246,4,0,0_okno_n3-4
719502,2,0,0_okno_n2
719607,3,0,0_okno_n1
719774,1,0,0_okno_n3-4
720176,2,0,0_okno_n3-4
720288,3,0,0_okno_n2
720393,4,0,0_okno_n1
720623,0,0,0_okno_n1
721144,2,0,0_okno_n2
721263,4,0,0_okno_n1
721276,1,0,0_okno_n5+
721305,4,0,0_okno_n1
721308,3,0,0_okno_n5+
721468,4,0,0_okno_n1
721470,0,0,0_okno_n5+
721798,4,0,0_okno_n1
722158,0,0,0_okno_n1
722229,1,0,0_okno_n5+
722708,3,0,0_okno_n2
722798,1,0,0_okno_n1
722814,3,0,0_okno_n2
723019,0,0,0_okno_n2
723728,1,0,0_okno_n1
724071,1,0,0_okno_n1
724085,2,0,0_okno_n1
724337,0,0,0_okno_n2
724338,3,1,1_pozaokno_n5+
724360,4,1,1_pozaokno_n2
724501,2,0,0_okno_n1
724667,0,0,0_okno_n1
724758,0,0,0_okno_n1
724798,0,0,0_okno_n1
724939,1,0,0_okno_n1
724995,0,1,1_pozaokno_n1
725244,0,0,0_okno_n1
725250,4,0,0_okno_n1
725258,4,0,0_okno_n2
725260,0,0,0_okno_n1
725344,1,0,0_okno_n1
725366,4,0,0_okno_n2
725568,2,0,0_okno_n1
726003,1,0,0_okno_n1
726038,0,0,0_okno_n1
726046,0,0,0_okno_n1
726049,2,0,0_okno_n1
726164,1,0,0_okno_n5+
726310,1,0,0_okno_n2
726482,4,0,0_okno_n1
726613,0,0,0_okno_n2
726764,3,0,0_okno_n1
726973,4,0,0_okno_n1
727096,3,0,0_okno_n3-4
727471,2,0,0_okno_n2
727604,2,0,0_okno_n5+
727811,4,0,0_okno_n1
727834,2,0,0_okno_n1
727993,4,0,0_okno_n3-4
728023,2,0,0_okno_n3-4
728112,1,0,0_okno_n1
728298,0,0,0_okno_n5+
728356,2,0,0_okno_n5+
728449,0,0,0_okno_n3-4
728684,1,0,0_okno_n5+
728723,0,0,0_okno_n2
728839,3,0,0_okno_n1
728851,4,0,0_okno_n1
728945,0,0,0_okno_n2
729002,3,0,0_okno_n1
729323,3,0,0_okno_n2
729586,2,0,0_okno_n1
729638,1,0,0_okno_n1
729873,2,0,0_okno_n1
729905,2,0,0_okno_n3-4
730077,3,0,0_okno_n1
730091,1,0,0_okno_n3-4
730176,1,0,0_okno_n3-4
730186,3,0,0_okno_n5+
730602,4,0,0_okno_n2
730759,3,0,0_okno_n1
730815,4,0,0_okno_n2
731078,2,0,0_okno_n1
731120,1,0,0_okno_n3-4
731574,2,0,0_okno_n1
731609,1,0,0_okno_n3-4
731738,1,0,0_okno_n1
731763,4,0,0_okno_n1
731855,3,0,0_okno_n3-4
731974,2,0,0_okno_n1
732237,4,0,0_okno_n1
732350,4,0,0_okno_n2
732355,3,0,0_okno_n2
732429,3,0,0_okno_n3-4
732475,1,0,0_okno_n3-4
732491,2,0,0_okno_n1
732678,2,0,0_okno_n1
732866,1,0,0_okno_n3-4
732959,2,0,0_okno_n5+
732976,0,0,0_okno_n5+
733020,1,0,0_okno_n2
733164,4,0,0_okno_n2
733200,0,0,0_okno_n1
733211,4,0,0_okno_n1
733345,4,0,0_okno_n1
733353,2,0,0_okno_n1
733584,4,0,0_okno_n1
733916,0,0,0_okno_n1
734120,0,0,0_okno_n2
734150,0,0,0_okno_n1
734604,2,1,1_pozaokno_n3-4
734624,3,0,0_okno_n1
734756,1,0,0_okno_n2
734807,0,0,0_okno_n1
734905,1,0,0_okno_n2
734960,4,0,0_okno_n1
735099,2,0,0_okno_n1
735123,4,0,0_okno_n3-4
735149,0,0,0_okno_n1
735400,1,0,0_okno_n1
735542,0,0,0_okno_n3-4
735637,4,0,0_okno_n2
735726,0,0,0_okno_n1
736239,2,0,0_okno_n1
736327,2,0,0_okno_n1
736348,1,0,0_okno_n1
736439,4,0,0_okno_n1
736651,4,0,0_okno_n1
736684,2,0,0_okno_n2
736748,3,0,0_okno_n1
736797,4,0,0_okno_n2
736967,0,0,0_okno_n1
737070,2,0,0_okno_n1
737145,3,0,0_okno_n1
737281,0,0,0_okno_n1
737397,4,0,0_okno_n1
737448,4,0,0_okno_n2
737612,0,0,0_okno_n1
737634,0,0,0_okno_n3-4
737933,2,0,0_okno_n1
737977,1,0,0_okno_n1
738134,2,0,0_okno_n2
738339,3,0,0_okno_n1
738518,2,0,0_okno_n1
738595,0,0,0_okno_n1
739064,4,0,0_okno_n1
739075,0,0,0_okno_n1
739097,0,0,0_okno_n1
739270,2,0,0_okno_n3-4
739404,0,0,0_okno_n1
739591,3,0,0_okno_n1
739598,0,0,0_okno_n2
739947,4,0,0_okno_n1
740015,1,0,0_okno_n1
740115,0,0,0_okno_n2
740657,4,0,0_okno_n1
740671,2,0,0_okno_n1
740673,0,0,0_okno_n1
740918,2,0,0_okno_n1
741095,4,0,0_okno_n3-4
741115,1,1,1_okno_n1
741246,3,0,0_okno_n1
741268,3,0,0_okno_n1
741303,1,0,0_okno_n1
741342,1,0,0_okno_n1
741403,2,0,0_okno_n2
741549,1,0,0_okno_n1
741668,2,0,0_okno_n3-4
741864,2,0,0_okno_n5+
741898,0,0,0_okno_n1
742103,3,0,0_okno_n5+
742241,3,0,0_okno_n1
742380,4,0,0_okno_n2
742468,0,0,0_okno_n2
742523,3,0,0_okno_n3-4
742594,4,0,0_okno_n1
742767,3,0,0_okno_n2
742865,2,0,0_okno_n3-4
743016,1,0,0_okno_n2
743117,2,0,0_okno_n2
743237,3,0,0_okno_n1
743294,2,0,0_okno_n3-4
743393,3,0,0_okno_n2
743936,1,0,0_okno_n1
744033,3,0,0_okno_n1
744044,0,0,0_okno_n2
744173,1,0,0_okno_n1
744191,4,0,0_okno_n1
744299,1,0,0_okno_n3-4
744356,4,0,0_okno_n5+
744505,3,0,0_okno_n2
744798,2,0,0_okno_n1
744821,0,0,0_okno_n1
744923,1,1,1_pozaokno_n1
744929,3,0,0_okno_n3-4
744956,4,0,0_okno_n5+
744994,3,1,1_pozaokno_n3-4
745117,0,0,0_okno_n2
745306,1,0,0_okno_n1
745617,1,0,0_okno_n1
745703,0,0,0_okno_n1
746045,0,0,0_okno_n1
746232,1,0,0_okno_n3-4
746257,3,0,0_okno_n2
746521,0,0,0_okno_n1
746780,1,0,0_okno_n1
747114,2,0,0_okno_n1
747196,1,0,0_okno_n1
747292,0,0,0_okno_n1
747306,0,0,0_okno_n1
747405,3,0,0_okno_n1
747461,0,0,0_okno_n1
747938,0,0,0_okno_n3-4
748173,0,0,0_okno_n2
748303,2,0,0_okno_n3-4
748321,1,0,0_okno_n1
748334,1,0,0_okno_n2
748476,1,0,0_okno_n1
748516,3,0,0_okno_n1
748606,3,0,0_okno_n1
748730,1,0,0_okno_n1
748731,2,0,0_okno_n2
748883,4,0,0_okno_n1
748915,4,0,0_okno_n1
748986,2,0,0_okno_n3-4
749172,1,0,0_okno_n1
749195,1,0,0_okno_n5+
749205,3,0,0_okno_n3-4
749294,2,0,0_okno_n1
749342,0,0,0_okno_n1
749395,1,0,0_okno_n3-4
749441,2,0,0_okno_n1
749642,1,0,0_okno_n1
749914,3,0,0_okno_n1
749923,4,0,0_okno_n1
750167,1,1,1_pozaokno_n2
750180,4,0,0_okno_n1
750672,2,0,0_okno_n5+
751706,4,0,0_okno_n1
752027,0,0,0_okno_n1
752176,1,0,0_okno_n1
752397,0,0,0_okno_n1
752674,2,0,0_okno_n3-4
752687,2,0,0_okno_n1
752850,2,0,0_okno_n1
753047,3,0,0_okno_n1
753069,1,0,0_okno_n1
753121,3,0,0_okno_n1
753384,1,0,0_okno_n1
753555,2,0,0_okno_n1
753573,0,0,0_okno_n1
753711,4,0,0_okno_n2
753715,2,0,0_okno_n1
754035,1,0,0_okno_n1
754051,1,0,0_okno_n1
754171,1,0,0_okno_n2
754341,1,0,0_okno_n1
754383,0,0,0_okno_n1
754428,3,0,0_okno_n1
754631,4,0,0_okno_n1
754670,0,0,0_okno_n1
754968,3,0,0_okno_n1
754977,3,0,0_okno_n1
755104,4,0,0_okno_n2
755122,4,0,0_okno_n1
755252,0,0,0_okno_n3-4
755506,4,0,0_okno_n1
755684,1,0,0_okno_n2
755878,2,0,0_okno_n1
755906,1,0,0_okno_n2
755926,2,0,0_okno_n3-4
755939,2,0,0_okno_n5+
756015,2,0,0_okno_n2
756104,4,0,0_okno_n2
756153,2,0,0_okno_n2
756407,1,0,0_okno_n1
756492,1,0,0_okno_n3-4
756504,0,0,0_okno_n5+
756566,1,0,0_okno_n3-4
756581,0,0,0_okno_n1
756822,1,0,0_okno_n1
756883,4,0,0_okno_n1
756985,2,0,0_okno_n3-4
757131,0,0,0_okno_n1
757150,4,0,0_okno_n5+
757164,3,0,0_okno_n2
757197,2,0,0_okno_n3-4
757277,4,0,0_okno_n2
757358,0,0,0_okno_n1
757408,2,0,0_okno_n1
757424,4,0,0_okno_n2
757467,4,0,0_okno_n3-4
757516,0,0,0_okno_n5+
757565,1,0,0_okno_n1
757667,4,0,0_okno_n2
757945,0,0,0_okno_n2
758042,3,0,0_okno_n1
758089,3,0,0_okno_n1
758109,3,0,0_okno_n1
758242,2,0,0_okno_n3-4
758383,3,0,0_okno_n1
758480,3,0,0_okno_n1
758576,4,0,0_okno_n1
758758,3,0,0_okno_n1
758861,3,0,0_okno_n2
759017,4,0,0_okno_n1
759070,4,0,0_okno_n2
759129,4,0,0_okno_n1
759186,0,0,0_okno_n3-4
759204,3,0,0_okno_n3-4
759241,0,0,0_okno_n1
759518,1,1,1_pozaokno_n5+
759567,4,0,0_okno_n1
759739,3,0,0_okno_n2
759854,2,0,0_okno_n1
759995,0,1,1_pozaokno_n5+
760017,1,0,0_okno_n1
760032,4,0,0_okno_n1
760226,3,0,0_okno_n2
760585,0,0,0_okno_n2
760590,3,0,0_okno_n1
760665,0,0,0_okno_n1
760837,0,0,0_okno_n1
760861,0,0,0_okno_n2
761134,3,0,0_okno_n1
761236,3,0,0_okno_n1
761349,2,0,0_okno_n2
761389,1,0,0_okno_n1
761534,4,0,0_okno_n5+
761741,2,1,1_pozaokno_n1
762034,2,0,0_okno_n1
762096,4,0,0_okno_n5+
762207,1,0,0_okno_n1
762219,1,0,0_okno_n1
762288,2,0,0_okno_n1
762370,2,0,0_okno_n1
762687,2,0,0_okno_n1
762785,3,0,0_okno_n2
762814,0,0,0_okno_n3-4
762824,2,0,0_okno_n3-4
762934,0,0,0_okno_n3-4
763106,1,0,0_okno_n5+
763296,4,0,0_okno_n1
763328,4,0,0_okno_n1
763520,2,0,0_okno_n1
763545,0,0,0_okno_n1
763725,3,0,0_okno_n1
763803,4,0,0_okno_n1
763878,1,0,0_okno_n3-4
763885,0,0,0_okno_n1
763904,2,0,0_okno_n1
764049,2,0,0_okno_n1
764122,2,0,0_okno_n3-4
764156,3,0,0_okno_n1
764169,3,0,0_okno_n1
764256,0,0,0_okno_n1
764604,0,0,0_okno_n1
764873,2,0,0_okno_n1
765319,2,0,0_okno_n5+
765429,3,0,0_okno_n2
765453,3,0,0_okno_n5+
765466,1,0,0_okno_n5+
765535,2,0,0_okno_n1
765589,1,0,0_okno_n1
765629,4,0,0_okno_n1
765719,2,1,1_pozaokno_n2
765743,3,0,0_okno_n1
765810,4,0,0_okno_n3-4
765866,2,0,0_okno_n1
765972,2,0,0_okno_n1
765976,0,0,0_okno_n1
766006,4,0,0_okno_n1
766302,0,0,0_okno_n1
766321,4,0,0_okno_n1
766336,4,0,0_okno_n1
766366,4,0,0_okno_n2
766474,3,0,0_okno_n1
766722,1,0,0_okno_n1
766761,0,0,0_okno_n3-4
766763,1,0,0_okno_n3-4
766910,1,0,0_okno_n1
767012,2,0,0_okno_n2
767207,1,0,0_okno_n1
767363,4,0,0_okno_n1
767455,0,0,0_okno_n1
767567,1,0,0_okno_n1
767605,3,0,0_okno_n1
767619,2,0,0_okno_n1
767729,4,0,0_okno_n1
767909,3,0,0_okno_n1
767997,3,0,0_okno_n1
768076,3,0,0_okno_n2
768130,2,0,0_okno_n3-4
768233,2,0,0_okno_n1
768345,0,0,0_okno_n1
768516,2,0,0_okno_n1
768833,0,0,0_okno_n3-4
769185,3,0,0_okno_n5+
769334,0,0,0_okno_n2
769729,0,0,0_okno_n3-4
769792,1,0,0_okno_n5+
769798,0,0,0_okno_n1
769952,4,0,0_okno_n1
769991,0,0,0_okno_n3-4
770192,0,0,0_okno_n1
770231,3,0,0_okno_n1
770256,0,0,0_okno_n1
770259,1,0,0_okno_n3-4
770401,1,0,0_okno_n1
770485,1,0,0_okno_n1
770561,4,0,0_okno_n1
770587,4,0,0_okno_n2
770675,3,0,0_okno_n1
770877,0,0,0_okno_n2
770950,2,0,0_okno_n2
770962,1,0,0_okno_n2
771052,2,0,0_okno_n1
771181,2,0,0_okno_n1
771332,3,0,0_okno_n1
771410,2,0,0_okno_n1
771579,3,0,0_okno_n3-4
771630,3,0,0_okno_n2
771766,0,0,0_okno_n1
771831,3,0,0_okno_n1
771982,0,0,0_okno_n5+
771994,1,0,0_okno_n1
772203,0,0,0_okno_n1
772276,3,0,0_okno_n1
772301,0,0,0_okno_n2
772395,1,0,0_okno_n1
772474,3,0,0_okno_n2
772712,3,0,0_okno_n1
772809,0,0,0_okno_n1
772893,0,0,0_okno_n2
773056,0,1,1_okno_n3-4
773136,2,0,0_okno_n1
773139,2,0,0_okno_n2
773303,1,0,0_okno_n1
773312,0,0,0_okno_n1
773315,2,0,0_okno_n3-4
773351,2,0,0_okno_n2
773388,0,0,0_okno_n1
773558,3,0,0_okno_n1
773608,0,0,0_okno_n1
773620,0,0,0_okno_n1
773741,3,0,0_okno_n1
773935,2,0,0_okno_n2
773957,4,0,0_okno_n1
774107,4,0,0_okno_n1
774110,4,0,0_okno_n1
774264,2,0,0_okno_n2
774289,2,0,0_okno_n1
774376,3,0,0_okno_n2
774395,4,0,0_okno_n5+
774440,1,0,0_okno_n1
774459,0,0,0_okno_n2
774547,3,0,0_okno_n1
774757,2,0,0_okno_n3-4
774858,0,0,0_okno_n2
774871,2,0,0_okno_n2
774904,3,0,0_okno_n1
774953,3,0,0_okno_n1
774958,3,0,0_okno_n2
775032,0,0,0_okno_n1
775126,4,0,0_okno_n3-4
775179,1,0,0_okno_n1
775183,1,0,0_okno_n1
775198,2,0,0_okno_n3-4
775254,2,0,0_okno_n1
775278,0,0,0_okno_n2
775392,4,0,0_okno_n1
775676,3,0,0_okno_n2
775843,2,0,0_okno_n1
775960,3,0,0_okno_n2
776278,1,1,1_pozaokno_n1
776364,2,0,0_okno_n2
776418,4,0,0_okno_n2
776629,0,0,0_okno_n3-4
776637,1,0,0_okno_n1
776806,2,0,0_okno_n3-4
776817,1,0,0_okno_n1
776886,4,0,0_okno_n5+
776916,2,0,0_okno_n1
776996,1,0,0_okno_n1
777100,2,0,0_okno_n1
777226,1,1,1_pozaokno_n1
777249,0,0,0_okno_n2
777261,0,0,0_okno_n1
777271,0,0,0_okno_n3-4
777436,1,0,0_okno_n2
777731,3,0,0_okno_n1
777771,2,0,0_okno_n3-4
777856,2,0,0_okno_n2
777890,0,0,0_okno_n1
777910,4,0,0_okno_n1
778146,1,0,0_okno_n3-4
778181,2,0,0_okno_n1
778195,3,0,0_okno_n2
778230,4,0,0_okno_n1
778252,1,0,0_okno_n1
778388,2,0,0_okno_n1
778422,2,0,0_okno_n5+
778689,3,0,0_okno_n1
778723,4,0,0_okno_n1
778774,1,0,0_okno_n2
778912,3,0,0_okno_n5+
778931,2,0,0_okno_n1
778943,1,0,0_okno_n3-4
779126,4,0,0_okno_n1
779140,3,0,0_okno_n1
779148,4,0,0_okno_n3-4
779497,4,0,0_okno_n1
779789,4,0,0_okno_n1
780056,2,0,0_okno_n3-4
780073,0,0,0_okno_n2
780091,0,0,0_okno_n1
780141,4,0,0_okno_n1
780252,4,0,0_okno_n3-4
780411,0,0,0_okno_n3-4
780508,1,0,0_okno_n1
780608,4,0,0_okno_n3-4
780790,4,0,0_okno_n1
780837,3,0,0_okno_n1
780857,3,0,0_okno_n3-4
780959,4,0,0_okno_n1
781007,0,0,0_okno_n1
781046,1,0,0_okno_n2
781120,4,0,0_okno_n1
781180,4,0,0_okno_n3-4
781286,4,0,0_okno_n3-4
781320,1,0,0_okno_n1
781371,3,0,0_okno_n3-4
781441,1,1,1_pozaokno_n3-4
781544,1,0,0_okno_n2
781589,0,0,0_okno_n1
781679,2,0,0_okno_n2
781750,1,0,0_okno_n2
781769,2,1,1_pozaokno_n5+
781889,2,0,0_okno_n1
781894,3,0,0_okno_n2
782000,2,0,0_okno_n1
782019,0,0,0_okno_n3-4
782153,2,1,1_pozaokno_n1
782305,2,0,0_okno_n3-4
782386,2,0,0_okno_n2
782435,4,0,0_okno_n1
782456,3,0,0_okno_n2
782494,1,0,0_okno_n3-4
782533,0,0,0_okno_n1
782604,2,0,0_okno_n2
782783,1,0,0_okno_n1
782822,2,0,0_okno_n3-4
782848,4,0,0_okno_n2
782858,1,0,0_okno_n1
783068,0,0,0_okno_n2
783126,3,0,0_okno_n1
783170,1,0,0_okno_n2
783256,3,0,0_okno_n2
783395,0,1,1_pozaokno_n1
783425,4,0,0_okno_n2
783523,0,0,0_okno_n1
783566,0,0,0_okno_n2
783697,1,0,0_okno_n1
783703,1,0,0_okno_n2
783782,1,0,0_okno_n5+
783784,4,0,0_okno_n2
783858,3,0,0_okno_n1
784005,1,0,0_okno_n2
784253,3,0,0_okno_n1
784346,0,0,0_okno_n3-4
784438,0,0,0_okno_n1
784568,0,0,0_okno_n1
784689,1,0,0_okno_n5+
784709,4,0,0_okno_n1
784760,1,0,0_okno_n2
784770,4,0,0_okno_n5+
784861,1,1,1_pozaokno_n2
784916,3,0,0_okno_n1
784977,0,0,0_okno_n1
785012,1,0,0_okno_n2
785150,1,0,0_okno_n1
785159,0,0,0_okno_n1
785165,0,0,0_okno_n2
785350,0,0,0_okno_n3-4
785371,2,0,0_okno_n2
785416,4,0,0_okno_n1
785572,3,0,0_okno_n3-4
785603,2,0,0_okno_n5+
785726,1,0,0_okno_n3-4
785895,0,0,0_okno_n2
786021,2,0,0_okno_n2
786032,1,0,0_okno_n1
786047,4,0,0_okno_n3-4
786054,2,1,1_pozaokno_n3-4
786077,3,0,0_okno_n1
786156,2,0,0_okno_n2
786247,1,0,0_okno_n1
786317,1,0,0_okno_n1
786342,4,0,0_okno_n1
786457,4,0,0_okno_n3-4
786707,2,0,0_okno_n1
786782,2,0,0_okno_n1
787239,0,0,0_okno_n2
787264,4,0,0_okno_n5+
787304,2,0,0_okno_n1
787312,2,0,0_okno_n1
787434,2,0,0_okno_n1
787478,0,0,0_okno_n1
787484,3,0,0_okno_n1
787601,4,0,0_okno_n3-4
787652,3,0,0_okno_n1
787722,4,0,0_okno_n1
787770,3,0,0_okno_n1
788046,4,0,0_okno_n3-4
788077,2,0,0_okno_n1
788079,0,0,0_okno_n2
788082,3,0,0_okno_n1
788188,0,0,0_okno_n2
788217,4,0,0_okno_n3-4
788290,0,0,0_okno_n2
788296,2,0,0_okno_n2
788482,1,0,0_okno_n3-4
788496,1,0,0_okno_n1
788616,4,0,0_okno_n2
788660,0,0,0_okno_n2
788662,0,0,0_okno_n1
788717,1,0,0_okno_n1
788766,2,0,0_okno_n1
788787,0,0,0_okno_n2
788803,3,0,0_okno_n1
788809,3,0,0_okno_n1
788826,2,0,0_okno_n3-4
788935,4,0,0_okno_n2
788945,0,0,0_okno_n1
789043,3,0,0_okno_n2
789095,0,0,0_okno_n3-4
789164,0,0,0_okno_n2
789209,4,0,0_okno_n1
789616,2,0,0_okno_n3-4
789625,1,0,0_okno_n1
789647,3,0,0_okno_n2
789674,2,0,0_okno_n2
789701,2,0,0_okno_n1
789706,1,0,0_okno_n1
789720,2,0,0_okno_n3-4
789731,0,0,0_okno_n1
789763,0,0,0_okno_n2
789874,4,0,0_okno_n1
789922,1,0,0_okno_n1
790044,3,0,0_okno_n1
790081,2,0,0_okno_n1
790090,1,0,0_okno_n2
790155,3,0,0_okno_n2
790297,0,0,0_okno_n1
790362,4,0,0_okno_n2
790438,1,0,0_okno_n2
790467,1,0,0_okno_n1
790546,2,0,0_okno_n2
790658,0,0,0_okno_n2
790676,1,0,0_okno_n1
790842,2,0,0_okno_n2
790928,4,1,1_pozaokno_n2
791110,4,0,0_okno_n1
791193,2,0,0_okno_n2
791215,2,0,0_okno_n2
791224,0,0,0_okno_n1
791234,4,0,0_okno_n2
791252,0,1,1_okno_n5+
791285,0,0,0_okno_n3-4
791350,0,0,0_okno_n1
791389,2,0,0_okno_n1
791396,3,0,0_okno_n1
791405,3,0,0_okno_n1
791416,3,1,1_pozaokno_n2
791492,4,0,0_okno_n1
791512,0,0,0_okno_n1
791530,2,0,0_okno_n1
791623,2,0,0_okno_n5+
791670,2,0,0_okno_n1
791837,3,0,0_okno_n3-4
791987,3,0,0_okno_n3-4
792125,1,0,0_okno_n1
792143,1,0,0_okno_n2
792201,4,1,1_okno_n1
792207,2,0,0_okno_n1
792211,4,0,0_okno_n1
792221,4,0,0_okno_n1
792264,1,0,0_okno_n3-4
792327,1,0,0_okno_n1
792340,4,1,1_pozaokno_n5+
792361,3,0,0_okno_n2
792429,2,0,0_okno_n1
792627,0,0,0_okno_n1
792637,4,0,0_okno_n1
792654,3,0,0_okno_n1
792840,2,0,0_okno_n3-4
792902,3,0,0_okno_n1
792931,1,0,0_okno_n1
793063,2,0,0_okno_n3-4
793098,4,0,0_okno_n3-4
793111,3,0,0_okno_n3-4
793215,3,0,0_okno_n2
793227,0,0,0_okno_n1
793249,2,0,0_okno_n5+
793304,1,0,0_okno_n3-4
793347,4,0,0_okno_n1
793352,2,0,0_okno_n3-4
793460,1,0,0_okno_n1
793485,3,0,0_okno_n2
793559,2,0,0_okno_n3-4
793577,1,0,0_okno_n1
793824,0,0,0_okno_n5+
793867,4,0,0_okno_n1
793879,0,0,0_okno_n2
794029,2,0,0_okno_n3-4
794157,2,0,0_okno_n5+
794200,4,0,0_okno_n2
794236,0,0,0_okno_n1
794275,4,0,0_okno_n1
794293,0,0,0_okno_n1
794312,0,0,0_okno_n1
794333,4,0,0_okno_n2
794376,2,0,0_okno_n1
794413,3,0,0_okno_n1
794423,1,0,0_okno_n5+
794448,3,0,0_okno_n1
794484,2,0,0_okno_n5+
794529,4,0,0_okno_n3-4
794600,3,0,0_okno_n3-4
794656,2,0,0_okno_n1
794658,1,0,0_okno_n1
794700,3,0,0_okno_n2
794731,1,0,0_okno_n2
794864,4,0,0_okno_n1
794874,0,0,0_okno_n1
794955,1,0,0_okno_n1
794974,0,0,0_okno_n2
795056,1,0,0_okno_n1
795059,0,1,1_pozaokno_n3-4
795185,2,0,0_okno_n1
795215,4,0,0_okno_n1
795227,2,1,1_pozaokno_n1
795292,1,0,0_okno_n3-4
795306,4,0,0_okno_n2
795387,3,1,1_pozaokno_n2
795393,2,0,0_okno_n3-4
795404,4,0,0_okno_n1
795410,4,0,0_okno_n1
795426,3,0,0_okno_n2
795444,0,0,0_okno_n2
795472,0,0,0_okno_n2
795519,4,0,0_okno_n1
795560,0,0,0_okno_n2
795712,4,0,0_okno_n2
795788,3,0,0_okno_n3-4
795923,1,0,0_okno_n2
795959,1,0,0_okno_n3-4
795972,0,0,0_okno_n1
796021,2,0,0_okno_n1
796038,3,0,0_okno_n1
796040,2,0,0_okno_n1
796060,2,0,0_okno_n1
796120,3,0,0_okno_n1
796129,2,0,0_okno_n1
796152,2,0,0_okno_n1
796162,3,0,0_okno_n1
796255,2,0,0_okno_n1
796281,2,0,0_okno_n1
796293,3,0,0_okno_n1
796309,2,0,0_okno_n1
796647,3,0,0_okno_n1
796711,2,0,0_okno_n1
796804,0,1,1_pozaokno_n3-4
796882,2,0,0_okno_n3-4
796892,0,0,0_okno_n1
796894,3,0,0_okno_n1
796904,3,1,1_pozaokno_n3-4
796925,0,0,0_okno_n1
797039,2,0,0_okno_n1
797052,2,1,1_pozaokno_n3-4
797056,0,0,0_okno_n2
797057,3,0,0_okno_n2
797229,0,0,0_okno_n1
797253,1,0,0_okno_n1
797268,1,0,0_okno_n1
797296,3,0,0_okno_n1
797309,0,0,0_okno_n1
797320,4,0,0_okno_n1
797342,3,0,0_okno_n2
797367,0,0,0_okno_n2
797373,4,0,0_okno_n1
797473,3,0,0_okno_n1
797542,3,0,0_okno_n2
797579,0,0,0_okno_n1
797656,3,0,0_okno_n1
797663,2,0,0_okno_n1
797694,3,0,0_okno_n1
797752,4,0,0_okno_n1
797762,3,0,0_okno_n2
797867,0,0,0_okno_n1
797911,2,0,0_okno_n5+
797946,0,0,0_okno_n1
798005,3,0,0_okno_n3-4
798024,2,0,0_okno_n1
798301,0,0,0_okno_n2
798392,4,0,0_okno_n1
798451,0,0,0_okno_n2
798453,0,0,0_okno_n2
798538,3,0,0_okno_n3-4
798544,0,0,0_okno_n3-4
798571,2,0,0_okno_n3-4
798758,4,0,0_okno_n1
798873,3,0,0_okno_n2
798876,1,0,0_okno_n1
799024,0,0,0_okno_n3-4
799043,3,0,0_okno_n1
799075,1,0,0_okno_n2
799114,4,0,0_okno_n1
799156,1,0,0_okno_n1
799199,4,0,0_okno_n2
799247,0,0,0_okno_n3-4
799260,2,0,0_okno_n1
799285,1,0,0_okno_n3-4
799351,3,0,0_okno_n2
799386,1,0,0_okno_n2
799459,1,0,0_okno_n1
799530,0,0,0_okno_n1
799693,4,0,0_okno_n2
799711,4,0,0_okno_n1
799728,2,0,0_okno_n3-4
799842,4,0,0_okno_n2
799971,1,0,0_okno_n1
800001,4,0,0_okno_n1
800010,4,0,0_okno_n1
800109,2,0,0_okno_n1
800167,3,0,0_okno_n1
800234,4,0,0_okno_n1
800248,2,0,0_okno_n1
800475,3,0,0_okno_n3-4
800515,1,0,0_okno_n1
800646,4,0,0_okno_n1
800721,1,0,0_okno_n2
800761,4,0,0_okno_n5+
800791,2,0,0_okno_n2
800804,3,0,0_okno_n5+
800805,3,0,0_okno_n1
800818,1,0,0_okno_n1
800829,4,1,1_pozaokno_n2
800976,1,1,1_pozaokno_n2
800992,3,1,1_pozaokno_n2
801029,2,0,0_okno_n1
801121,2,0,0_okno_n1
801132,3,0,0_okno_n1
801175,2,0,0_okno_n1
801181,1,0,0_okno_n1
801212,1,1,1_pozaokno_n2
801299,0,0,0_okno_n1
801345,4,0,0_okno_n5+
801351,3,0,0_okno_n1
801472,1,0,0_okno_n3-4
801506,2,0,0_okno_n2
801593,1,0,0_okno_n5+
801616,4,0,0_okno_n1
801735,3,0,0_okno_n1
801772,3,0,0_okno_n3-4
801785,0,0,0_okno_n2
801808,1,0,0_okno_n1
801869,0,0,0_okno_n3-4
801881,0,0,0_okno_n1
801891,4,0,0_okno_n1
801976,3,0,0_okno_n5+
801978,4,0,0_okno_n3-4
802039,0,0,0_okno_n1
802086,2,0,0_okno_n1
802127,4,0,0_okno_n1
802247,2,0,0_okno_n2
802288,1,0,0_okno_n2
802346,0,0,0_okno_n2
802358,0,0,0_okno_n3-4
802422,3,0,0_okno_n5+
802485,1,0,0_okno_n1
802527,2,0,0_okno_n1
802572,1,0,0_okno_n2
802587,1,0,0_okno_n5+
802623,2,0,0_okno_n5+
802657,2,0,0_okno_n1
802670,1,0,0_okno_n3-4
802693,2,0,0_okno_n1
802765,1,0,0_okno_n1
802790,2,0,0_okno_n1
802872,4,0,0_okno_n2
802949,3,0,0_okno_n1
802955,1,0,0_okno_n1
802959,3,1,1_pozaokno_n1
803049,4,0,0_okno_n5+
803196,4,0,0_okno_n2
803199,2,0,0_okno_n2
803241,4,0,0_okno_n5+
803354,3,0,0_okno_n1
803400,3,0,0_okno_n2
803434,0,0,0_okno_n1
803467,4,0,0_okno_n1
803502,1,0,0_okno_n1
803541,3,1,1_pozaokno_n1
803637,1,0,0_okno_n2
803699,1,0,0_okno_n3-4
803707,1,0,0_okno_n1
803741,3,0,0_okno_n1
803756,0,0,0_okno_n1
803930,1,0,0_okno_n3-4
804045,0,0,0_okno_n1
804113,1,0,0_okno_n2
804115,3,0,0_okno_n1
804378,1,0,0_okno_n1
804430,2,0,0_okno_n1
804442,2,0,0_okno_n5+
804489,3,0,0_okno_n1
804490,4,0,0_okno_n1
804611,0,0,0_okno_n1
804643,4,0,0_okno_n3-4
804653,3,1,1_pozaokno_n1
804704,0,0,0_okno_n1
804736,3,0,0_okno_n1
804791,0,0,0_okno_n2
804861,3,0,0_okno_n1
804890,2,0,0_okno_n2
804907,4,0,0_okno_n3-4
804963,1,0,0_okno_n2
804989,3,1,1_pozaokno_n5+
805078,1,0,0_okno_n1
805103,3,0,0_okno_n1
805109,0,0,0_okno_n5+
805181,0,0,0_okno_n1
805192,4,0,0_okno_n3-4
805203,0,0,0_okno_n1
805211,3,0,0_okno_n1
805292,1,0,0_okno_n3-4
805302,0,0,0_okno_n5+
805303,0,0,0_okno_n1
805455,0,0,0_okno_n1
805483,4,0,0_okno_n2
805535,1,0,0_okno_n2
805540,3,0,0_okno_n1
805554,3,0,0_okno_n2
805734,4,0,0_okno_n3-4
805737,4,0,0_okno_n1
805801,0,0,0_okno_n3-4
805828,2,0,0_okno_n1
805865,1,0,0_okno_n1
806009,3,0,0_okno_n1
806203,3,0,0_okno_n1
806228,2,0,0_okno_n1
806341,1,0,0_okno_n2
806365,0,0,0_okno_n2
806371,0,0,0_okno_n1
806417,1,0,0_okno_n2
806425,3,0,0_okno_n5+
806491,3,0,0_okno_n2
806521,4,1,1_pozaokno_n5+
806544,0,0,0_okno_n2
806599,4,0,0_okno_n5+
806638,4,0,0_okno_n1
806669,2,0,0_okno_n1
806912,2,0,0_okno_n1
806972,2,0,0_okno_n2
807036,3,0,0_okno_n1
807040,4,0,0_okno_n1
807073,1,0,0_okno_n1
807107,0,0,0_okno_n1
807149,3,0,0_okno_n2
807211,3,0,0_okno_n1
807287,1,0,0_okno_n1
807290,3,0,0_okno_n3-4
807366,2,0,0_okno_n3-4
807501,2,0,0_okno_n1
807558,0,0,0_okno_n2
807625,0,0,0_okno_n3-4
807840,0,0,0_okno_n3-4
808043,0,0,0_okno_n1
808171,3,0,0_okno_n3-4
808187,1,0,0_okno_n1
808271,3,0,0_okno_n1
808326,2,0,0_okno_n3-4
808460,4,0,0_okno_n1
808492,4,0,0_okno_n3-4
808499,3,0,0_okno_n2
808504,0,0,0_okno_n3-4
808625,1,0,0_okno_n1
808672,2,0,0_okno_n2
808706,3,0,0_okno_n1
808801,0,0,0_okno_n1
808837,0,0,0_okno_n1
808876,1,0,0_okno_n3-4
808908,1,0,0_okno_n1
808967,1,1,1_pozaokno_n5+
808968,4,1,1_okno_n3-4
809216,3,0,0_okno_n1
809260,2,0,0_okno_n1
809281,4,0,0_okno_n2
809307,0,0,0_okno_n2
809337,2,0,0_okno_n1
809442,3,0,0_okno_n3-4
809450,4,0,0_okno_n1
809465,4,0,0_okno_n2
809466,1,0,0_okno_n1
809568,4,0,0_okno_n1
809660,3,0,0_okno_n1
809750,0,0,0_okno_n3-4
809769,1,0,0_okno_n1
809777,1,0,0_okno_n2
809904,4,0,0_okno_n1
810022,0,0,0_okno_n1
810037,0,0,0_okno_n1
810040,4,0,0_okno_n1
810133,3,0,0_okno_n2
810136,1,0,0_okno_n1
810155,2,0,0_okno_n5+
810175,3,0,0_okno_n1
810185,2,0,0_okno_n3-4
810452,3,0,0_okno_n3-4
810465,4,0,0_okno_n2
810477,2,0,0_okno_n1
810595,4,1,1_pozaokno_n1
810666,4,0,0_okno_n1
810668,0,0,0_okno_n1
810674,2,0,0_okno_n2
810703,3,0,0_okno_n1
810766,0,0,0_okno_n1
810814,3,1,1_pozaokno_n1
811014,0,0,0_okno_n2
811037,0,0,0_okno_n1
811075,2,0,0_okno_n1
811087,1,0,0_okno_n2
811164,3,0,0_okno_n2
811277,1,0,0_okno_n1
811358,1,1,1_pozaokno_n1
811361,3,0,0_okno_n3-4
811557,0,0,0_okno_n1
811597,4,0,0_okno_n1
811642,2,0,0_okno_n2
811700,2,0,0_okno_n1
811722,4,0,0_okno_n5+
811880,0,0,0_okno_n1
811957,1,0,0_okno_n3-4
812021,2,0,0_okno_n3-4
812022,3,0,0_okno_n2
812064,4,0,0_okno_n1
812078,0,0,0_okno_n2
812175,3,0,0_okno_n5+
812183,0,0,0_okno_n1
812236,0,0,0_okno_n2
812331,4,0,0_okno_n5+
812408,2,0,0_okno_n1
812438,0,0,0_okno_n2
812476,1,1,1_pozaokno_n3-4
812648,0,0,0_okno_n1
812663,1,0,0_okno_n2
812665,2,0,0_okno_n2
812695,4,0,0_okno_n3-4
812727,1,0,0_okno_n1
812764,2,0,0_okno_n1
812783,4,1,1_pozaokno_n3-4
812787,2,0,0_okno_n3-4
812825,0,1,1_pozaokno_n2
812953,4,0,0_okno_n2
812971,3,0,0_okno_n1
813046,0,0,0_okno_n1
813091,0,0,0_okno_n2
813106,2,0,0_okno_n3-4
813128,2,0,0_okno_n1
813149,0,0,0_okno_n2
813179,0,0,0_okno_n3-4
813207,2,0,0_okno_n1
813249,1,0,0_okno_n3-4
813253,4,0,0_okno_n1
813317,1,0,0_okno_n1
813330,0,0,0_okno_n2
813388,3,0,0_okno_n5+
813393,0,0,0_okno_n1
813403,0,0,0_okno_n2
813537,4,0,0_okno_n3-4
813650,2,0,0_okno_n1
813783,2,0,0_okno_n1
813884,1,0,0_okno_n1
814000,0,0,0_okno_n1
814034,3,0,0_okno_n2
814058,1,0,0_okno_n3-4
814103,4,0,0_okno_n2
814110,1,0,0_okno_n2
814167,0,0,0_okno_n1
814178,4,1,1_pozaokno_n2
814192,0,0,0_okno_n3-4
814205,2,0,0_okno_n2
814212,3,0,0_okno_n1
814239,2,0,0_okno_n2
814254,2,0,0_okno_n3-4
814259,1,0,0_okno_n2
814352,4,0,0_okno_n1
814451,0,0,0_okno_n1
814528,1,0,0_okno_n3-4
814686,2,0,0_okno_n3-4
814695,1,0,0_okno_n5+
814733,3,0,0_okno_n1
814756,4,0,0_okno_n3-4
814763,0,0,0_okno_n1
814932,3,0,0_okno_n1
815035,4,0,0_okno_n1
815045,2,0,0_okno_n2
815077,0,0,0_okno_n2
815143,4,0,0_okno_n1
815210,0,0,0_okno_n1
815297,3,0,0_okno_n1
815374,4,0,0_okno_n5+
815488,0,0,0_okno_n1
815541,3,0,0_okno_n5+
815575,2,0,0_okno_n2
815631,4,0,0_okno_n2
815724,4,0,0_okno_n1
815732,0,0,0_okno_n1
815760,2,0,0_okno_n2
815787,1,0,0_okno_n3-4
815796,1,0,0_okno_n2
815953,4,0,0_okno_n2
816098,4,0,0_okno_n2
816274,3,0,0_okno_n1
816314,2,0,0_okno_n2
816344,1,0,0_okno_n1
816350,1,0,0_okno_n3-4
816451,2,0,0_okno_n1
816477,2,0,0_okno_n5+
816481,1,0,0_okno_n2
816523,3,0,0_okno_n1
816556,1,0,0_okno_n1
816587,0,1,1_pozaokno_n5+
816588,1,0,0_okno_n3-4
816769,0,0,0_okno_n5+
816984,1,0,0_okno_n1
816986,4,0,0_okno_n1
816989,4,0,0_okno_n1
817052,1,0,0_okno_n2
817175,4,0,0_okno_n1
817235,4,0,0_okno_n1
817282,0,0,0_okno_n1
817314,3,0,0_okno_n2
817443,0,0,0_okno_n1
817532,1,0,0_okno_n2
817660,2,0,0_okno_n2
817679,3,0,0_okno_n1
817762,0,0,0_okno_n1
817786,2,0,0_okno_n5+
817795,1,0,0_okno_n1
817937,0,0,0_okno_n3-4
817948,4,0,0_okno_n1
817950,4,0,0_okno_n1
817959,3,0,0_okno_n1
818028,2,0,0_okno_n1
818146,2,0,0_okno_n1
818200,4,0,0_okno_n2
818261,2,0,0_okno_n1
818326,0,0,0_okno_n1
818615,2,0,0_okno_n2
818683,1,0,0_okno_n1
818684,0,0,0_okno_n1
818708,1,0,0_okno_n1
818723,4,0,0_okno_n2
818725,4,0,0_okno_n1
818757,3,0,0_okno_n1
818765,0,0,0_okno_n2
818790,0,0,0_okno_n2
818979,4,0,0_okno_n1
818984,2,0,0_okno_n1
819054,3,0,0_okno_n2
819065,0,0,0_okno_n1
819070,2,0,0_okno_n1
819077,1,0,0_okno_n3-4
819082,0,0,0_okno_n1
819101,0,0,0_okno_n1
819146,3,0,0_okno_n1
819270,3,0,0_okno_n1
819302,1,0,0_okno_n1
819324,0,0,0_okno_n1
819326,2,0,0_okno_n1
819344,2,0,0_okno_n1
819372,0,0,0_okno_n3-4
819389,0,0,0_okno_n3-4
819397,3,0,0_okno_n2
819510,3,0,0_okno_n1
819546,1,0,0_okno_n1
819563,1,0,0_okno_n3-4
819642,2,0,0_okno_n1
819653,4,0,0_okno_n1
819685,4,0,0_okno_n1
819711,0,0,0_okno_n2
819754,3,0,0_okno_n1
819769,2,0,0_okno_n2
819910,1,0,0_okno_n1
820005,4,0,0_okno_n1
820016,1,0,0_okno_n1
820079,2,0,0_okno_n1
820087,0,0,0_okno_n3-4
820119,0,0,0_okno_n1
820133,4,0,0_okno_n1
820136,1,0,0_okno_n1
820213,1,0,0_okno_n1
820391,0,1,1_pozaokno_n1
820440,3,0,0_okno_n2
820607,3,0,0_okno_n1
820653,0,0,0_okno_n1
820656,1,0,0_okno_n2
820687,0,1,1_okno_n1
820753,1,0,0_okno_n1
820789,4,0,0_okno_n1
820804,0,0,0_okno_n3-4
820906,4,0,0_okno_n2
820925,3,0,0_okno_n2
820974,0,0,0_okno_n3-4
821067,0,0,0_okno_n3-4
821073,4,0,0_okno_n3-4
821178,2,0,0_okno_n1
821196,3,0,0_okno_n3-4
821280,4,0,0_okno_n1
821314,0,0,0_okno_n1
821387,1,0,0_okno_n1
821424,1,0,0_okno_n5+
821431,1,0,0_okno_n1
821524,0,0,0_okno_n1
821556,0,0,0_okno_n1
821571,2,0,0_okno_n1
821581,1,0,0_okno_n3-4
821587,1,0,0_okno_n1
821593,0,0,0_okno_n1
821656,4,1,1_pozaokno_n2
821697,3,0,0_okno_n1
821797,0,0,0_okno_n1
821798,1,0,0_okno_n1
821808,2,0,0_okno_n1
821830,1,0,0_okno_n2
821999,4,0,0_okno_n1
822036,4,0,0_okno_n1
822103,4,0,0_okno_n1
822149,3,0,0_okno_n1
822173,4,0,0_okno_n1
822181,0,0,0_okno_n1
822197,0,0,0_okno_n2
822370,2,0,0_okno_n1
822386,2,0,0_okno_n3-4
822592,3,0,0_okno_n1
822660,2,0,0_okno_n3-4
822681,2,0,0_okno_n2
822758,1,0,0_okno_n1
822824,3,0,0_okno_n2
822844,4,0,0_okno_n2
822935,4,0,0_okno_n3-4
823034,2,0,0_okno_n1
823067,1,0,0_okno_n2
823119,2,0,0_okno_n1
823166,4,0,0_okno_n1
823177,1,0,0_okno_n1
823193,3,0,0_okno_n1
823272,0,0,0_okno_n1
823338,0,0,0_okno_n3-4
823339,3,0,0_okno_n1
823348,1,0,0_okno_n1
823418,2,0,0_okno_n1
823511,3,0,0_okno_n1
823523,2,0,0_okno_n1
823544,4,0,0_okno_n5+
823589,4,0,0_okno_n5+
823674,2,0,0_okno_n1
823779,2,0,0_okno_n1
823791,1,0,0_okno_n3-4
823807,0,0,0_okno_n1
823845,1,0,0_okno_n1
823860,2,0,0_okno_n1
823874,0,0,0_okno_n1
823876,3,0,0_okno_n1
823925,3,0,0_okno_n1
824068,4,0,0_okno_n1
824132,3,0,0_okno_n2
824141,0,0,0_okno_n2
824242,2,0,0_okno_n3-4
824319,2,0,0_okno_n1
824398,1,0,0_okno_n1
824415,3,0,0_okno_n1
824479,1,0,0_okno_n1
824525,1,0,0_okno_n1
824610,3,0,0_okno_n5+
824768,0,0,0_okno_n1
824838,3,0,0_okno_n1
824850,3,0,0_okno_n1
825012,4,0,0_okno_n1
825077,4,0,0_okno_n1
825225,0,0,0_okno_n1
825353,3,0,0_okno_n1
825382,1,0,0_okno_n5+
825531,2,0,0_okno_n1
825574,1,0,0_okno_n3-4
825631,1,1,1_pozaokno_n5+
825652,4,0,0_okno_n2
825656,2,0,0_okno_n1
825705,1,0,0_okno_n3-4
825797,4,0,0_okno_n2
825848,4,0,0_okno_n1
825862,0,0,0_okno_n1
825887,0,0,0_okno_n1
825935,2,0,0_okno_n3-4
825960,4,0,0_okno_n1
825989,3,0,0_okno_n1
826189,4,0,0_okno_n5+
826213,4,0,0_okno_n1
826268,1,0,0_okno_n5+
826361,3,0,0_okno_n5+
826385,0,0,0_okno_n5+
826400,3,0,0_okno_n3-4
826448,1,0,0_okno_n1
826462,4,0,0_okno_n1
826611,3,0,0_okno_n2
826691,1,0,0_okno_n2
826717,2,0,0_okno_n1
826724,2,0,0_okno_n1
826867,3,0,0_okno_n3-4
826879,3,0,0_okno_n2
826986,2,0,0_okno_n1
827021,3,0,0_okno_n1
827080,2,0,0_okno_n1
827117,2,0,0_okno_n5+
827163,0,0,0_okno_n1
827228,2,0,0_okno_n1
827442,3,0,0_okno_n3-4
827446,0,0,0_okno_n1
827620,2,0,0_okno_n1
827655,3,0,0_okno_n2
827671,4,0,0_okno_n1
827780,1,0,0_okno_n1
827852,2,0,0_okno_n1
827856,4,0,0_okno_n1
827883,2,0,0_okno_n2
827901,0,0,0_okno_n1
827902,0,0,0_okno_n1
827942,1,0,0_okno_n2
827978,3,0,0_okno_n2
827985,3,0,0_okno_n2
828055,3,0,0_okno_n2
828185,0,0,0_okno_n2
828194,4,0,0_okno_n1
828200,2,0,0_okno_n1
828251,0,0,0_okno_n2
828292,0,0,0_okno_n1
828300,2,0,0_okno_n5+
828307,3,0,0_okno_n1
828316,0,0,0_okno_n1
828340,1,0,0_okno_n1
828426,1,0,0_okno_n1
828480,2,0,0_okno_n1
828485,0,0,0_okno_n5+
828492,3,0,0_okno_n1
828500,4,0,0_okno_n1
828513,0,0,0_okno_n5+
828710,3,0,0_okno_n5+
828778,2,0,0_okno_n1
828816,2,0,0_okno_n2
828881,2,0,0_okno_n1
828928,1,0,0_okno_n1
828932,1,0,0_okno_n5+
829015,1,0,0_okno_n1
829038,2,0,0_okno_n3-4
829104,3,0,0_okno_n2
829127,1,0,0_okno_n1
829156,4,0,0_okno_n5+
829176,4,0,0_okno_n1
829178,2,1,1_pozaokno_n5+
829183,2,0,0_okno_n1
829193,1,0,0_okno_n3-4
829204,2,0,0_okno_n1
829228,1,0,0_okno_n1
829275,0,0,0_okno_n1
829311,2,0,0_okno_n1
829368,4,0,0_okno_n1
829427,4,0,0_okno_n1
829569,0,0,0_okno_n1
829661,4,0,0_okno_n3-4
829693,4,0,0_okno_n1
829700,0,0,0_okno_n2
829702,2,0,0_okno_n1
829828,0,0,0_okno_n1
829830,4,0,0_okno_n1
829842,4,0,0_okno_n1
829877,0,0,0_okno_n3-4
829968,2,0,0_okno_n5+
829994,1,0,0_okno_n1
830018,2,0,0_okno_n1
830052,4,0,0_okno_n2
830091,2,0,0_okno_n1
830119,3,0,0_okno_n5+
830136,2,0,0_okno_n5+
830177,4,0,0_okno_n2
830224,3,0,0_okno_n1
830293,4,0,0_okno_n2
830311,1,0,0_okno_n2
830321,0,0,0_okno_n3-4
830419,2,0,0_okno_n3-4
830442,3,0,0_okno_n1
830499,4,0,0_okno_n2
830568,4,0,0_okno_n1
830606,4,0,0_okno_n1
830629,2,1,1_okno_n2
830662,2,0,0_okno_n1
830853,4,0,0_okno_n2
830896,1,0,0_okno_n2
830967,3,0,0_okno_n1
831034,1,0,0_okno_n2
831120,4,0,0_okno_n2
831197,1,0,0_okno_n1
831249,4,0,0_okno_n2
831256,1,0,0_okno_n1
831264,0,0,0_okno_n2
831289,0,0,0_okno_n1
831291,3,0,0_okno_n3-4
831410,1,0,0_okno_n3-4
831536,4,0,0_okno_n5+
831561,1,0,0_okno_n1
831651,1,0,0_okno_n1
831677,3,0,0_okno_n1
831680,2,0,0_okno_n3-4
831702,0,0,0_okno_n2
831722,0,0,0_okno_n1
831761,1,0,0_okno_n1
831797,4,0,0_okno_n1
831807,0,0,0_okno_n1
831878,2,0,0_okno_n1
831895,3,0,0_okno_n1
831915,1,0,0_okno_n3-4
831933,0,0,0_okno_n1
832114,4,0,0_okno_n1
832247,0,0,0_okno_n1
832269,0,0,0_okno_n2
832283,4,0,0_okno_n3-4
832327,0,0,0_okno_n2
832337,3,0,0_okno_n1
832480,0,0,0_okno_n1
832516,0,0,0_okno_n1
832521,3,0,0_okno_n2
832683,4,0,0_okno_n1
832687,1,0,0_okno_n1
832695,2,0,0_okno_n3-4
832701,0,0,0_okno_n5+
832714,1,0,0_okno_n1
832726,2,0,0_okno_n3-4
832824,3,0,0_okno_n1
832831,1,0,0_okno_n5+
832854,2,0,0_okno_n5+
832902,3,0,0_okno_n3-4
832939,1,0,0_okno_n1
832961,1,0,0_okno_n1
833044,3,0,0_okno_n5+
833052,1,0,0_okno_n1
833061,3,0,0_okno_n1
833130,3,0,0_okno_n1
833170,2,0,0_okno_n1
833231,4,0,0_okno_n2
833400,4,0,0_okno_n2
833424,3,0,0_okno_n1
833481,4,1,1_pozaokno_n3-4
833524,1,0,0_okno_n1
833568,4,0,0_okno_n1
833606,1,0,0_okno_n1
833627,0,0,0_okno_n1
833689,1,1,1_pozaokno_n5+
833845,4,1,1_pozaokno_n5+
833865,1,0,0_okno_n5+
833892,0,0,0_okno_n1
833962,2,0,0_okno_n1
834075,3,0,0_okno_n5+
834082,0,0,0_okno_n1
834123,1,0,0_okno_n1
834135,2,1,1_okno_n2
834240,1,0,0_okno_n1
834242,2,0,0_okno_n1
834258,0,0,0_okno_n1
834274,0,0,0_okno_n1
834275,4,0,0_okno_n1
834295,0,0,0_okno_n1
834444,3,0,0_okno_n1
834467,1,0,0_okno_n1
834599,2,0,0_okno_n2
834671,4,0,0_okno_n1
834762,2,0,0_okno_n3-4
834882,2,1,1_pozaokno_n2
834984,3,0,0_okno_n1
835039,0,0,0_okno_n1
835085,3,0,0_okno_n2
835092,1,0,0_okno_n1
835124,3,0,0_okno_n1
835179,2,1,1_pozaokno_n1
835191,0,0,0_okno_n1
835299,4,0,0_okno_n5+
835343,0,0,0_okno_n1
835367,1,0,0_okno_n1
835430,0,0,0_okno_n1
835537,0,0,0_okno_n3-4
835538,0,0,0_okno_n1
835561,1,0,0_okno_n5+
835565,2,0,0_okno_n2
835582,0,0,0_okno_n1
835596,2,0,0_okno_n1
835619,1,0,0_okno_n3-4
835631,0,0,0_okno_n5+
835776,0,0,0_okno_n2
835800,3,0,0_okno_n1
835885,4,0,0_okno_n1
835887,2,0,0_okno_n3-4
835960,3,0,0_okno_n1
835974,4,0,0_okno_n1
835987,1,0,0_okno_n2
835990,4,0,0_okno_n1
835994,4,0,0_okno_n1
836076,3,0,0_okno_n1
836131,0,0,0_okno_n1
836185,2,0,0_okno_n1
836191,1,0,0_okno_n1
836218,1,0,0_okno_n1
836262,4,0,0_okno_n1
836362,0,0,0_okno_n3-4
836383,0,0,0_okno_n2
836406,3,0,0_okno_n5+
836407,1,0,0_okno_n1
836427,0,0,0_okno_n1
836511,1,0,0_okno_n1
836548,4,0,0_okno_n1
836552,4,0,0_okno_n2
836704,3,0,0_okno_n3-4
836767,3,0,0_okno_n1
836789,0,0,0_okno_n2
836923,2,0,0_okno_n1
836952,1,1,1_pozaokno_n1
836979,3,0,0_okno_n2
837017,2,0,0_okno_n1
837025,1,0,0_okno_n2
837042,4,0,0_okno_n1
837189,4,0,0_okno_n1
837272,3,0,0_okno_n1
837279,1,0,0_okno_n1
837369,3,0,0_okno_n5+
837370,4,0,0_okno_n1
837401,4,0,0_okno_n1
837647,3,0,0_okno_n2
837667,2,0,0_okno_n1
837720,0,0,0_okno_n1
837727,4,0,0_okno_n1
837782,4,0,0_okno_n2
837787,3,0,0_okno_n1
837949,0,0,0_okno_n1
838144,4,0,0_okno_n1
838165,3,0,0_okno_n1
838213,1,0,0_okno_n1
838273,1,0,0_okno_n1
838282,0,0,0_okno_n1
838291,4,0,0_okno_n1
838335,4,0,0_okno_n1
838342,1,0,0_okno_n1
838383,0,0,0_okno_n1
838569,2,0,0_okno_n1
838639,2,0,0_okno_n1
838703,3,0,0_okno_n1
838782,4,0,0_okno_n5+
838826,4,0,0_okno_n1
838881,3,1,1_pozaokno_n2
838950,3,0,0_okno_n2
838954,4,0,0_okno_n2
838993,3,0,0_okno_n1
839046,4,0,0_okno_n1
839110,2,0,0_okno_n1
839111,2,1,1_pozaokno_n1
839132,1,0,0_okno_n2
839172,0,0,0_okno_n1
839234,4,0,0_okno_n1
839299,3,0,0_okno_n3-4
839306,1,0,0_okno_n2
839405,3,0,0_okno_n2
839524,2,0,0_okno_n3-4
839542,1,0,0_okno_n1
839552,1,0,0_okno_n1
839558,0,1,1_pozaokno_n1
839604,3,0,0_okno_n1
839616,2,1,1_okno_n1
839641,1,0,0_okno_n2
839652,2,0,0_okno_n1
839672,3,0,0_okno_n1
839786,0,0,0_okno_n1
840030,3,0,0_okno_n1
840050,4,0,0_okno_n1
840094,2,0,0_okno_n3-4
840121,3,0,0_okno_n3-4
840158,4,0,0_okno_n1
840209,1,0,0_okno_n3-4
840363,2,0,0_okno_n2
840384,3,0,0_okno_n1
840504,2,0,0_okno_n1
840537,1,0,0_okno_n1
840542,1,0,0_okno_n5+
840555,2,0,0_okno_n1
840587,2,0,0_okno_n1
840599,0,0,0_okno_n1
840613,2,0,0_okno_n1
840620,0,0,0_okno_n1
840656,3,0,0_okno_n2
840665,3,0,0_okno_n1
840776,0,0,0_okno_n5+
840786,4,0,0_okno_n3-4
840837,3,0,0_okno_n1
840856,2,0,0_okno_n2
840904,0,0,0_okno_n2
840957,0,0,0_okno_n2
841024,1,0,0_okno_n1
841052,2,0,0_okno_n1
841096,3,0,0_okno_n3-4
841099,4,0,0_okno_n1
841100,4,0,0_okno_n2
841105,0,0,0_okno_n1
841214,3,0,0_okno_n1
841218,1,0,0_okno_n2
841259,3,0,0_okno_n1
841260,2,0,0_okno_n1
841326,3,0,0_okno_n1
841380,1,0,0_okno_n3-4
841478,3,0,0_okno_n1
841545,4,0,0_okno_n1
841665,3,0,0_okno_n2
841722,3,0,0_okno_n3-4
841773,3,0,0_okno_n3-4
841844,1,0,0_okno_n2
841896,0,0,0_okno_n3-4
841923,4,0,0_okno_n1
841927,0,0,0_okno_n1
841953,0,0,0_okno_n2
841954,0,0,0_okno_n5+
841955,3,0,0_okno_n1
841962,1,0,0_okno_n3-4
841997,3,0,0_okno_n1
842081,1,0,0_okno_n2
842190,0,0,0_okno_n1
842204,2,0,0_okno_n2
842226,4,0,0_okno_n2
842270,1,0,0_okno_n1
842337,3,0,0_okno_n5+
842343,3,1,1_pozaokno_n2
842359,0,0,0_okno_n1
842423,3,0,0_okno_n1
842475,0,0,0_okno_n2
842515,3,0,0_okno_n1
842588,2,0,0_okno_n1
842592,3,0,0_okno_n3-4
842630,1,0,0_okno_n1
842673,0,0,0_okno_n3-4
842717,2,0,0_okno_n1
842766,1,0,0_okno_n5+
842769,3,0,0_okno_n3-4
842922,2,0,0_okno_n1
843017,4,0,0_okno_n1
843019,0,0,0_okno_n2
843115,1,0,0_okno_n1
843221,2,0,0_okno_n2
843323,3,0,0_okno_n1
843351,1,0,0_okno_n5+
843363,2,0,0_okno_n3-4
843376,2,0,0_okno_n1
843384,3,0,0_okno_n1
843433,4,0,0_okno_n3-4
843477,1,0,0_okno_n1
843565,1,1,1_pozaokno_n5+
843593,2,0,0_okno_n1
843604,3,0,0_okno_n5+
843617,4,1,1_pozaokno_n3-4
843761,3,0,0_okno_n2
843864,0,0,0_okno_n3-4
843891,3,0,0_okno_n3-4
843893,4,0,0_okno_n3-4
843990,0,0,0_okno_n2
844040,1,0,0_okno_n1
844041,0,0,0_okno_n1
844105,2,0,0_okno_n3-4
844130,3,0,0_okno_n2
844299,2,1,1_pozaokno_n3-4
844301,3,0,0_okno_n3-4
844318,3,0,0_okno_n3-4
844324,3,0,0_okno_n2
844449,1,0,0_okno_n2
844453,3,0,0_okno_n1
844514,0,0,0_okno_n2
844527,2,0,0_okno_n5+
844538,0,0,0_okno_n2
844738,3,0,0_okno_n1
844822,4,0,0_okno_n2
844840,1,0,0_okno_n1
844920,1,0,0_okno_n1
844951,4,0,0_okno_n1
844962,3,0,0_okno_n1
844972,2,0,0_okno_n3-4
845044,4,0,0_okno_n5+
845090,4,0,0_okno_n1
845111,4,0,0_okno_n2
845155,2,0,0_okno_n2
845174,1,0,0_okno_n3-4
845185,3,0,0_okno_n1
845234,0,1,1_pozaokno_n5+
845266,1,0,0_okno_n3-4
845279,1,0,0_okno_n1
845335,1,0,0_okno_n1
845474,2,0,0_okno_n1
845568,4,0,0_okno_n3-4
845588,1,0,0_okno_n3-4
845595,1,0,0_okno_n2
845598,3,0,0_okno_n1
845625,2,0,0_okno_n3-4
845686,0,0,0_okno_n3-4
845691,2,0,0_okno_n1
845746,1,0,0_okno_n1
845772,0,0,0_okno_n1
845773,3,0,0_okno_n2
845845,2,1,1_pozaokno_n1
845927,3,0,0_okno_n1
846032,2,1,1_pozaokno_n2
846067,4,0,0_okno_n3-4
846075,1,0,0_okno_n1
846150,0,0,0_okno_n1
846248,1,0,0_okno_n2
846256,1,0,0_okno_n1
846302,3,0,0_okno_n1
846306,1,0,0_okno_n2
846332,2,0,0_okno_n3-4
846403,0,0,0_okno_n1
846408,0,0,0_okno_n1
846484,1,0,0_okno_n1
846511,1,0,0_okno_n3-4
846556,1,0,0_okno_n1
846617,2,0,0_okno_n1
846649,1,0,0_okno_n2
846660,3,0,0_okno_n1
846665,2,0,0_okno_n2
846788,1,0,0_okno_n1
846922,4,0,0_okno_n1
846925,2,0,0_okno_n1
846947,4,0,0_okno_n1
846959,3,0,0_okno_n1
846993,0,0,0_okno_n1
847070,0,0,0_okno_n5+
847084,4,0,0_okno_n2
847186,2,0,0_okno_n2
847287,4,0,0_okno_n2
847304,3,0,0_okno_n2
847329,4,0,0_okno_n2
847408,2,0,0_okno_n2
847413,0,0,0_okno_n3-4
847439,1,0,0_okno_n1
847463,4,0,0_okno_n1
847653,1,0,0_okno_n1
847692,0,0,0_okno_n1
847701,1,0,0_okno_n2
847820,1,0,0_okno_n2
847878,0,0,0_okno_n1
847982,1,0,0_okno_n1
848029,2,0,0_okno_n3-4
848030,0,0,0_okno_n1
848100,1,0,0_okno_n1
848101,2,0,0_okno_n5+
848244,4,0,0_okno_n2
848315,3,0,0_okno_n1
848375,1,0,0_okno_n1
848450,1,0,0_okno_n1
848474,4,0,0_okno_n1
848524,3,0,0_okno_n1
848569,3,0,0_okno_n2
848623,3,0,0_okno_n3-4
848627,0,0,0_okno_n3-4
848663,3,0,0_okno_n2
848780,3,0,0_okno_n3-4
848887,2,0,0_okno_n2
848922,3,0,0_okno_n1
848951,0,0,0_okno_n5+
848960,1,0,0_okno_n1
848999,2,0,0_okno_n1
849015,2,0,0_okno_n3-4
849055,4,0,0_okno_n1
849060,3,0,0_okno_n1
849082,4,0,0_okno_n2
849124,2,0,0_okno_n2
849129,2,0,0_okno_n1
849130,3,0,0_okno_n1
849214,3,0,0_okno_n2
849249,0,0,0_okno_n2
849265,1,0,0_okno_n1
849287,0,0,0_okno_n3-4
849290,3,0,0_okno_n1
849331,4,0,0_okno_n1
849371,4,0,0_okno_n1
849558,0,0,0_okno_n1
849566,4,0,0_okno_n1
849572,0,0,0_okno_n1
849653,4,0,0_okno_n2
849790,0,0,0_okno_n3-4
849915,4,0,0_okno_n1
849974,3,0,0_okno_n1
849984,0,0,0_okno_n1
849988,1,0,0_okno_n5+
850066,1,0,0_okno_n1
850093,1,0,0_okno_n2
850103,2,0,0_okno_n1
850198,3,0,0_okno_n5+
850204,2,0,0_okno_n1
850264,3,0,0_okno_n1
850296,4,0,0_okno_n1
850300,2,0,0_okno_n3-4
850313,3,0,0_okno_n1
850316,2,0,0_okno_n1
850426,1,0,0_okno_n1
850643,4,0,0_okno_n1
850677,3,0,0_okno_n1
850769,1,0,0_okno_n1
850825,0,0,0_okno_n1
850845,2,0,0_okno_n3-4
850931,3,0,0_okno_n1
850945,2,0,0_okno_n1
850985,1,1,1_pozaokno_n3-4
851102,1,0,0_okno_n3-4
851201,1,0,0_okno_n2
851220,3,0,0_okno_n1
851236,4,0,0_okno_n3-4
851352,1,0,0_okno_n2
851376,3,0,0_okno_n2
851389,2,0,0_okno_n2
851474,4,0,0_okno_n2
851496,0,0,0_okno_n2
851589,1,0,0_okno_n1
851606,4,0,0_okno_n2
851644,2,0,0_okno_n5+
851650,2,0,0_okno_n1
851778,1,0,0_okno_n1
851838,0,0,0_okno_n1
851940,2,0,0_okno_n1
852000,0,0,0_okno_n1
852135,4,0,0_okno_n5+
852193,4,0,0_okno_n2
852266,4,0,0_okno_n2
852350,4,0,0_okno_n2
852396,2,0,0_okno_n1
852411,3,0,0_okno_n2
852430,4,0,0_okno_n5+
852434,0,1,1_pozaokno_n5+
852519,0,0,0_okno_n1
852536,2,0,0_okno_n2
852605,2,0,0_okno_n1
852670,2,0,0_okno_n1
852759,4,0,0_okno_n1
852774,2,0,0_okno_n2
852883,0,0,0_okno_n3-4
852972,2,0,0_okno_n1
853003,1,0,0_okno_n1
853154,1,0,0_okno_n5+
853337,4,0,0_okno_n1
853418,4,1,1_okno_n5+
853427,2,0,0_okno_n1
853459,4,0,0_okno_n2
853483,4,0,0_okno_n1
853486,1,0,0_okno_n1
853600,0,0,0_okno_n3-4
853620,1,0,0_okno_n3-4
853666,0,0,0_okno_n1
853695,2,0,0_okno_n1
853866,2,0,0_okno_n2
854017,0,0,0_okno_n3-4
854058,1,0,0_okno_n1
854110,2,0,0_okno_n3-4
854240,1,0,0_okno_n3-4
854256,4,0,0_okno_n1
854259,3,1,1_pozaokno_n3-4
854280,1,0,0_okno_n3-4
854296,3,0,0_okno_n5+
854330,1,0,0_okno_n1
854348,3,0,0_okno_n1
854409,3,1,1_pozaokno_n2
854465,4,0,0_okno_n1
854507,0,0,0_okno_n2
854550,4,0,0_okno_n3-4
854552,4,0,0_okno_n2
854569,2,1,1_pozaokno_n3-4
854684,2,0,0_okno_n5+
854710,3,0,0_okno_n1
854727,4,0,0_okno_n1
854808,2,0,0_okno_n1
854826,3,0,0_okno_n2
854955,3,0,0_okno_n1
854957,3,0,0_okno_n1
854968,1,0,0_okno_n2
855007,3,0,0_okno_n1
855023,4,0,0_okno_n2
855055,4,0,0_okno_n3-4
855063,0,0,0_okno_n1
855093,1,0,0_okno_n1
855134,4,0,0_okno_n1
855225,2,0,0_okno_n2
855260,1,0,0_okno_n3-4
855294,3,0,0_okno_n5+
855315,4,0,0_okno_n1
855411,1,0,0_okno_n2
855427,2,0,0_okno_n3-4
855586,4,0,0_okno_n5+
855609,3,0,0_okno_n1
855646,2,0,0_okno_n1
855688,3,0,0_okno_n5+
855690,2,0,0_okno_n2
855808,4,0,0_okno_n2
855923,1,0,0_okno_n1
855971,0,0,0_okno_n3-4
856010,0,0,0_okno_n1
856112,0,0,0_okno_n2
856162,3,0,0_okno_n1
856209,0,0,0_okno_n1
856247,0,0,0_okno_n3-4
856292,2,0,0_okno_n1
856326,4,0,0_okno_n2
856345,3,0,0_okno_n3-4
856355,3,1,1_pozaokno_n1
856364,0,0,0_okno_n2
856399,2,0,0_okno_n1
856457,0,0,0_okno_n1
856512,1,0,0_okno_n3-4
856522,0,0,0_okno_n1
856550,3,0,0_okno_n1
856605,0,0,0_okno_n1
856656,0,0,0_okno_n1
856670,4,0,0_okno_n1
856788,3,0,0_okno_n1
856802,2,0,0_okno_n3-4
856812,1,0,0_okno_n1
856883,2,0,0_okno_n1
856900,0,0,0_okno_n1
856923,1,0,0_okno_n2
857026,3,0,0_okno_n1
857031,1,0,0_okno_n1
857060,3,0,0_okno_n1
857080,1,0,0_okno_n3-4
857118,3,0,0_okno_n1
857142,0,0,0_okno_n2
857159,2,0,0_okno_n1
857215,3,0,0_okno_n1
857280,3,0,0_okno_n1
857312,2,0,0_okno_n1
857314,4,0,0_okno_n5+
857319,4,0,0_okno_n1
857324,2,1,1_pozaokno_n2
857364,2,0,0_okno_n1
857380,2,0,0_okno_n2
857421,3,0,0_okno_n2
857427,2,0,0_okno_n1
857450,0,0,0_okno_n1
857575,1,0,0_okno_n1
857589,2,0,0_okno_n1
857612,0,0,0_okno_n2
857830,1,1,1_pozaokno_n1
857913,3,0,0_okno_n5+
857963,3,0,0_okno_n1
858116,2,0,0_okno_n1
858122,4,0,0_okno_n1
858157,3,0,0_okno_n5+
858219,0,0,0_okno_n3-4
858257,0,0,0_okno_n1
858339,2,0,0_okno_n1
858352,0,0,0_okno_n1
858394,3,0,0_okno_n1
858437,1,0,0_okno_n1
858452,1,0,0_okno_n1
858494,3,0,0_okno_n1
858556,3,0,0_okno_n1
858603,4,0,0_okno_n1
858747,3,0,0_okno_n1
858800,0,0,0_okno_n1
858804,3,0,0_okno_n2
858853,4,0,0_okno_n1
858878,0,0,0_okno_n1
859049,1,0,0_okno_n1
859062,3,0,0_okno_n1
859064,2,0,0_okno_n1
859105,2,0,0_okno_n1
859124,2,0,0_okno_n1
859184,1,0,0_okno_n5+
859201,0,0,0_okno_n2
859337,4,0,0_okno_n1
859437,4,0,0_okno_n2
859442,2,0,0_okno_n2
859448,2,0,0_okno_n1
859482,1,0,0_okno_n1
859498,2,0,0_okno_n1
859555,4,0,0_okno_n1
859566,1,0,0_okno_n2
859653,4,0,0_okno_n1
859704,1,1,1_pozaokno_n5+
859720,3,1,1_pozaokno_n1
859735,4,0,0_okno_n1
859771,0,0,0_okno_n1
859812,0,0,0_okno_n3-4
859820,1,0,0_okno_n3-4
859821,2,0,0_okno_n1
859984,4,0,0_okno_n2
860028,2,0,0_okno_n1
860285,4,0,0_okno_n2
860319,1,0,0_okno_n1
860460,1,0,0_okno_n3-4
860482,2,0,0_okno_n1
860569,4,0,0_okno_n2
860572,3,0,0_okno_n2
860602,3,0,0_okno_n3-4
860653,1,0,0_okno_n2
860666,0,0,0_okno_n1
860700,0,0,0_okno_n2
860828,3,0,0_okno_n5+
861002,1,0,0_okno_n2
861126,4,0,0_okno_n2
861159,0,0,0_okno_n1
861177,3,0,0_okno_n2
861218,0,0,0_okno_n1
861231,1,0,0_okno_n2
861273,4,0,0_okno_n5+
861291,3,0,0_okno_n1
861324,0,0,0_okno_n5+
861659,4,0,0_okno_n1
861683,2,0,0_okno_n2
861693,3,1,1_okno_n3-4
861971,1,0,0_okno_n2
861999,4,0,0_okno_n1
862011,3,0,0_okno_n1
862016,3,0,0_okno_n1
862059,0,0,0_okno_n1
862079,0,0,0_okno_n3-4
862101,1,0,0_okno_n1
862122,3,1,1_pozaokno_n1
862164,3,0,0_okno_n2
862239,4,0,0_okno_n2
862277,3,0,0_okno_n2
862374,0,0,0_okno_n5+
862411,1,0,0_okno_n3-4
862482,1,0,0_okno_n1
862563,4,0,0_okno_n2
862580,1,0,0_okno_n2
862606,1,0,0_okno_n1
862609,2,0,0_okno_n2
862669,1,1,1_pozaokno_n1
862723,1,0,0_okno_n1
862725,1,0,0_okno_n1
862758,2,0,0_okno_n1
862787,0,0,0_okno_n1
862827,0,0,0_okno_n1
862832,2,0,0_okno_n1
862834,0,0,0_okno_n1
862846,2,1,1_pozaokno_n2
862857,1,0,0_okno_n1
862861,1,0,0_okno_n2
862917,3,0,0_okno_n2
862941,2,0,0_okno_n3-4
863042,0,0,0_okno_n1
863143,0,0,0_okno_n1
863155,0,0,0_okno_n2
863156,0,0,0_okno_n3-4
863223,0,0,0_okno_n1
863307,4,0,0_okno_n2
863310,1,0,0_okno_n5+
863344,3,0,0_okno_n3-4
863393,3,0,0_okno_n5+
863422,1,0,0_okno_n1
863455,3,0,0_okno_n2
863619,0,0,0_okno_n2
863654,0,1,1_pozaokno_n2
863700,4,0,0_okno_n1
863836,3,1,1_pozaokno_n1
863857,4,0,0_okno_n2
863870,0,0,0_okno_n1
863906,3,0,0_okno_n1
864057,2,0,0_okno_n5+
864076,2,0,0_okno_n1
864098,0,0,0_okno_n1
864109,3,0,0_okno_n1
864140,1,0,0_okno_n1
864209,3,0,0_okno_n1
864289,3,0,0_okno_n2
864374,1,0,0_okno_n1
864420,0,1,1_pozaokno_n3-4
864427,1,0,0_okno_n1
864442,2,1,1_pozaokno_n1
864444,3,0,0_okno_n2
864466,3,0,0_okno_n2
864491,1,0,0_okno_n1
864573,4,0,0_okno_n3-4
864661,0,0,0_okno_n2
864845,3,1,1_pozaokno_n1
864864,1,0,0_okno_n1
864973,0,0,0_okno_n5+
864997,3,0,0_okno_n1
865026,1,0,0_okno_n1
865079,0,0,0_okno_n3-4
865094,0,0,0_okno_n1
865105,4,0,0_okno_n2
865396,3,0,0_okno_n5+
865540,0,0,0_okno_n1
865576,3,0,0_okno_n1
865586,4,0,0_okno_n1
865592,1,0,0_okno_n2
865594,2,0,0_okno_n1
865630,1,0,0_okno_n1
865635,0,0,0_okno_n1
865796,2,0,0_okno_n1
865868,1,1,1_pozaokno_n2
865915,2,1,1_pozaokno_n1
865934,0,0,0_okno_n2
865977,1,0,0_okno_n1
866036,1,0,0_okno_n3-4
866043,2,0,0_okno_n3-4
866074,2,0,0_okno_n1
866132,0,0,0_okno_n2
866162,0,0,0_okno_n3-4
866164,0,0,0_okno_n5+
866195,4,0,0_okno_n1
866254,1,0,0_okno_n3-4
866338,2,0,0_okno_n1
866377,0,0,0_okno_n1
866384,2,0,0_okno_n1
866390,0,0,0_okno_n3-4
866393,1,0,0_okno_n2
866402,1,0,0_okno_n3-4
866425,0,0,0_okno_n2
866435,1,0,0_okno_n3-4
866459,1,0,0_okno_n1
866464,3,0,0_okno_n3-4
866481,2,0,0_okno_n1
866505,2,0,0_okno_n2
866538,3,0,0_okno_n1
866565,3,0,0_okno_n1
866775,1,0,0_okno_n2
866823,0,0,0_okno_n1
866874,1,0,0_okno_n3-4
866892,4,0,0_okno_n2
866922,3,0,0_okno_n2
866925,1,0,0_okno_n1
867004,2,1,1_pozaokno_n2
867069,3,0,0_okno_n1
867077,3,0,0_okno_n5+
867120,1,0,0_okno_n3-4
867166,3,0,0_okno_n1
867265,3,0,0_okno_n3-4
867270,4,0,0_okno_n3-4
867335,2,0,0_okno_n1
867414,2,0,0_okno_n1
867446,4,0,0_okno_n1
867661,4,0,0_okno_n2
867671,3,0,0_okno_n5+
867675,3,0,0_okno_n1
867855,1,0,0_okno_n1
867868,4,0,0_okno_n1
867877,4,0,0_okno_n1
867934,4,0,0_okno_n2
867940,3,0,0_okno_n1
867944,4,1,1_pozaokno_n1
867958,1,0,0_okno_n2
867962,2,0,0_okno_n1
868151,0,0,0_okno_n1
868199,4,0,0_okno_n2
868272,4,0,0_okno_n1
868360,4,0,0_okno_n1
868420,4,0,0_okno_n1
868591,2,0,0_okno_n1
868616,4,0,0_okno_n2
868642,1,0,0_okno_n1
868726,1,0,0_okno_n2
868933,4,0,0_okno_n1
868935,3,0,0_okno_n1
869058,2,0,0_okno_n3-4
869142,2,0,0_okno_n1
869157,2,0,0_okno_n5+
869177,0,0,0_okno_n1
869190,1,0,0_okno_n1
869236,3,0,0_okno_n1
869296,0,0,0_okno_n2
869309,3,0,0_okno_n1
869312,0,0,0_okno_n1
869395,3,0,0_okno_n1
869442,2,0,0_okno_n1
869617,4,0,0_okno_n1
869626,0,0,0_okno_n1
869655,2,0,0_okno_n5+
869818,4,0,0_okno_n1
869914,0,0,0_okno_n2
870006,1,0,0_okno_n2
870020,0,0,0_okno_n2
870251,4,0,0_okno_n2
870290,4,0,0_okno_n1
870328,4,1,1_pozaokno_n2
870385,0,0,0_okno_n2
870493,3,0,0_okno_n1
870495,1,0,0_okno_n1
870496,4,0,0_okno_n5+
870499,1,0,0_okno_n3-4
870517,1,0,0_okno_n1
870550,3,0,0_okno_n3-4
870571,1,0,0_okno_n2
870575,0,0,0_okno_n3-4
870589,3,0,0_okno_n2
870700,4,1,1_pozaokno_n5+
870736,0,0,0_okno_n5+
870795,1,0,0_okno_n2
870811,1,0,0_okno_n2
870835,1,0,0_okno_n5+
870836,4,0,0_okno_n2
870920,4,0,0_okno_n1
871067,3,0,0_okno_n1
871109,4,0,0_okno_n2
871183,1,0,0_okno_n1
871298,3,0,0_okno_n1
871309,0,0,0_okno_n1
871375,4,0,0_okno_n1
871388,4,0,0_okno_n1
871487,0,0,0_okno_n1
871492,4,0,0_okno_n2
871591,4,0,0_okno_n1
871607,3,0,0_okno_n1
871617,1,0,0_okno_n1
871658,3,0,0_okno_n1
871749,2,0,0_okno_n1
871789,4,0,0_okno_n1
871826,3,0,0_okno_n1
871854,2,0,0_okno_n1
871958,3,0,0_okno_n3-4
872042,0,0,0_okno_n1
872135,3,0,0_okno_n1
872245,2,0,0_okno_n1
872265,2,0,0_okno_n5+
872328,3,0,0_okno_n1
872376,0,0,0_okno_n5+
872400,1,0,0_okno_n3-4
872446,4,0,0_okno_n1
872575,1,0,0_okno_n1
872583,1,0,0_okno_n1
872586,2,0,0_okno_n1
872649,3,0,0_okno_n1
872743,2,0,0_okno_n1
872775,4,0,0_okno_n1
872785,3,0,0_okno_n1
872799,4,0,0_okno_n1
872865,0,0,0_okno_n2
872948,3,0,0_okno_n3-4
872970,1,0,0_okno_n1
872972,0,0,0_okno_n1
873024,0,0,0_okno_n2
873037,1,0,0_okno_n1
873038,1,0,0_okno_n1
873102,0,0,0_okno_n1
873135,2,0,0_okno_n1
873202,1,0,0_okno_n3-4
873355,0,0,0_okno_n1
873378,1,0,0_okno_n1
873440,4,0,0_okno_n1
873444,2,0,0_okno_n1
873447,1,0,0_okno_n1
873517,1,0,0_okno_n1
873521,2,0,0_okno_n1
873676,0,0,0_okno_n1
873715,0,0,0_okno_n2
873792,4,0,0_okno_n1
873823,3,1,1_pozaokno_n1
873871,3,0,0_okno_n1
873883,4,0,0_okno_n3-4
873901,3,0,0_okno_n5+
874107,2,0,0_okno_n5+
874109,0,0,0_okno_n3-4
874145,0,0,0_okno_n1
874163,1,0,0_okno_n1
874192,2,1,1_pozaokno_n5+
874266,2,0,0_okno_n2
874284,4,0,0_okno_n2
874307,1,0,0_okno_n3-4
874309,2,0,0_okno_n2
874330,0,0,0_okno_n3-4
874337,0,0,0_okno_n1
874343,0,0,0_okno_n2
874352,3,0,0_okno_n3-4
874446,3,0,0_okno_n1
874488,4,0,0_okno_n1
874504,1,0,0_okno_n1
874509,1,0,0_okno_n3-4
874549,1,0,0_okno_n2
874639,4,0,0_okno_n1
874643,2,0,0_okno_n1
874662,2,0,0_okno_n5+
874672,4,0,0_okno_n2
874687,3,0,0_okno_n2
874705,2,0,0_okno_n5+
874741,1,0,0_okno_n1
874758,0,0,0_okno_n3-4
874761,4,0,0_okno_n1
874762,3,0,0_okno_n1
874774,0,0,0_okno_n1
874892,0,0,0_okno_n1
874971,0,0,0_okno_n3-4
875057,3,0,0_okno_n1
875125,2,0,0_okno_n5+
875212,2,0,0_okno_n3-4
875229,3,0,0_okno_n1
875283,3,0,0_okno_n1
875348,3,1,1_pozaokno_n1
875389,4,0,0_okno_n1
875479,1,0,0_okno_n1
875593,1,0,0_okno_n5+
875669,3,0,0_okno_n3-4
875740,3,0,0_okno_n1
875814,3,0,0_okno_n2
875829,0,0,0_okno_n5+
875877,2,0,0_okno_n1
875883,1,0,0_okno_n1
875912,4,0,0_okno_n1
875939,1,0,0_okno_n1
875957,3,0,0_okno_n1
875989,3,0,0_okno_n1
876031,4,0,0_okno_n2
876045,4,0,0_okno_n3-4
876120,0,0,0_okno_n1
876121,2,0,0_okno_n2
876126,4,0,0_okno_n1
876127,4,0,0_okno_n3-4
876174,0,0,0_okno_n1
876177,4,0,0_okno_n3-4
876213,2,0,0_okno_n1
876225,1,0,0_okno_n1
876272,0,0,0_okno_n1
876286,1,0,0_okno_n1
876308,0,0,0_okno_n1
876425,3,0,0_okno_n5+
876557,3,0,0_okno_n1
876576,2,0,0_okno_n1
876690,4,1,1_pozaokno_n2
876715,3,0,0_okno_n1
876726,4,0,0_okno_n3-4
876828,4,0,0_okno_n1
876846,1,0,0_okno_n2
876936,3,0,0_okno_n1
876960,0,0,0_okno_n1
877026,3,0,0_okno_n2
877035,0,0,0_okno_n1
877047,3,0,0_okno_n3-4
877051,2,0,0_okno_n1
877061,3,0,0_okno_n2
877069,3,0,0_okno_n1
877076,4,0,0_okno_n1
877083,2,0,0_okno_n1
877116,1,0,0_okno_n1
877159,2,0,0_okno_n2
877217,2,0,0_okno_n2
877267,0,0,0_okno_n1
877339,1,0,0_okno_n3-4
877361,2,0,0_okno_n2
877376,4,0,0_okno_n3-4
877380,0,1,1_okno_n3-4
877390,2,0,0_okno_n1
877415,1,0,0_okno_n1
877457,4,1,1_pozaokno_n1
877462,2,0,0_okno_n1
877470,0,0,0_okno_n3-4
877502,0,0,0_okno_n1
877537,0,1,1_pozaokno_n3-4
877552,2,0,0_okno_n1
877555,2,0,0_okno_n3-4
877593,3,0,0_okno_n1
877617,4,0,0_okno_n2
877864,3,1,1_pozaokno_n2
877952,4,0,0_okno_n2
877954,2,0,0_okno_n1
878020,2,0,0_okno_n1
878095,1,0,0_okno_n2
878141,4,0,0_okno_n1
878177,0,0,0_okno_n2
878202,2,0,0_okno_n2
878229,2,0,0_okno_n1
878231,4,0,0_okno_n3-4
878248,4,0,0_okno_n1
878340,2,0,0_okno_n1
878374,2,0,0_okno_n1
878388,3,0,0_okno_n1
878437,2,0,0_okno_n1
878440,4,0,0_okno_n1
878441,0,0,0_okno_n5+
878482,3,0,0_okno_n2
878491,2,0,0_okno_n3-4
878540,4,0,0_okno_n1
878578,2,0,0_okno_n1
878580,1,0,0_okno_n3-4
878645,0,0,0_okno_n1
878677,4,0,0_okno_n1
878736,0,0,0_okno_n1
878836,3,0,0_okno_n2
878839,4,0,0_okno_n5+
878848,2,0,0_okno_n2
878959,1,0,0_okno_n1
878966,2,0,0_okno_n1
878985,1,0,0_okno_n1
879023,0,0,0_okno_n1
879034,1,0,0_okno_n3-4
879045,0,0,0_okno_n1
879178,4,0,0_okno_n1
879213,1,0,0_okno_n3-4
879226,1,0,0_okno_n1
879238,2,0,0_okno_n1
879362,1,0,0_okno_n1
879437,1,0,0_okno_n1
879447,4,0,0_okno_n3-4
879499,2,0,0_okno_n1
879588,4,0,0_okno_n3-4
879595,1,0,0_okno_n5+
879708,4,0,0_okno_n2
879779,4,0,0_okno_n1
879792,4,0,0_okno_n3-4
879816,2,0,0_okno_n1
879866,4,0,0_okno_n2
879889,0,0,0_okno_n3-4
879920,0,0,0_okno_n1
879942,2,0,0_okno_n2
879997,4,0,0_okno_n1
880035,4,0,0_okno_n1
880088,3,0,0_okno_n2
880120,0,0,0_okno_n2
880169,1,1,1_pozaokno_n3-4
880202,1,0,0_okno_n3-4
880227,3,0,0_okno_n1
880234,0,0,0_okno_n3-4
880257,1,0,0_okno_n2
880258,2,0,0_okno_n2
880293,3,0,0_okno_n2
880419,0,0,0_okno_n1
880432,4,0,0_okno_n1
880495,2,0,0_okno_n1
880556,0,1,1_pozaokno_n5+
880579,3,0,0_okno_n3-4
880600,2,0,0_okno_n1
880619,3,1,1_pozaokno_n3-4
880706,1,0,0_okno_n1
880761,3,0,0_okno_n2
880785,2,0,0_okno_n1
880787,4,0,0_okno_n3-4
880906,2,0,0_okno_n1
880948,4,0,0_okno_n2
880969,2,0,0_okno_n1
881069,0,0,0_okno_n1
881140,1,0,0_okno_n2
881176,2,0,0_okno_n1
881178,2,0,0_okno_n1
881199,0,0,0_okno_n1
881246,0,1,1_okno_n5+
881252,0,0,0_okno_n1
881269,1,0,0_okno_n1
881306,1,0,0_okno_n1
881325,2,0,0_okno_n1
881525,1,0,0_okno_n1
881550,3,0,0_okno_n1
881589,0,0,0_okno_n1
881670,2,0,0_okno_n1
881837,3,0,0_okno_n1
881914,0,0,0_okno_n2
881919,1,0,0_okno_n1
881920,0,0,0_okno_n2
881925,0,0,0_okno_n3-4
881993,1,0,0_okno_n1
882037,4,0,0_okno_n1
882051,3,0,0_okno_n1
882180,4,0,0_okno_n1
882216,4,0,0_okno_n1
882232,2,0,0_okno_n2
882260,4,0,0_okno_n1
882274,2,0,0_okno_n1
882335,1,0,0_okno_n1
882350,3,0,0_okno_n1
882387,0,0,0_okno_n1
882400,3,0,0_okno_n1
882415,2,0,0_okno_n3-4
882445,0,0,0_okno_n1
882534,0,0,0_okno_n2
882548,4,0,0_okno_n2
882566,0,0,0_okno_n2
882630,2,0,0_okno_n1
882646,2,0,0_okno_n2
882658,2,0,0_okno_n1
882672,0,1,1_pozaokno_n2
882707,0,0,0_okno_n1
882716,1,0,0_okno_n1
882718,0,0,0_okno_n1
882755,0,0,0_okno_n1
882810,2,0,0_okno_n1
882859,3,0,0_okno_n1
882864,1,0,0_okno_n3-4
883026,4,0,0_okno_n2
883056,0,0,0_okno_n2
883068,4,0,0_okno_n1
883098,3,0,0_okno_n1
883151,3,0,0_okno_n2
883160,1,0,0_okno_n1
883171,4,0,0_okno_n2
883191,0,0,0_okno_n1
883198,3,0,0_okno_n3-4
883242,2,0,0_okno_n1
883254,4,0,0_okno_n1
883272,4,0,0_okno_n1
883288,0,1,1_pozaokno_n1
883307,2,0,0_okno_n1
883321,2,0,0_okno_n1
883322,2,0,0_okno_n1
883360,4,0,0_okno_n1
883412,2,0,0_okno_n1
883457,2,0,0_okno_n3-4
883467,1,0,0_okno_n3-4
883490,3,0,0_okno_n2
883535,2,1,1_pozaokno_n2
883550,2,0,0_okno_n1
883666,2,0,0_okno_n1
883691,2,0,0_okno_n1
883705,1,0,0_okno_n2
883733,4,0,0_okno_n3-4
883736,3,0,0_okno_n1
883746,4,0,0_okno_n1
883796,1,0,0_okno_n3-4
883817,3,1,1_pozaokno_n2
883882,3,0,0_okno_n1
883887,2,0,0_okno_n1
883903,3,0,0_okno_n1
883924,1,0,0_okno_n1
883942,3,0,0_okno_n1
883946,1,0,0_okno_n5+
884008,2,0,0_okno_n1
884053,0,0,0_okno_n3-4
884123,4,0,0_okno_n2
884223,0,0,0_okno_n1
884255,2,1,1_pozaokno_n2
884317,2,0,0_okno_n1
884392,1,0,0_okno_n1
884461,1,0,0_okno_n1
884462,3,0,0_okno_n1
884482,3,0,0_okno_n1
884488,2,0,0_okno_n1
884597,4,0,0_okno_n1
884799,3,0,0_okno_n1
884857,1,0,0_okno_n1
884966,1,0,0_okno_n1
884974,0,1,1_pozaokno_n5+
885072,3,0,0_okno_n1
885074,2,0,0_okno_n2
885136,1,0,0_okno_n2
885162,3,0,0_okno_n1
885376,4,0,0_okno_n1
885400,2,0,0_okno_n1
885428,3,0,0_okno_n1
885431,0,0,0_okno_n1
885454,2,0,0_okno_n1
885470,4,0,0_okno_n2
885490,3,0,0_okno_n5+
885492,1,0,0_okno_n1
885527,0,0,0_okno_n1
885533,0,0,0_okno_n5+
885543,3,1,1_pozaokno_n1
885548,4,0,0_okno_n1
885551,0,0,0_okno_n2
885626,4,0,0_okno_n5+
885656,1,0,0_okno_n3-4
885672,4,0,0_okno_n1
885702,3,0,0_okno_n2
885705,2,0,0_okno_n1
885740,1,0,0_okno_n2
885825,3,0,0_okno_n1
885844,2,0,0_okno_n1
885880,2,0,0_okno_n2
885921,1,0,0_okno_n1
885976,3,0,0_okno_n1
886063,0,0,0_okno_n3-4
886143,4,0,0_okno_n2
886153,4,0,0_okno_n3-4
886176,4,0,0_okno_n2
886309,1,0,0_okno_n1
886316,3,0,0_okno_n1
886404,3,0,0_okno_n1
886466,2,0,0_okno_n1
886503,2,0,0_okno_n2
886509,1,0,0_okno_n1
886549,0,0,0_okno_n2
886689,3,0,0_okno_n1
886734,4,0,0_okno_n2
886814,3,0,0_okno_n1
886824,2,0,0_okno_n2
886825,4,0,0_okno_n3-4
886867,1,0,0_okno_n2
887044,3,0,0_okno_n2
887113,0,0,0_okno_n1
887184,4,0,0_okno_n5+
887201,3,0,0_okno_n2
887212,4,0,0_okno_n3-4
887237,0,0,0_okno_n1
887287,2,0,0_okno_n2
887372,1,0,0_okno_n1
887382,2,0,0_okno_n2
887398,1,0,0_okno_n1
887415,2,0,0_okno_n1
887417,1,0,0_okno_n1
887419,1,0,0_okno_n3-4
887433,1,0,0_okno_n1
887443,1,0,0_okno_n1
887484,1,1,1_pozaokno_n5+
887490,1,0,0_okno_n2
887510,2,0,0_okno_n1
887568,2,0,0_okno_n1
887649,0,0,0_okno_n1
887696,1,0,0_okno_n1
887846,1,0,0_okno_n1
887853,3,0,0_okno_n1
887860,1,0,0_okno_n1
887940,2,0,0_okno_n2
887942,2,0,0_okno_n3-4
887947,3,0,0_okno_n1
887974,2,0,0_okno_n2
887977,0,1,1_pozaokno_n2
888028,1,0,0_okno_n1
888125,0,0,0_okno_n1
888128,0,0,0_okno_n1
888220,4,0,0_okno_n1
888248,4,0,0_okno_n2
888384,0,0,0_okno_n3-4
888454,4,0,0_okno_n1
888468,4,0,0_okno_n2
888527,2,0,0_okno_n3-4
888551,4,0,0_okno_n1
888556,0,0,0_okno_n1
888580,4,0,0_okno_n2
888639,3,0,0_okno_n1
888731,1,0,0_okno_n3-4
888732,0,0,0_okno_n5+
888804,1,0,0_okno_n1
888842,0,0,0_okno_n2
888853,0,0,0_okno_n3-4
888872,3,0,0_okno_n1
888897,0,0,0_okno_n1
888969,1,0,0_okno_n1
888970,4,0,0_okno_n2
889042,3,0,0_okno_n1
889119,1,1,1_okno_n1
889151,2,0,0_okno_n3-4
889204,1,0,0_okno_n2
889237,0,0,0_okno_n1
889275,3,0,0_okno_n2
889279,3,0,0_okno_n3-4
889388,1,0,0_okno_n3-4
889522,4,0,0_okno_n1
889534,0,0,0_okno_n3-4
889548,2,0,0_okno_n1
889621,3,0,0_okno_n1
889631,4,1,1_pozaokno_n3-4
889746,4,0,0_okno_n2
889756,3,0,0_okno_n3-4
889848,2,0,0_okno_n1
889850,2,0,0_okno_n1
889915,1,0,0_okno_n3-4
889940,2,0,0_okno_n2
889974,1,0,0_okno_n3-4
889990,1,0,0_okno_n1
890038,0,0,0_okno_n1
890039,1,0,0_okno_n2
890082,0,0,0_okno_n1
890094,2,0,0_okno_n1
890113,2,0,0_okno_n1
890376,3,0,0_okno_n3-4
890492,4,0,0_okno_n1
890496,1,0,0_okno_n1
890531,4,1,1_pozaokno_n2
890699,4,0,0_okno_n2
890701,1,0,0_okno_n1
890743,4,0,0_okno_n1
890826,0,0,0_okno_n5+
890878,4,0,0_okno_n3-4
890899,1,0,0_okno_n5+
890959,4,0,0_okno_n1
891004,0,0,0_okno_n1
891065,2,0,0_okno_n1
891071,3,0,0_okno_n1
891120,0,0,0_okno_n3-4
891149,4,0,0_okno_n1
891162,2,0,0_okno_n1
891202,1,0,0_okno_n5+
891264,4,1,1_pozaokno_n2
891290,1,0,0_okno_n2
891328,2,0,0_okno_n1
891342,2,0,0_okno_n5+
891349,2,0,0_okno_n1
891352,4,0,0_okno_n1
891401,2,0,0_okno_n1
891464,4,0,0_okno_n1
891484,1,0,0_okno_n3-4
891531,1,0,0_okno_n3-4
891566,3,0,0_okno_n3-4
891577,2,0,0_okno_n1
891704,2,0,0_okno_n1
891767,1,0,0_okno_n1
891790,4,0,0_okno_n3-4
891836,0,0,0_okno_n1
891894,1,0,0_okno_n1
891969,2,0,0_okno_n1
892016,3,0,0_okno_n1
892050,2,1,1_pozaokno_n1
892062,0,0,0_okno_n1
892146,4,0,0_okno_n2
892148,4,0,0_okno_n3-4
892166,3,0,0_okno_n1
892331,1,0,0_okno_n1
892346,0,0,0_okno_n1
892358,3,0,0_okno_n1
892379,1,0,0_okno_n1
892381,3,0,0_okno_n1
892423,4,0,0_okno_n1
892432,4,1,1_okno_n5+
892455,4,0,0_okno_n2
892505,2,0,0_okno_n2
892537,3,0,0_okno_n2
892552,0,0,0_okno_n1
892596,2,0,0_okno_n2
892636,4,0,0_okno_n1
892722,1,0,0_okno_n2
892726,4,0,0_okno_n1
892775,4,0,0_okno_n1
892806,0,0,0_okno_n1
892823,4,0,0_okno_n3-4
892836,2,0,0_okno_n2
892844,2,0,0_okno_n1
892846,4,0,0_okno_n2
892881,4,0,0_okno_n2
892896,2,0,0_okno_n1
892985,1,0,0_okno_n1
892991,3,0,0_okno_n1
893061,1,0,0_okno_n1
893085,3,0,0_okno_n1
893199,0,0,0_okno_n1
893206,2,0,0_okno_n1
893233,3,0,0_okno_n1
893275,1,0,0_okno_n1
893282,4,0,0_okno_n1
893353,3,0,0_okno_n2
893374,2,0,0_okno_n1
893396,0,0,0_okno_n3-4
893398,2,0,0_okno_n2
893542,3,0,0_okno_n1
893548,1,0,0_okno_n1
893550,1,0,0_okno_n3-4
893568,4,0,0_okno_n2
893586,3,0,0_okno_n2
893615,0,0,0_okno_n3-4
893691,1,0,0_okno_n3-4
893711,1,0,0_okno_n1
893722,1,0,0_okno_n1
893740,2,0,0_okno_n1
893754,3,1,1_okno_n5+
893795,4,0,0_okno_n1
893955,1,0,0_okno_n1
893971,4,0,0_okno_n3-4
894107,1,0,0_okno_n1
894129,3,0,0_okno_n1
894136,4,0,0_okno_n1
894158,1,0,0_okno_n2
894196,4,0,0_okno_n3-4
894243,3,0,0_okno_n1
894257,4,0,0_okno_n1
894362,1,0,0_okno_n2
894429,1,0,0_okno_n2
894439,4,0,0_okno_n1
894582,4,0,0_okno_n1
894593,0,0,0_okno_n1
894622,4,0,0_okno_n1
894677,0,0,0_okno_n3-4
894756,4,0,0_okno_n2
894807,3,0,0_okno_n2
894808,0,0,0_okno_n2
894858,1,0,0_okno_n1
894934,0,0,0_okno_n2
895017,3,0,0_okno_n2
895020,4,0,0_okno_n1
895038,2,0,0_okno_n1
895071,4,0,0_okno_n1
895072,0,0,0_okno_n1
895114,3,0,0_okno_n1
895160,2,0,0_okno_n1
895207,1,0,0_okno_n2
895236,1,0,0_okno_n1
895452,0,0,0_okno_n1
895601,0,0,0_okno_n3-4
895604,1,0,0_okno_n3-4
895622,2,0,0_okno_n2
895695,1,0,0_okno_n1
895707,4,0,0_okno_n1
895745,2,0,0_okno_n1
895789,0,0,0_okno_n1
895794,2,0,0_okno_n1
895912,2,0,0_okno_n2
895913,2,0,0_okno_n1
895918,3,0,0_okno_n2
895924,2,0,0_okno_n1
895937,0,0,0_okno_n2
895959,1,0,0_okno_n1
896025,1,0,0_okno_n2
896047,0,0,0_okno_n1
896097,4,0,0_okno_n1
896183,4,0,0_okno_n1
896205,2,0,0_okno_n1
896219,3,0,0_okno_n1
896249,1,0,0_okno_n2
896283,0,0,0_okno_n1
896333,2,0,0_okno_n3-4
896508,0,0,0_okno_n1
896517,4,0,0_okno_n1
896570,2,1,1_pozaokno_n5+
896639,2,0,0_okno_n3-4
896661,4,0,0_okno_n2
896677,2,0,0_okno_n1
896691,1,0,0_okno_n1
896775,1,0,0_okno_n1
896850,2,0,0_okno_n3-4
896858,3,0,0_okno_n1
896867,1,0,0_okno_n3-4
896882,0,0,0_okno_n2
896890,4,0,0_okno_n3-4
896948,0,0,0_okno_n1
897109,4,0,0_okno_n5+
897124,3,0,0_okno_n1
897142,2,0,0_okno_n2
897193,1,1,1_pozaokno_n1
897267,4,0,0_okno_n1
897272,0,0,0_okno_n1
897309,0,0,0_okno_n1
897356,4,0,0_okno_n1
897390,1,0,0_okno_n1
897400,2,0,0_okno_n2
897466,4,0,0_okno_n1
897575,0,0,0_okno_n1
897613,0,0,0_okno_n2
897717,0,0,0_okno_n1
897756,4,0,0_okno_n1
897801,2,0,0_okno_n2
897812,4,0,0_okno_n1
897813,4,0,0_okno_n3-4
897842,1,0,0_okno_n2
897883,3,0,0_okno_n1
897892,0,0,0_okno_n2
897910,4,0,0_okno_n1
897983,4,0,0_okno_n2
897988,0,0,0_okno_n3-4
897993,4,0,0_okno_n1
898000,4,0,0_okno_n1
898042,3,0,0_okno_n1
898116,4,0,0_okno_n1
898128,2,0,0_okno_n1
898169,1,0,0_okno_n1
898183,1,0,0_okno_n1
898324,3,0,0_okno_n1
898358,2,0,0_okno_n1
898389,4,0,0_okno_n5+
898416,1,0,0_okno_n3-4
898482,0,0,0_okno_n5+
898487,4,0,0_okno_n1
898515,3,0,0_okno_n1
898550,1,0,0_okno_n3-4
898579,2,0,0_okno_n3-4
898638,2,0,0_okno_n1
898640,3,0,0_okno_n2
898695,0,0,0_okno_n2
898720,4,0,0_okno_n1
898832,2,0,0_okno_n1
898852,1,1,1_pozaokno_n1
898890,4,0,0_okno_n3-4
898949,4,0,0_okno_n1
898969,3,0,0_okno_n1
899018,0,0,0_okno_n3-4
899036,1,0,0_okno_n2
899243,3,0,0_okno_n2
899324,1,0,0_okno_n3-4
899369,0,0,0_okno_n1
899378,4,0,0_okno_n2
899391,2,0,0_okno_n1
899396,3,0,0_okno_n1
899541,1,0,0_okno_n3-4
899563,0,0,0_okno_n5+
899569,0,0,0_okno_n3-4
899675,1,0,0_okno_n1
899713,1,0,0_okno_n2
899723,1,0,0_okno_n5+
899753,0,0,0_okno_n1
899925,0,0,0_okno_n1
900011,3,0,0_okno_n1
900040,1,0,0_okno_n5+
900075,2,0,0_okno_n1
900182,0,0,0_okno_n1
900240,1,0,0_okno_n2
900241,2,0,0_okno_n1
900290,0,0,0_okno_n1
900325,1,0,0_okno_n3-4
900391,1,0,0_okno_n1
900462,4,0,0_okno_n2
900474,4,0,0_okno_n2
900522,0,0,0_okno_n2
900533,0,0,0_okno_n3-4
900633,4,0,0_okno_n1
900771,0,0,0_okno_n1
900782,4,0,0_okno_n1
900793,0,0,0_okno_n1
900964,3,0,0_okno_n1
901080,0,0,0_okno_n1
901137,1,0,0_okno_n3-4
901178,1,0,0_okno_n1
901193,0,0,0_okno_n2
901206,1,0,0_okno_n1
901207,4,0,0_okno_n2
901215,2,0,0_okno_n1
901342,4,0,0_okno_n2
901377,4,0,0_okno_n1
901379,1,0,0_okno_n1
901449,1,0,0_okno_n1
901493,1,0,0_okno_n1
901569,1,0,0_okno_n1
901651,0,1,1_pozaokno_n2
901703,4,0,0_okno_n3-4
901714,0,0,0_okno_n1
901729,4,0,0_okno_n1
901780,3,0,0_okno_n1
901781,4,0,0_okno_n1
901815,2,0,0_okno_n1
901843,2,0,0_okno_n1
901867,3,0,0_okno_n1
902112,1,0,0_okno_n2
902155,0,0,0_okno_n1
902199,2,0,0_okno_n1
902213,0,0,0_okno_n2
902255,3,0,0_okno_n1
902281,1,0,0_okno_n5+
902292,2,0,0_okno_n2
902321,3,0,0_okno_n1
902412,1,0,0_okno_n2
902431,0,0,0_okno_n5+
902438,4,0,0_okno_n2
902443,2,0,0_okno_n1
902450,0,0,0_okno_n3-4
902572,3,0,0_okno_n1
902582,0,0,0_okno_n1
902617,1,0,0_okno_n1
902714,2,0,0_okno_n2
902716,3,0,0_okno_n3-4
902744,4,0,0_okno_n5+
902925,3,0,0_okno_n1
902997,0,0,0_okno_n1
903009,3,0,0_okno_n1
903016,0,0,0_okno_n1
903085,3,0,0_okno_n2
903109,1,0,0_okno_n2
903174,0,0,0_okno_n1
903233,2,0,0_okno_n2
903297,3,0,0_okno_n1
903304,0,0,0_okno_n2
903352,3,0,0_okno_n1
903413,1,0,0_okno_n3-4
903544,4,0,0_okno_n2
903592,0,0,0_okno_n1
903668,4,0,0_okno_n1
903700,4,0,0_okno_n1
903733,2,0,0_okno_n1
903747,0,0,0_okno_n1
903778,4,0,0_okno_n5+
903779,2,0,0_okno_n1
903819,0,0,0_okno_n2
903831,1,0,0_okno_n2
903936,3,0,0_okno_n1
903950,2,0,0_okno_n3-4
904060,3,0,0_okno_n1
904109,4,0,0_okno_n1
904124,4,0,0_okno_n3-4
904276,1,0,0_okno_n1
904305,2,0,0_okno_n2
904326,0,0,0_okno_n3-4
904336,4,0,0_okno_n1
904356,2,0,0_okno_n3-4
904381,2,0,0_okno_n2
904401,4,0,0_okno_n1
904428,4,0,0_okno_n2
904462,2,0,0_okno_n2
904493,4,0,0_okno_n2
904568,3,0,0_okno_n1
904762,1,0,0_okno_n3-4
904785,0,0,0_okno_n1
904807,0,0,0_okno_n1
904826,0,0,0_okno_n2
904872,0,0,0_okno_n3-4
904965,2,0,0_okno_n2
905044,3,0,0_okno_n2
905045,2,0,0_okno_n1
905058,2,0,0_okno_n1
905059,2,0,0_okno_n1
905113,3,0,0_okno_n1
905138,3,0,0_okno_n3-4
905153,2,0,0_okno_n1
905180,1,0,0_okno_n1
905261,4,0,0_okno_n1
905279,1,0,0_okno_n3-4
905287,3,0,0_okno_n1
905335,4,0,0_okno_n2
905447,3,0,0_okno_n1
905489,1,0,0_okno_n1
905511,0,0,0_okno_n1
905535,4,0,0_okno_n2
905546,2,0,0_okno_n5+
905560,1,0,0_okno_n2
905649,3,0,0_okno_n2
905741,3,0,0_okno_n2
905765,1,0,0_okno_n1
905824,1,0,0_okno_n1
905832,1,0,0_okno_n3-4
905834,1,0,0_okno_n1
905852,1,0,0_okno_n1
905890,1,0,0_okno_n1
905976,2,0,0_okno_n1
906004,0,0,0_okno_n1
906024,1,0,0_okno_n3-4
906044,2,0,0_okno_n1
906105,4,0,0_okno_n3-4
906115,4,1,1_pozaokno_n2
906179,4,0,0_okno_n1
906265,3,0,0_okno_n2
906363,3,1,1_pozaokno_n2
906367,1,1,1_pozaokno_n5+
906374,0,0,0_okno_n1
906431,4,0,0_okno_n1
906490,4,0,0_okno_n1
906555,4,0,0_okno_n1
906584,0,0,0_okno_n1
906650,3,1,1_pozaokno_n2
906661,3,0,0_okno_n1
906727,0,0,0_okno_n1
906733,2,0,0_okno_n1
906761,4,0,0_okno_n3-4
906836,4,0,0_okno_n1
906839,0,0,0_okno_n1
906843,4,1,1_pozaokno_n3-4
906851,1,0,0_okno_n2
906854,1,0,0_okno_n3-4
906862,3,0,0_okno_n3-4
906964,0,0,0_okno_n1
906989,1,0,0_okno_n1
906992,2,0,0_okno_n1
907040,4,0,0_okno_n1
907060,4,0,0_okno_n2
907080,4,0,0_okno_n3-4
907089,2,0,0_okno_n1
907106,1,0,0_okno_n2
907143,1,0,0_okno_n1
907155,3,0,0_okno_n2
907156,4,0,0_okno_n1
907316,4,0,0_okno_n1
907320,3,0,0_okno_n1
907351,0,0,0_okno_n5+
907353,0,0,0_okno_n2
907477,3,0,0_okno_n2
907513,0,0,0_okno_n2
907522,4,0,0_okno_n1
907553,0,0,0_okno_n2
907620,0,0,0_okno_n2
907704,4,0,0_okno_n1
907751,1,0,0_okno_n3-4
907782,1,0,0_okno_n1
907858,2,0,0_okno_n1
907908,3,0,0_okno_n1
908006,4,1,1_pozaokno_n5+
908116,2,0,0_okno_n1
908144,4,0,0_okno_n1
908155,3,0,0_okno_n2
908180,1,0,0_okno_n1
908197,4,0,0_okno_n1
908201,4,0,0_okno_n2
908226,0,0,0_okno_n2
908230,0,0,0_okno_n5+
908236,3,0,0_okno_n2
908259,2,0,0_okno_n2
908261,0,0,0_okno_n1
908286,3,0,0_okno_n1
908315,1,0,0_okno_n1
908379,2,0,0_okno_n1
908406,1,0,0_okno_n1
908420,0,0,0_okno_n3-4
908435,4,0,0_okno_n3-4
908447,2,0,0_okno_n1
908464,3,1,1_pozaokno_n1
908507,0,0,0_okno_n1
908535,4,0,0_okno_n2
908617,3,0,0_okno_n2
908658,1,0,0_okno_n1
908680,4,0,0_okno_n3-4
908789,2,0,0_okno_n2
908813,4,0,0_okno_n5+
908926,0,0,0_okno_n1
908964,2,0,0_okno_n2
909026,2,0,0_okno_n3-4
909033,1,0,0_okno_n1
909054,0,0,0_okno_n1
909121,2,0,0_okno_n5+
909130,1,0,0_okno_n1
909153,0,0,0_okno_n2
909155,4,0,0_okno_n3-4
909176,0,0,0_okno_n2
909217,1,0,0_okno_n1
909229,0,0,0_okno_n3-4
909314,0,0,0_okno_n3-4
909366,4,0,0_okno_n1
909418,0,0,0_okno_n3-4
909430,4,0,0_okno_n1
909442,1,0,0_okno_n1
909459,1,0,0_okno_n3-4
909543,4,0,0_okno_n1
909546,0,1,1_pozaokno_n1
909635,0,0,0_okno_n1
909636,1,0,0_okno_n1
909664,2,0,0_okno_n2
909680,4,0,0_okno_n1
909741,1,0,0_okno_n1
909758,2,0,0_okno_n1
909803,1,0,0_okno_n1
909827,1,0,0_okno_n1
909951,4,0,0_okno_n3-4
909961,1,0,0_okno_n3-4
910033,1,0,0_okno_n3-4
910123,4,0,0_okno_n1
910149,2,0,0_okno_n1
910162,1,0,0_okno_n2
910200,3,0,0_okno_n2
910251,4,0,0_okno_n2
910391,0,0,0_okno_n1
910636,4,0,0_okno_n1
910643,3,0,0_okno_n2
910654,0,0,0_okno_n1
910658,3,0,0_okno_n1
910791,1,0,0_okno_n1
910797,1,0,0_okno_n1
910813,2,0,0_okno_n3-4
910825,4,0,0_okno_n2
910827,2,0,0_okno_n2
911005,3,0,0_okno_n1
911031,0,0,0_okno_n1
911173,3,0,0_okno_n1
911175,0,0,0_okno_n1
911203,3,0,0_okno_n1
911229,1,0,0_okno_n1
911284,4,0,0_okno_n1
911384,1,0,0_okno_n1
911392,0,0,0_okno_n1
911426,4,0,0_okno_n1
911427,4,0,0_okno_n2
911465,0,0,0_okno_n1
911486,3,0,0_okno_n3-4
911522,0,0,0_okno_n1
911563,1,0,0_okno_n2
911578,1,1,1_pozaokno_n1
911598,3,0,0_okno_n1
911682,0,0,0_okno_n2
911718,4,0,0_okno_n3-4
911844,1,0,0_okno_n3-4
911876,4,0,0_okno_n1
911967,0,0,0_okno_n1
911997,4,0,0_okno_n2
912008,0,1,1_pozaokno_n5+
912033,4,0,0_okno_n1
912088,1,0,0_okno_n1
912134,2,0,0_okno_n1
912435,0,0,0_okno_n3-4
912455,0,1,1_pozaokno_n2
912460,3,0,0_okno_n1
912644,1,0,0_okno_n1
912682,3,0,0_okno_n5+
912685,0,0,0_okno_n1
912691,0,0,0_okno_n1
912702,2,0,0_okno_n1
912715,1,0,0_okno_n3-4
912833,4,0,0_okno_n1
912869,1,0,0_okno_n3-4
912970,0,0,0_okno_n2
912988,3,0,0_okno_n1
913031,2,1,1_pozaokno_n1
913078,2,0,0_okno_n1
913120,0,0,0_okno_n1
913126,4,0,0_okno_n1
913308,0,0,0_okno_n1
913491,1,0,0_okno_n3-4
913560,0,0,0_okno_n5+
913632,0,0,0_okno_n5+
913640,3,0,0_okno_n1
913675,2,0,0_okno_n1
913688,2,0,0_okno_n3-4
913722,3,0,0_okno_n3-4
913767,4,0,0_okno_n5+
913801,3,0,0_okno_n3-4
913821,0,0,0_okno_n2
913877,4,0,0_okno_n1
913893,3,0,0_okno_n5+
913894,1,0,0_okno_n5+
913906,2,0,0_okno_n3-4
913908,1,0,0_okno_n1
914016,0,0,0_okno_n1
914066,2,0,0_okno_n5+
914079,3,0,0_okno_n3-4
914152,4,0,0_okno_n1
914184,1,0,0_okno_n1
914187,2,0,0_okno_n1
914262,2,0,0_okno_n1
914271,1,0,0_okno_n2
914523,2,0,0_okno_n2
914567,4,0,0_okno_n5+
914617,3,0,0_okno_n3-4
914647,4,0,0_okno_n3-4
914656,0,0,0_okno_n2
914720,4,0,0_okno_n2
915016,1,0,0_okno_n1
915098,2,0,0_okno_n1
915260,4,0,0_okno_n1
915334,2,0,0_okno_n1
915338,4,0,0_okno_n1
915362,0,0,0_okno_n1
915383,0,0,0_okno_n1
915496,0,0,0_okno_n1
915498,1,0,0_okno_n3-4
915615,4,0,0_okno_n5+
915623,1,0,0_okno_n1
915638,0,0,0_okno_n1
915688,1,0,0_okno_n1
915730,0,0,0_okno_n1
915746,3,0,0_okno_n2
915824,2,0,0_okno_n3-4
915881,0,0,0_okno_n1
915957,0,0,0_okno_n2
916012,4,0,0_okno_n3-4
916029,2,0,0_okno_n1
916068,1,1,1_pozaokno_n5+
916090,0,0,0_okno_n2
916118,2,0,0_okno_n2
916165,2,0,0_okno_n2
916290,2,0,0_okno_n1
916293,0,0,0_okno_n1
916389,1,0,0_okno_n1
916525,1,0,0_okno_n1
916543,2,0,0_okno_n2
916570,0,0,0_okno_n2
916580,4,0,0_okno_n1
916585,0,1,1_pozaokno_n1
916624,1,0,0_okno_n1
916742,0,0,0_okno_n5+
916768,1,1,1_okno_n1
916776,1,0,0_okno_n1
916796,0,0,0_okno_n1
916880,4,1,1_pozaokno_n3-4
916885,4,0,0_okno_n1
916960,4,0,0_okno_n1
916978,1,0,0_okno_n1
917002,3,0,0_okno_n2
917009,0,0,0_okno_n1
917010,4,0,0_okno_n1
917100,1,0,0_okno_n1
917121,2,0,0_okno_n2
917129,0,0,0_okno_n1
917146,0,0,0_okno_n1
917195,2,0,0_okno_n5+
917208,3,0,0_okno_n1
917215,4,0,0_okno_n2
917235,3,0,0_okno_n2
917257,3,0,0_okno_n1
917269,2,0,0_okno_n1
917342,3,0,0_okno_n2
917355,1,0,0_okno_n2
917416,4,0,0_okno_n1
917456,3,0,0_okno_n1
917462,4,0,0_okno_n1
917684,4,0,0_okno_n1
917763,2,0,0_okno_n3-4
917880,0,0,0_okno_n1
917888,3,0,0_okno_n3-4
917889,1,0,0_okno_n1
917892,1,0,0_okno_n3-4
917995,3,0,0_okno_n1
918169,3,0,0_okno_n1
918232,4,0,0_okno_n1
918259,0,0,0_okno_n2
918332,0,0,0_okno_n1
918377,0,0,0_okno_n2
918383,1,0,0_okno_n3-4
918409,0,0,0_okno_n1
918437,2,0,0_okno_n1
918449,2,0,0_okno_n1
918474,4,0,0_okno_n1
918486,1,0,0_okno_n1
918564,2,0,0_okno_n1
918627,3,0,0_okno_n1
918660,4,0,0_okno_n1
918672,4,0,0_okno_n2
918704,0,0,0_okno_n1
918754,1,0,0_okno_n1
918868,0,0,0_okno_n1
918873,2,0,0_okno_n5+
918977,0,0,0_okno_n1
918999,0,0,0_okno_n1
919027,0,0,0_okno_n1
919054,1,0,0_okno_n5+
919090,0,0,0_okno_n5+
919112,1,0,0_okno_n1
919127,0,0,0_okno_n2
919161,1,0,0_okno_n1
919244,0,0,0_okno_n1
919266,1,0,0_okno_n2
919278,4,0,0_okno_n1
919283,3,0,0_okno_n1
919336,4,0,0_okno_n1
919362,0,0,0_okno_n1
919487,3,0,0_okno_n1
919496,0,0,0_okno_n3-4
919548,1,0,0_okno_n1
919572,2,0,0_okno_n1
919601,4,0,0_okno_n1
919642,4,0,0_okno_n1
919659,4,0,0_okno_n1
919738,0,0,0_okno_n1
919769,3,0,0_okno_n5+
919778,2,0,0_okno_n1
919849,0,0,0_okno_n1
919883,0,0,0_okno_n1
919931,1,0,0_okno_n1
919983,3,0,0_okno_n3-4
920040,3,0,0_okno_n1
920128,2,0,0_okno_n2
920219,2,0,0_okno_n2
920242,3,0,0_okno_n1
920339,2,0,0_okno_n1
920341,4,0,0_okno_n3-4
920347,2,0,0_okno_n1
920377,4,0,0_okno_n2
920382,1,0,0_okno_n3-4
920395,2,0,0_okno_n2
920479,2,0,0_okno_n3-4
920518,3,0,0_okno_n2
920527,1,0,0_okno_n5+
920549,4,0,0_okno_n3-4
920552,2,0,0_okno_n2
920566,4,0,0_okno_n2
920598,3,0,0_okno_n5+
920602,4,0,0_okno_n1
920606,2,0,0_okno_n1
920616,2,0,0_okno_n3-4
920686,4,0,0_okno_n2
920688,4,0,0_okno_n1
920729,1,0,0_okno_n2
920766,1,0,0_okno_n1
920797,1,0,0_okno_n5+
920805,1,0,0_okno_n1
920881,4,0,0_okno_n2
920967,4,0,0_okno_n2
920996,0,0,0_okno_n5+
921032,2,0,0_okno_n1
921096,2,0,0_okno_n1
921128,1,0,0_okno_n5+
921152,2,0,0_okno_n1
921162,4,0,0_okno_n1
921164,3,0,0_okno_n1
921180,3,0,0_okno_n1
921294,1,0,0_okno_n1
921354,4,0,0_okno_n1
921493,0,0,0_okno_n1
921523,1,1,1_pozaokno_n2
921524,4,0,0_okno_n1
921581,2,0,0_okno_n2
921584,2,0,0_okno_n1
921626,1,0,0_okno_n1
921632,2,0,0_okno_n2
921637,1,0,0_okno_n1
921726,1,0,0_okno_n1
921741,0,0,0_okno_n2
921866,4,0,0_okno_n3-4
921871,2,0,0_okno_n5+
921882,1,0,0_okno_n1
921923,3,0,0_okno_n3-4
921978,3,0,0_okno_n1
922009,4,0,0_okno_n2
922051,4,0,0_okno_n2
922113,3,0,0_okno_n1
922147,1,0,0_okno_n1
922163,4,0,0_okno_n1
922233,1,0,0_okno_n1
922326,4,0,0_okno_n2
922338,0,0,0_okno_n1
922343,2,0,0_okno_n1
922446,3,0,0_okno_n1
922463,2,0,0_okno_n3-4
922571,2,0,0_okno_n2
922581,1,0,0_okno_n1
922630,0,0,0_okno_n1
922695,0,0,0_okno_n1
922738,1,0,0_okno_n1
922784,0,0,0_okno_n1
922900,2,0,0_okno_n1
923055,2,0,0_okno_n1
923104,1,0,0_okno_n3-4
923142,2,0,0_okno_n1
923148,4,0,0_okno_n1
923270,0,0,0_okno_n1
923396,2,0,0_okno_n1
923453,3,0,0_okno_n1
923467,2,0,0_okno_n5+
923582,3,0,0_okno_n2
923605,4,0,0_okno_n1
923614,1,0,0_okno_n2
923646,3,0,0_okno_n3-4
923695,1,0,0_okno_n1
923701,1,0,0_okno_n2
923712,1,0,0_okno_n3-4
923731,0,0,0_okno_n5+
923803,0,0,0_okno_n1
923836,0,0,0_okno_n2
924020,0,0,0_okno_n1
924162,1,0,0_okno_n1
924164,2,0,0_okno_n2
924169,0,0,0_okno_n1
924205,2,0,0_okno_n1
924221,0,0,0_okno_n5+
924279,3,0,0_okno_n1
924351,1,0,0_okno_n1
924389,2,0,0_okno_n3-4
924414,3,0,0_okno_n2
924425,3,0,0_okno_n5+
924549,0,0,0_okno_n3-4
924632,0,0,0_okno_n1
924661,1,0,0_okno_n1
924673,0,0,0_okno_n3-4
924684,2,0,0_okno_n1
924687,1,0,0_okno_n2
924768,4,0,0_okno_n3-4
924821,4,0,0_okno_n2
924835,4,0,0_okno_n1
924844,4,0,0_okno_n1
924912,1,0,0_okno_n1
924942,3,0,0_okno_n2
924958,3,0,0_okno_n2
925056,4,0,0_okno_n1
925155,4,0,0_okno_n1
925156,4,0,0_okno_n1
925229,4,0,0_okno_n2
925279,0,0,0_okno_n1
925410,2,0,0_okno_n1
925452,4,0,0_okno_n1
925476,4,0,0_okno_n2
925544,4,0,0_okno_n1
925659,2,0,0_okno_n1
925690,0,0,0_okno_n2
925729,2,0,0_okno_n3-4
925851,1,0,0_okno_n3-4
925896,0,0,0_okno_n1
925898,2,0,0_okno_n2
926062,2,0,0_okno_n1
926083,4,0,0_okno_n2
926093,1,0,0_okno_n2
926155,4,0,0_okno_n5+
926205,1,0,0_okno_n5+
926213,0,1,1_pozaokno_n2
926261,3,0,0_okno_n3-4
926339,1,0,0_okno_n3-4
926416,0,1,1_pozaokno_n3-4
926433,2,0,0_okno_n1
926452,3,0,0_okno_n1
926468,3,0,0_okno_n1
926661,0,0,0_okno_n2
926682,1,0,0_okno_n1
926692,0,0,0_okno_n1
926953,1,0,0_okno_n5+
926965,4,0,0_okno_n1
926967,3,0,0_okno_n1
927001,4,0,0_okno_n1
927014,3,0,0_okno_n2
927066,4,0,0_okno_n2
927117,1,1,1_okno_n3-4
927156,1,0,0_okno_n1
927165,1,0,0_okno_n1
927182,1,0,0_okno_n1
927185,2,0,0_okno_n1
927203,0,0,0_okno_n3-4
927206,3,0,0_okno_n1
927270,2,0,0_okno_n2
927323,4,0,0_okno_n1
927357,0,0,0_okno_n2
927359,0,0,0_okno_n2
927564,0,0,0_okno_n1
927581,0,0,0_okno_n5+
927596,1,0,0_okno_n1
927688,0,0,0_okno_n1
927704,2,0,0_okno_n1
927725,2,0,0_okno_n1
927746,4,0,0_okno_n5+
927851,1,0,0_okno_n1
927891,3,0,0_okno_n1
927892,2,0,0_okno_n2
928002,2,0,0_okno_n1
928096,4,0,0_okno_n1
928146,0,0,0_okno_n1
928452,1,0,0_okno_n2
929181,0,0,0_okno_n1
929292,4,0,0_okno_n1
929984,2,0,0_okno_n1
930411,3,0,0_okno_n2
930752,4,0,0_okno_n1
932063,3,0,0_okno_n1
932636,4,0,0_okno_n1
932858,3,0,0_okno_n2
932860,1,0,0_okno_n1
933186,4,0,0_okno_n2
934352,1,0,0_okno_n1
935236,4,0,0_okno_n1
935993,3,0,0_okno_n1
936132,0,0,0_okno_n3-4
936755,2,0,0_okno_n1
936874,2,0,0_okno_n3-4
937974,1,0,0_okno_n3-4
939962,3,1,1_pozaokno_n2
1004035,1,0,0_okno_n2
1010833,1,0,0_okno_n3-4
1010844,1,0,0_okno_n3-4
1010880,4,0,0_okno_n3-4
1010920,2,0,0_okno_n1
1010927,2,0,0_okno_n2
1010929,2,0,0_okno_n1
1010935,0,0,0_okno_n3-4
1010937,3,0,0_okno_n1
1010998,2,0,0_okno_n1
1011019,0,0,0_okno_n1
1011031,2,0,0_okno_n1
1011120,1,0,0_okno_n1
1011126,1,0,0_okno_n2
1011176,1,0,0_okno_n1
1011211,0,0,0_okno_n1
1011221,1,0,0_okno_n1
1011253,4,0,0_okno_n1
1011356,4,0,0_okno_n1
1011474,3,1,1_pozaokno_n5+
1011490,2,0,0_okno_n1
1011501,0,0,0_okno_n1
1011547,4,0,0_okno_n1
1011551,3,0,0_okno_n1
1011552,2,0,0_okno_n2
1011556,4,0,0_okno_n1
1011570,4,0,0_okno_n1
1011628,4,1,1_pozaokno_n2
1011629,1,0,0_okno_n1
1011630,3,0,0_okno_n1
1011642,0,0,0_okno_n1
1011669,0,0,0_okno_n1
1011767,2,0,0_okno_n1
1011885,0,0,0_okno_n3-4
1011928,1,0,0_okno_n1
1011929,0,0,0_okno_n1
1011960,0,0,0_okno_n1
1012031,0,0,0_okno_n1
1012080,4,0,0_okno_n3-4
1012103,2,0,0_okno_n1
1012184,2,0,0_okno_n1
1012221,3,0,0_okno_n2
1012244,3,0,0_okno_n1
1012316,0,0,0_okno_n1
1012319,2,0,0_okno_n1
1012395,2,0,0_okno_n1
1012426,1,0,0_okno_n1
1012487,4,0,0_okno_n1
1012508,4,0,0_okno_n2
1012670,0,0,0_okno_n1
1012755,3,0,0_okno_n1
1012795,4,0,0_okno_n1
1012833,4,0,0_okno_n3-4
1012900,4,0,0_okno_n1
1012989,3,0,0_okno_n1
1012990,2,0,0_okno_n1
1013729,3,0,0_okno_n1
1013809,4,0,0_okno_n1
1013993,1,0,0_okno_n1
1014007,0,0,0_okno_n3-4
1014021,3,0,0_okno_n1
1014089,4,0,0_okno_n1
1014276,1,0,0_okno_n2
1014327,1,0,0_okno_n2
1014346,0,0,0_okno_n1
1014439,0,0,0_okno_n1
1014487,0,0,0_okno_n1
1014498,3,0,0_okno_n1
1014505,1,0,0_okno_n1
1014517,1,0,0_okno_n5+
1014545,1,0,0_okno_n3-4
1014617,1,0,0_okno_n2
1014634,0,0,0_okno_n1
1014644,2,0,0_okno_n1
1014651,3,0,0_okno_n2
1014652,2,0,0_okno_n3-4
1014653,0,0,0_okno_n1
1014687,1,0,0_okno_n1
1014704,1,0,0_okno_n1
1014746,1,0,0_okno_n2
1014757,1,0,0_okno_n2
1014764,0,0,0_okno_n1
1014790,0,0,0_okno_n1
1014797,2,0,0_okno_n1
1014799,1,0,0_okno_n1
1014809,2,0,0_okno_n3-4
1014812,4,0,0_okno_n1
1014838,1,0,0_okno_n1
1014858,4,0,0_okno_n1
1014877,1,1,1_pozaokno_n5+
1014885,4,0,0_okno_n1
1014888,4,0,0_okno_n1
1014890,3,0,0_okno_n1
1014897,0,0,0_okno_n1
1014933,4,0,0_okno_n1
1014940,3,0,0_okno_n2
1014952,2,0,0_okno_n1
1014972,0,0,0_okno_n1
1014978,2,0,0_okno_n5+
1014994,2,0,0_okno_n1
1015014,3,0,0_okno_n3-4
1015050,3,0,0_okno_n1
1015082,4,0,0_okno_n1
1015114,1,0,0_okno_n1
1015158,0,0,0_okno_n5+
1015162,2,0,0_okno_n1
1015213,2,0,0_okno_n2
1015285,3,1,1_pozaokno_n1
1015606,3,0,0_okno_n1
1015670,4,0,0_okno_n2
1015713,3,0,0_okno_n1
1015802,2,0,0_okno_n1
1015808,0,1,1_pozaokno_n1
1015869,0,0,0_okno_n2
1015884,1,0,0_okno_n2
1016332,3,0,0_okno_n3-4
1016369,0,0,0_okno_n3-4
1016378,1,0,0_okno_n3-4
1016380,2,0,0_okno_n1
1016463,3,0,0_okno_n3-4
1016503,0,0,0_okno_n1
1016603,2,0,0_okno_n3-4
1016635,1,0,0_okno_n1
1016672,0,0,0_okno_n1
1016681,3,0,0_okno_n1
1016870,2,0,0_okno_n2
1016888,1,0,0_okno_n1
1016919,2,0,0_okno_n3-4
1016920,2,0,0_okno_n3-4
1016924,1,0,0_okno_n1
1016975,0,0,0_okno_n1
1016984,1,0,0_okno_n1
1016990,1,0,0_okno_n1
1017177,3,0,0_okno_n1
1017203,0,0,0_okno_n3-4
1017216,1,0,0_okno_n2
1017232,4,0,0_okno_n1
1017255,4,0,0_okno_n2
1017345,4,0,0_okno_n3-4
1017634,4,0,0_okno_n1
1017662,3,0,0_okno_n1
1017682,2,0,0_okno_n3-4
1017690,3,0,0_okno_n5+
1017786,2,0,0_okno_n1
1017812,3,0,0_okno_n5+
1017821,2,0,0_okno_n1
1017843,3,0,0_okno_n2
1017974,4,0,0_okno_n1
1018083,3,0,0_okno_n3-4
1018172,1,1,1_pozaokno_n1
1018354,4,0,0_okno_n5+
1018482,1,0,0_okno_n1
1018527,0,0,0_okno_n1
1018609,0,1,1_pozaokno_n5+
1018693,0,0,0_okno_n1
1018727,4,0,0_okno_n1
1018868,3,0,0_okno_n1
1018968,2,0,0_okno_n3-4
1019318,3,0,0_okno_n5+
1019395,0,0,0_okno_n3-4
1019427,0,0,0_okno_n1
1019493,2,0,0_okno_n2
1019510,1,0,0_okno_n1
1019513,2,0,0_okno_n1
1019534,2,0,0_okno_n1
1019584,3,0,0_okno_n3-4
1019626,1,0,0_okno_n2
1019644,1,0,0_okno_n1
1019761,0,0,0_okno_n2
1019817,0,0,0_okno_n1
1019968,4,0,0_okno_n3-4
1019973,4,0,0_okno_n1
1020134,3,0,0_okno_n1
1020203,2,0,0_okno_n2
1020460,4,0,0_okno_n3-4
1020527,3,0,0_okno_n3-4
1020592,1,0,0_okno_n1
1020913,2,0,0_okno_n3-4
1020917,0,0,0_okno_n1
1020922,4,0,0_okno_n1
1020998,3,0,0_okno_n1
1021059,3,0,0_okno_n5+
1021275,1,0,0_okno_n1
1021281,3,0,0_okno_n1
1021293,3,0,0_okno_n3-4
1021360,3,0,0_okno_n1
1021383,4,0,0_okno_n3-4
1021397,2,0,0_okno_n1
1021484,2,1,1_pozaokno_n5+
1021612,0,0,0_okno_n2
1021679,1,0,0_okno_n2
1021744,1,0,0_okno_n1
1021795,4,0,0_okno_n1
1021888,3,0,0_okno_n1
1021901,4,0,0_okno_n2
1021909,2,0,0_okno_n2
1021915,1,1,1_pozaokno_n5+
1021955,4,0,0_okno_n1
1021986,2,0,0_okno_n5+
1022183,0,0,0_okno_n1
1022212,2,0,0_okno_n1
1022213,0,0,0_okno_n1
1022218,4,0,0_okno_n1
1022220,3,0,0_okno_n2
1022422,2,0,0_okno_n1
1022497,4,0,0_okno_n2
1022551,3,0,0_okno_n2
1022605,0,0,0_okno_n2
1022608,0,0,0_okno_n1
1022609,1,0,0_okno_n2
1022632,3,0,0_okno_n1
1022644,4,0,0_okno_n1
1022656,4,0,0_okno_n2
1022722,4,0,0_okno_n3-4
1022724,3,1,1_pozaokno_n1
1022790,0,0,0_okno_n1
1022794,3,0,0_okno_n1
1022901,1,0,0_okno_n1
1022931,2,0,0_okno_n1
1022996,4,0,0_okno_n2
1023044,4,0,0_okno_n3-4
1023056,2,0,0_okno_n3-4
1023100,1,0,0_okno_n1
1023114,1,1,1_pozaokno_n5+
1023125,0,0,0_okno_n1
1023218,3,0,0_okno_n1
1023252,3,0,0_okno_n2
1023296,2,0,0_okno_n1
1023343,4,0,0_okno_n1
1023405,2,0,0_okno_n1
1023418,2,0,0_okno_n1
1023615,1,0,0_okno_n2
1023621,4,0,0_okno_n2
1023661,1,0,0_okno_n1
1023815,2,0,0_okno_n1
1023890,1,0,0_okno_n1
1023986,3,0,0_okno_n2
1024012,3,0,0_okno_n2
1024176,3,1,1_pozaokno_n1
1024477,3,0,0_okno_n1
1024645,2,0,0_okno_n1
1024654,0,0,0_okno_n1
1024677,4,0,0_okno_n1
1024825,1,0,0_okno_n2
1024834,3,0,0_okno_n1
1024854,0,0,0_okno_n1
1024898,2,0,0_okno_n5+
1024932,2,0,0_okno_n3-4
1025058,0,0,0_okno_n1
1025085,0,0,0_okno_n1
1025094,2,0,0_okno_n5+
1025120,4,0,0_okno_n1
1025139,2,0,0_okno_n1
1025146,2,0,0_okno_n2
1025277,3,0,0_okno_n1
1025380,3,0,0_okno_n1
1025381,4,0,0_okno_n1
1025638,3,0,0_okno_n3-4
1025691,0,1,1_pozaokno_n2
1025704,2,0,0_okno_n1
1025757,1,0,0_okno_n2
1025782,0,0,0_okno_n1
1025815,2,0,0_okno_n1
1025849,1,0,0_okno_n2
1025935,0,0,0_okno_n2
1026016,2,0,0_okno_n3-4
1026061,2,0,0_okno_n2
1026138,4,0,0_okno_n1
1026195,1,0,0_okno_n3-4
1026232,3,0,0_okno_n2
1026303,0,1,1_pozaokno_n3-4
1026355,0,0,0_okno_n1
1026425,2,0,0_okno_n1
1026437,0,0,0_okno_n1
1026469,0,0,0_okno_n1
1026477,0,0,0_okno_n1
1026489,3,0,0_okno_n2
1026682,3,0,0_okno_n1
1026724,2,0,0_okno_n2
1026731,1,0,0_okno_n1
1026843,4,0,0_okno_n3-4
1026919,4,0,0_okno_n1
1026939,2,0,0_okno_n2
1027132,2,0,0_okno_n2
1027154,1,0,0_okno_n1
1027243,4,0,0_okno_n1
1027297,4,0,0_okno_n1
1027309,1,0,0_okno_n1
1027364,3,0,0_okno_n5+
1027545,1,0,0_okno_n3-4
1027659,2,0,0_okno_n1
1027727,1,0,0_okno_n5+
1027741,0,0,0_okno_n1
1027812,3,0,0_okno_n3-4
1027862,3,0,0_okno_n1
1028057,4,0,0_okno_n1
1028059,4,1,1_pozaokno_n3-4
1028063,4,0,0_okno_n3-4
1028071,3,0,0_okno_n3-4
1028072,2,0,0_okno_n1
1028358,3,1,1_pozaokno_n1
1028433,0,0,0_okno_n2
1028496,3,0,0_okno_n1
1028507,4,0,0_okno_n2
1028578,3,0,0_okno_n1
1028705,2,0,0_okno_n1
1028858,3,0,0_okno_n1
1028876,1,0,0_okno_n3-4
1028938,1,0,0_okno_n1
1029057,0,0,0_okno_n2
1029083,4,0,0_okno_n1
1029144,0,0,0_okno_n1
1029194,0,0,0_okno_n2
1029286,4,1,1_pozaokno_n1
1029447,0,0,0_okno_n1
1029534,3,0,0_okno_n1
1029551,0,0,0_okno_n2
1029559,1,0,0_okno_n1
1029564,1,0,0_okno_n1
1029639,4,0,0_okno_n2
1029748,2,0,0_okno_n2
1029765,2,0,0_okno_n1
1029845,2,0,0_okno_n3-4
1029908,3,0,0_okno_n3-4
1029911,3,0,0_okno_n1
1029917,0,0,0_okno_n2
1029922,2,0,0_okno_n1
1030180,3,0,0_okno_n1
1030217,2,0,0_okno_n1
1030263,4,0,0_okno_n3-4
1030365,4,0,0_okno_n2
1030366,1,0,0_okno_n1
1030395,3,1,1_pozaokno_n1
1030415,3,0,0_okno_n1
1030500,3,0,0_okno_n1
1030588,1,0,0_okno_n1
1030644,4,0,0_okno_n2
1030647,3,0,0_okno_n1
1030654,2,0,0_okno_n1
1030669,0,0,0_okno_n2
1030711,3,0,0_okno_n1
1030734,1,0,0_okno_n1
1030790,4,0,0_okno_n1
1030873,2,0,0_okno_n1
1030924,3,0,0_okno_n1
1030956,4,0,0_okno_n2
1031067,0,0,0_okno_n3-4
1031083,4,0,0_okno_n1
1031120,4,0,0_okno_n1
1031168,0,0,0_okno_n1
1031336,3,0,0_okno_n2
1031359,2,0,0_okno_n2
1031373,2,0,0_okno_n1
1031451,1,0,0_okno_n3-4
1031538,2,0,0_okno_n1
1031581,1,0,0_okno_n1
1031598,2,0,0_okno_n1
1031783,3,0,0_okno_n1
1031800,1,0,0_okno_n2
1031839,0,0,0_okno_n2
1031840,2,0,0_okno_n1
1031846,1,0,0_okno_n5+
1031857,2,0,0_okno_n1
1032007,4,1,1_pozaokno_n2
1032020,3,0,0_okno_n5+
1032040,4,0,0_okno_n1
1032048,3,0,0_okno_n2
1032120,3,0,0_okno_n1
1032134,2,0,0_okno_n3-4
1032145,4,0,0_okno_n1
1032210,0,0,0_okno_n2
1032223,0,0,0_okno_n2
1032279,1,0,0_okno_n2
1032290,4,0,0_okno_n1
1032295,0,0,0_okno_n2
1032329,0,0,0_okno_n1
1032336,4,0,0_okno_n1
1032372,3,0,0_okno_n1
1032392,2,0,0_okno_n1
1032532,2,0,0_okno_n1
1032601,3,0,0_okno_n5+
1032638,2,0,0_okno_n1
1032667,4,0,0_okno_n2
1032760,2,0,0_okno_n1
1032882,1,0,0_okno_n2
1032937,0,0,0_okno_n1
1033058,3,0,0_okno_n2
1033139,0,0,0_okno_n5+
1033152,3,1,1_pozaokno_n1
1033307,0,0,0_okno_n2
1033453,4,0,0_okno_n1
1033473,1,0,0_okno_n1
1033512,0,0,0_okno_n2
1033557,1,0,0_okno_n2
1033658,1,0,0_okno_n1
1033680,0,0,0_okno_n1
1033685,2,0,0_okno_n1
1033688,0,0,0_okno_n1
1033765,1,0,0_okno_n1
1033911,3,0,0_okno_n1
1034049,2,0,0_okno_n1
1034061,0,0,0_okno_n2
1034215,2,0,0_okno_n1
1034269,3,1,1_pozaokno_n3-4
1034369,4,1,1_pozaokno_n3-4
1034456,4,0,0_okno_n2
1034506,3,0,0_okno_n1
1034526,4,0,0_okno_n3-4
1034603,4,0,0_okno_n3-4
1034766,2,0,0_okno_n1
1034810,2,1,1_pozaokno_n2
1035036,1,0,0_okno_n1
1035091,1,0,0_okno_n3-4
1035103,4,0,0_okno_n1
1035166,3,0,0_okno_n1
1035205,2,0,0_okno_n1
1035379,3,1,1_pozaokno_n2
1035393,1,0,0_okno_n1
1035465,2,0,0_okno_n3-4
1035469,4,0,0_okno_n2
1035493,1,0,0_okno_n3-4
1035565,4,0,0_okno_n1
1035573,4,0,0_okno_n1
1035584,2,0,0_okno_n1
1035608,2,0,0_okno_n2
1035628,4,0,0_okno_n1
1035716,4,1,1_pozaokno_n2
1035788,4,1,1_pozaokno_n3-4
1035950,0,0,0_okno_n3-4
1036110,0,0,0_okno_n1
1036117,2,0,0_okno_n3-4
1036163,0,1,1_pozaokno_n5+
1036174,1,0,0_okno_n1
1036176,0,0,0_okno_n2
1036181,0,1,1_pozaokno_n5+
1036182,0,0,0_okno_n2
1036206,3,0,0_okno_n1
1036297,2,0,0_okno_n5+
1036330,2,0,0_okno_n1
1036366,3,0,0_okno_n1
1036416,4,0,0_okno_n1
1036454,1,1,1_pozaokno_n3-4
1036456,4,0,0_okno_n1
1036459,4,0,0_okno_n1
1036463,0,0,0_okno_n3-4
1036481,1,0,0_okno_n1
1036488,3,0,0_okno_n1
1036551,4,0,0_okno_n5+
1036661,3,0,0_okno_n1
1036770,1,0,0_okno_n2
1036777,1,0,0_okno_n5+
1036808,3,0,0_okno_n2
1036816,4,0,0_okno_n1
1036890,0,0,0_okno_n2
1037049,3,0,0_okno_n1
1037054,1,0,0_okno_n2
1037123,4,1,1_okno_n5+
1037129,4,1,1_okno_n2
1037155,0,0,0_okno_n1
1037183,4,0,0_okno_n2
1037192,2,0,0_okno_n2
1037224,3,0,0_okno_n2
1037249,1,0,0_okno_n2
1037251,1,0,0_okno_n1
1037254,3,0,0_okno_n1
1037352,2,0,0_okno_n2
1037460,3,0,0_okno_n2
1037472,3,0,0_okno_n1
1037487,0,0,0_okno_n2
1037547,0,0,0_okno_n3-4
1037612,4,0,0_okno_n3-4
1037634,2,0,0_okno_n2
1037635,1,0,0_okno_n3-4
1037646,3,0,0_okno_n5+
1037721,3,0,0_okno_n3-4
1037734,4,1,1_pozaokno_n2
1037737,3,0,0_okno_n2
1037849,1,0,0_okno_n1
1037922,4,0,0_okno_n1
1037946,2,0,0_okno_n1
1037974,0,0,0_okno_n2
1037975,0,0,0_okno_n3-4
1038002,0,0,0_okno_n1
1038031,2,1,1_pozaokno_n3-4
1038039,0,0,0_okno_n5+
1038051,3,0,0_okno_n1
1038136,2,0,0_okno_n1
1038171,2,0,0_okno_n1
1038187,3,0,0_okno_n1
1038335,4,0,0_okno_n1
1038382,3,0,0_okno_n1
1038416,1,1,1_pozaokno_n3-4
1038422,2,0,0_okno_n2
1038441,0,0,0_okno_n2
1038495,4,0,0_okno_n2
1038505,3,0,0_okno_n1
1038506,4,0,0_okno_n3-4
1038536,4,0,0_okno_n2
1038664,2,0,0_okno_n3-4
1038675,0,0,0_okno_n1
1038718,4,0,0_okno_n1
1038722,4,0,0_okno_n3-4
1038741,0,1,1_pozaokno_n2
1038769,0,0,0_okno_n5+
1038819,4,0,0_okno_n5+
1038820,0,0,0_okno_n1
1038873,1,0,0_okno_n1
1038893,3,0,0_okno_n2
1038944,3,0,0_okno_n1
1038959,0,0,0_okno_n1
1039039,1,0,0_okno_n1
1039154,4,0,0_okno_n1
1039222,2,0,0_okno_n1
1039232,0,0,0_okno_n1
1039328,4,0,0_okno_n5+
1039369,0,0,0_okno_n2
1039387,1,0,0_okno_n1
1039432,2,0,0_okno_n1
1039496,0,0,0_okno_n3-4
1039532,0,1,1_pozaokno_n2
1039568,1,0,0_okno_n2
1039571,3,0,0_okno_n1
1039593,2,0,0_okno_n1
1039632,3,0,0_okno_n1
1039687,1,0,0_okno_n3-4
1039703,3,0,0_okno_n2
1039736,3,0,0_okno_n1
1039857,1,0,0_okno_n1
1039869,0,0,0_okno_n3-4
1039974,4,0,0_okno_n3-4
1040115,2,0,0_okno_n1
1040135,4,0,0_okno_n3-4
1040141,3,0,0_okno_n1
1040225,4,0,0_okno_n2
1040432,0,0,0_okno_n1
1040492,1,0,0_okno_n3-4
1040526,3,0,0_okno_n1
1040549,1,0,0_okno_n1
1040568,2,0,0_okno_n1
1040608,0,1,1_pozaokno_n5+
1040665,0,1,1_pozaokno_n3-4
1040681,0,0,0_okno_n3-4
1040699,1,0,0_okno_n5+
1040740,3,0,0_okno_n1
1040772,3,0,0_okno_n3-4
1040845,4,0,0_okno_n3-4
1040855,1,1,1_pozaokno_n2
1040879,2,0,0_okno_n2
1040910,3,0,0_okno_n1
1040919,1,0,0_okno_n3-4
1040968,0,0,0_okno_n1
1041030,3,0,0_okno_n1
1041180,0,0,0_okno_n1
1041252,0,0,0_okno_n2
1041307,3,0,0_okno_n5+
1041319,0,0,0_okno_n2
1041330,3,0,0_okno_n2
1041362,1,0,0_okno_n1
1041399,2,0,0_okno_n3-4
1041439,1,0,0_okno_n5+
1041469,2,0,0_okno_n1
1041493,0,0,0_okno_n1
1041554,4,0,0_okno_n2
1041586,4,0,0_okno_n1
1041645,3,0,0_okno_n2
1041671,4,0,0_okno_n3-4
1041784,4,0,0_okno_n2
1041899,2,0,0_okno_n1
1041954,0,0,0_okno_n1
1041979,3,0,0_okno_n1
1042034,4,0,0_okno_n1
1042078,1,0,0_okno_n1
1042212,3,0,0_okno_n1
1042218,0,0,0_okno_n5+
1042313,2,0,0_okno_n1
1042520,4,0,0_okno_n5+
1042574,1,1,1_pozaokno_n2
1042610,2,0,0_okno_n3-4
1042670,0,0,0_okno_n3-4
1042693,2,0,0_okno_n1
1042708,1,0,0_okno_n1
1042722,1,0,0_okno_n3-4
1042733,2,0,0_okno_n1
1042746,0,0,0_okno_n1
1042760,4,1,1_pozaokno_n3-4
1042788,3,0,0_okno_n1
1042833,4,0,0_okno_n5+
1042939,2,0,0_okno_n2
1043001,1,0,0_okno_n1
1043013,4,1,1_pozaokno_n2
1043103,4,1,1_pozaokno_n5+
1043166,0,0,0_okno_n1
1043275,0,0,0_okno_n1
1043349,0,0,0_okno_n2
1043374,2,0,0_okno_n1
1043380,3,0,0_okno_n2
1043404,1,0,0_okno_n1
1043444,1,0,0_okno_n1
1043450,0,1,1_pozaokno_n3-4
1043606,2,0,0_okno_n1
1043615,2,0,0_okno_n2
1043725,1,0,0_okno_n1
1043738,3,0,0_okno_n1
1043875,2,0,0_okno_n1
1043897,4,0,0_okno_n2
1043959,4,0,0_okno_n1
1043981,3,0,0_okno_n1
1043984,0,0,0_okno_n2
1044024,2,1,1_pozaokno_n2
1044025,0,0,0_okno_n1
1044043,2,0,0_okno_n2
1044098,4,0,0_okno_n2
1044121,0,0,0_okno_n1
1044132,2,0,0_okno_n1
1044266,1,0,0_okno_n3-4
1044278,1,1,1_pozaokno_n2
1044373,2,1,1_pozaokno_n2
1044379,3,0,0_okno_n5+
1044413,1,0,0_okno_n1
1044420,0,0,0_okno_n1
1044436,4,0,0_okno_n1
1044481,4,0,0_okno_n1
1044501,3,0,0_okno_n1
1044562,3,0,0_okno_n1
1044678,0,0,0_okno_n5+
1044719,2,1,1_okno_n1
1044726,4,1,1_pozaokno_n2
1044749,2,0,0_okno_n2
1044758,2,0,0_okno_n3-4
1044769,1,0,0_okno_n1
1044794,2,0,0_okno_n1
1044831,4,0,0_okno_n1
1044849,4,0,0_okno_n1
1044851,2,1,1_pozaokno_n3-4
1044878,2,0,0_okno_n1
1044888,4,1,1_pozaokno_n3-4
1044976,4,0,0_okno_n1
1045023,0,0,0_okno_n1
1045050,3,0,0_okno_n1
1045121,1,0,0_okno_n5+
1045124,4,1,1_pozaokno_n5+
1045155,4,0,0_okno_n1
1045177,4,0,0_okno_n1
1045180,4,0,0_okno_n2
1045249,3,0,0_okno_n1
1045292,1,0,0_okno_n3-4
1045398,1,1,1_pozaokno_n5+
1045506,2,1,1_pozaokno_n2
1045529,0,0,0_okno_n1
1046136,0,0,0_okno_n1
1046333,0,0,0_okno_n1
1046660,3,0,0_okno_n3-4
1046682,4,0,0_okno_n1
1046750,3,0,0_okno_n1
1046760,0,0,0_okno_n2
1046780,4,0,0_okno_n2
1046791,0,1,1_pozaokno_n2
1046895,4,0,0_okno_n2
1046906,1,1,1_pozaokno_n5+
1046977,4,0,0_okno_n5+
1046999,4,0,0_okno_n5+
1047006,4,0,0_okno_n2
1095741,2,0,0_okno_n1
1095853,3,0,0_okno_n1
1095903,2,1,1_pozaokno_n3-4
1095939,3,0,0_okno_n1
1095981,0,0,0_okno_n1
1096140,2,0,0_okno_n3-4
1096152,4,0,0_okno_n1
1096173,0,0,0_okno_n3-4
1096228,4,0,0_okno_n2
1096335,3,0,0_okno_n1
1096344,3,0,0_okno_n1
1096361,4,0,0_okno_n1
1096417,4,0,0_okno_n1
1096467,2,0,0_okno_n1
1096470,3,0,0_okno_n1
1096566,1,0,0_okno_n2
1096602,1,0,0_okno_n3-4
1096763,0,0,0_okno_n3-4
1096786,1,0,0_okno_n3-4
1096818,4,0,0_okno_n1
1096927,4,0,0_okno_n3-4
1097198,2,1,1_pozaokno_n5+
1097264,2,0,0_okno_n1
1097407,3,0,0_okno_n1
1097408,1,0,0_okno_n2
1097482,3,0,0_okno_n2
1097509,1,0,0_okno_n1
1097611,0,1,1_pozaokno_n1
1097618,2,0,0_okno_n5+
1097711,4,0,0_okno_n2
1097743,1,0,0_okno_n5+
1097862,4,0,0_okno_n3-4
1097877,1,0,0_okno_n1
1097909,1,0,0_okno_n3-4
1097949,1,0,0_okno_n1
1097986,4,0,0_okno_n2
1097998,3,0,0_okno_n2
1098025,3,0,0_okno_n1
1098088,2,0,0_okno_n2
1098145,1,0,0_okno_n1
1098165,4,0,0_okno_n1
1098174,4,0,0_okno_n2
1098184,1,0,0_okno_n3-4
1098205,0,0,0_okno_n1
1098258,4,0,0_okno_n5+
1098363,4,0,0_okno_n2
1098369,1,0,0_okno_n1
1098371,1,0,0_okno_n2
1098448,2,0,0_okno_n5+
1098541,1,0,0_okno_n1
1098599,4,0,0_okno_n1
1098781,4,0,0_okno_n1
1098793,0,0,0_okno_n5+
1098876,1,0,0_okno_n2
1098898,1,0,0_okno_n1
1098899,2,0,0_okno_n1
1098902,3,0,0_okno_n2
1099141,4,0,0_okno_n1
1099168,4,0,0_okno_n2
1099339,2,0,0_okno_n2
1099340,1,0,0_okno_n1
1099365,4,0,0_okno_n2
1099399,0,0,0_okno_n2
1099431,1,0,0_okno_n1
1099459,4,0,0_okno_n1
1099599,0,0,0_okno_n3-4
1099600,1,0,0_okno_n3-4
1099613,4,0,0_okno_n2
1099725,0,0,0_okno_n3-4
1099949,2,0,0_okno_n1
1100039,3,0,0_okno_n3-4
1100167,3,0,0_okno_n1
1100194,4,0,0_okno_n1
1100200,1,0,0_okno_n1
1100226,0,0,0_okno_n1
1100272,4,0,0_okno_n5+
1100280,3,0,0_okno_n5+
1100288,0,0,0_okno_n2
1100362,0,0,0_okno_n5+
1100369,1,0,0_okno_n1
1100381,4,0,0_okno_n5+
1100402,2,0,0_okno_n1
1100421,1,0,0_okno_n2
1100445,1,0,0_okno_n5+
1100498,2,0,0_okno_n2
1100516,4,0,0_okno_n1
1100573,0,0,0_okno_n1
1100645,2,0,0_okno_n1
1100818,3,0,0_okno_n5+
1100950,2,0,0_okno_n1
1100969,0,0,0_okno_n2
1101002,4,0,0_okno_n2
1101008,3,0,0_okno_n5+
1101010,3,0,0_okno_n2
1101160,0,0,0_okno_n1
1101276,1,0,0_okno_n1
1101334,1,0,0_okno_n1
1101353,1,0,0_okno_n3-4
1101395,3,0,0_okno_n1
1101448,0,0,0_okno_n1
1101536,2,0,0_okno_n1
1101539,1,0,0_okno_n5+
1101543,0,0,0_okno_n1
1101546,1,0,0_okno_n5+
1101559,1,0,0_okno_n5+
1101567,4,1,1_pozaokno_n2
1101574,2,0,0_okno_n1
1101605,4,0,0_okno_n1
1101715,1,0,0_okno_n2
1101782,0,0,0_okno_n2
1101830,4,0,0_okno_n5+
1101853,1,0,0_okno_n2
1101888,1,0,0_okno_n1
1101931,4,0,0_okno_n1
1101958,4,0,0_okno_n1
1101959,0,0,0_okno_n5+
1101975,1,0,0_okno_n1
1102044,2,0,0_okno_n1
1102046,2,0,0_okno_n1
1102062,4,0,0_okno_n1
1102087,3,1,1_pozaokno_n1
1102091,4,0,0_okno_n1
1102097,2,0,0_okno_n3-4
1102195,2,0,0_okno_n5+
1102196,2,0,0_okno_n2
1102221,0,0,0_okno_n1
1102224,1,0,0_okno_n2
1102260,3,0,0_okno_n5+
1102262,2,0,0_okno_n3-4
1102268,4,0,0_okno_n3-4
1102290,1,0,0_okno_n1
1102293,3,0,0_okno_n1
1102323,2,1,1_pozaokno_n1
1102354,3,0,0_okno_n1
1102368,1,0,0_okno_n2
1102386,2,0,0_okno_n1
1102436,3,0,0_okno_n2
1102456,2,1,1_pozaokno_n2
1102466,3,0,0_okno_n1
1102516,2,0,0_okno_n1
1102525,4,0,0_okno_n2
1102566,1,1,1_pozaokno_n2
1102760,4,0,0_okno_n2
1102795,4,0,0_okno_n3-4
1102850,2,0,0_okno_n1
1102871,3,0,0_okno_n1
1102931,4,0,0_okno_n2
1102986,2,0,0_okno_n1
1103021,4,0,0_okno_n1
1103062,2,0,0_okno_n1
1103105,3,0,0_okno_n2
1103245,2,0,0_okno_n1
1103287,1,0,0_okno_n1
1103311,4,0,0_okno_n2
1103386,0,0,0_okno_n1
1103493,2,0,0_okno_n1
1103524,2,0,0_okno_n1
1103528,2,0,0_okno_n3-4
1103536,1,0,0_okno_n1
1103550,4,0,0_okno_n1
1103583,0,1,1_pozaokno_n3-4
1103606,1,0,0_okno_n3-4
1103611,4,0,0_okno_n1
1103739,1,0,0_okno_n3-4
1103754,2,0,0_okno_n5+
1103809,1,0,0_okno_n1
1103814,1,1,1_pozaokno_n5+
1103818,1,0,0_okno_n1
1103838,2,0,0_okno_n1
1103894,1,0,0_okno_n1
1103895,2,0,0_okno_n3-4
1103921,2,0,0_okno_n2
1103954,0,0,0_okno_n2
1103989,4,0,0_okno_n3-4
1104014,2,0,0_okno_n2
1104042,3,0,0_okno_n1
1104185,1,0,0_okno_n1
1104243,2,0,0_okno_n1
1104291,2,0,0_okno_n3-4
1104340,1,0,0_okno_n1
1104437,0,0,0_okno_n2
1104535,2,0,0_okno_n1
1104586,2,0,0_okno_n2
1104664,4,1,1_pozaokno_n5+
1104799,2,0,0_okno_n5+
1104859,1,0,0_okno_n1
1104863,4,0,0_okno_n5+
1104881,1,0,0_okno_n1
1104919,0,0,0_okno_n2
1104944,2,0,0_okno_n1
1104968,2,0,0_okno_n1
1104986,4,0,0_okno_n1
1105013,1,0,0_okno_n3-4
1105017,0,0,0_okno_n2
1105279,1,0,0_okno_n2
1105318,1,0,0_okno_n1
1105430,3,0,0_okno_n1
1105464,0,0,0_okno_n1
1105487,3,0,0_okno_n1
1105535,4,0,0_okno_n2
1105568,3,0,0_okno_n1
1105570,4,0,0_okno_n2
1105680,0,0,0_okno_n1
1105767,4,0,0_okno_n1
1105832,1,0,0_okno_n3-4
1105873,0,0,0_okno_n3-4
1105897,2,0,0_okno_n1
1105973,2,0,0_okno_n1
1105998,3,0,0_okno_n3-4
1106041,3,0,0_okno_n2
1106042,2,0,0_okno_n5+
1106106,1,0,0_okno_n1
1106129,3,0,0_okno_n2
1106235,2,0,0_okno_n1
1106376,2,0,0_okno_n1
1106394,2,0,0_okno_n1
1106396,1,0,0_okno_n5+
1106516,1,0,0_okno_n2
1106579,4,0,0_okno_n2
1106627,3,0,0_okno_n1
1106758,0,0,0_okno_n5+
1106828,0,0,0_okno_n5+
1106846,4,1,1_pozaokno_n2
1106909,0,0,0_okno_n3-4
1106959,1,0,0_okno_n1
1107027,2,1,1_okno_n1
1107061,4,0,0_okno_n2
1107082,4,0,0_okno_n1
1107119,4,0,0_okno_n5+
1107130,1,0,0_okno_n2
1107131,2,0,0_okno_n1
1107152,0,0,0_okno_n3-4
1107186,1,0,0_okno_n3-4
1107273,2,0,0_okno_n1
1107367,1,0,0_okno_n3-4
1107449,2,0,0_okno_n2
1107493,0,0,0_okno_n1
1107504,1,0,0_okno_n2
1107554,0,0,0_okno_n1
1107559,3,0,0_okno_n1
1107560,1,0,0_okno_n3-4
1107583,2,0,0_okno_n2
1107604,4,0,0_okno_n3-4
1107619,1,0,0_okno_n1
1107907,0,0,0_okno_n1
1107934,1,0,0_okno_n1
1107955,3,0,0_okno_n3-4
1108045,0,1,1_pozaokno_n5+
1108136,4,0,0_okno_n5+
1108151,2,0,0_okno_n2
1108165,0,0,0_okno_n1
1108248,2,0,0_okno_n1
1108268,0,0,0_okno_n3-4
1108398,1,0,0_okno_n1
1108502,4,0,0_okno_n1
1108575,2,0,0_okno_n2
1108584,2,0,0_okno_n1
1108610,0,0,0_okno_n1
1108634,0,0,0_okno_n1
1108715,4,0,0_okno_n1
1108747,0,0,0_okno_n1
1108805,2,0,0_okno_n5+
1108828,1,0,0_okno_n1
1108909,2,0,0_okno_n1
1108932,2,0,0_okno_n1
1108942,2,0,0_okno_n1
1108972,1,0,0_okno_n1
1108986,2,1,1_pozaokno_n3-4
1109018,4,0,0_okno_n5+
1109067,2,0,0_okno_n2
1109108,1,0,0_okno_n1
1109245,3,0,0_okno_n2
1109308,4,0,0_okno_n2
1109311,2,1,1_pozaokno_n3-4
1109349,1,0,0_okno_n5+
1109352,3,0,0_okno_n1
1109383,1,0,0_okno_n3-4
1109392,1,0,0_okno_n1
1109395,4,0,0_okno_n2
1109427,2,0,0_okno_n3-4
1109435,4,0,0_okno_n5+
1109501,0,0,0_okno_n2
1109579,4,1,1_pozaokno_n2
1109598,4,0,0_okno_n2
1109608,4,0,0_okno_n1
1109644,0,0,0_okno_n2
1109663,3,1,1_pozaokno_n1
1109715,2,0,0_okno_n1
1109803,4,0,0_okno_n1
1109837,4,0,0_okno_n1
1109844,0,0,0_okno_n1
1109987,2,0,0_okno_n1
1110075,0,0,0_okno_n1
1110109,0,0,0_okno_n1
1110145,0,0,0_okno_n1
1110166,0,0,0_okno_n1
1110319,3,0,0_okno_n1
1110378,2,0,0_okno_n3-4
1110381,0,0,0_okno_n3-4
1110387,1,0,0_okno_n1
1110500,1,1,1_pozaokno_n5+
1110529,1,0,0_okno_n1
1110590,1,0,0_okno_n1
1110624,2,0,0_okno_n1
1110738,3,0,0_okno_n1
1110750,4,1,1_pozaokno_n3-4
1110763,2,0,0_okno_n1
1110777,2,0,0_okno_n3-4
1110789,4,0,0_okno_n1
1110803,4,0,0_okno_n1
1110819,2,0,0_okno_n2
1110983,2,0,0_okno_n1
1111057,4,0,0_okno_n1
1111083,1,0,0_okno_n1
1111111,3,0,0_okno_n1
1111167,3,0,0_okno_n1
1111209,1,0,0_okno_n2
1111220,0,0,0_okno_n2
1111241,4,0,0_okno_n3-4
1111341,4,0,0_okno_n2
1111404,3,0,0_okno_n5+
1111547,3,0,0_okno_n1
1111582,2,0,0_okno_n3-4
1111713,4,0,0_okno_n2
1111725,0,0,0_okno_n1
1111751,2,0,0_okno_n1
1111764,1,0,0_okno_n3-4
1111772,1,0,0_okno_n1
1111852,1,0,0_okno_n1
1111866,0,0,0_okno_n2
1111876,0,0,0_okno_n2
1111988,0,0,0_okno_n1
1112005,4,1,1_pozaokno_n2
1112009,3,0,0_okno_n1
1112012,4,0,0_okno_n1
1112103,0,0,0_okno_n1
1112126,4,0,0_okno_n1
1112128,4,0,0_okno_n1
1112184,2,0,0_okno_n1
1112221,1,0,0_okno_n5+
1112293,1,0,0_okno_n3-4
1112350,3,0,0_okno_n1
1112390,2,0,0_okno_n2
1112422,2,0,0_okno_n2
1112425,1,0,0_okno_n3-4
1112455,1,0,0_okno_n3-4
1112496,0,0,0_okno_n1
1112515,0,0,0_okno_n3-4
1112539,1,0,0_okno_n1
1112546,3,0,0_okno_n1
1112670,0,0,0_okno_n1
1112687,0,0,0_okno_n1
1112747,3,0,0_okno_n1
1112845,3,0,0_okno_n1
1112849,1,0,0_okno_n5+
1112900,1,0,0_okno_n1
1114547,2,0,0_okno_n3-4
1114568,1,0,0_okno_n3-4
1114761,3,0,0_okno_n1
1115292,1,0,0_okno_n3-4
1115538,1,0,0_okno_n5+
1115609,3,0,0_okno_n1
1172157,3,1,1_pozaokno_n3-4
1172161,3,0,0_okno_n1
1172221,1,1,1_pozaokno_n1
1172224,2,0,0_okno_n3-4
1172276,0,0,0_okno_n3-4
1172337,0,0,0_okno_n3-4
1172559,2,1,1_pozaokno_n1
1172579,3,0,0_okno_n5+
1172604,3,0,0_okno_n3-4
1172615,2,0,0_okno_n5+
1172697,1,0,0_okno_n1
1172798,1,0,0_okno_n1
1172811,3,0,0_okno_n3-4
1172905,0,1,1_pozaokno_n2
1172915,4,0,0_okno_n1
1172937,3,0,0_okno_n1
1172969,0,0,0_okno_n1
1173037,3,0,0_okno_n1
1173042,4,1,1_pozaokno_n1
1173141,0,0,0_okno_n2
1173193,3,0,0_okno_n2
1173214,4,0,0_okno_n2
1173336,2,0,0_okno_n1
1173357,3,1,1_pozaokno_n1
1173384,4,0,0_okno_n1
1173389,0,0,0_okno_n1
1173397,2,1,1_pozaokno_n3-4
1173449,3,0,0_okno_n1
1173492,4,0,0_okno_n1
1173501,2,0,0_okno_n1
1173589,0,0,0_okno_n1
1173644,4,0,0_okno_n1
1173660,0,0,0_okno_n1
1173760,3,0,0_okno_n2
1173795,4,0,0_okno_n2
1174175,0,0,0_okno_n1
1174182,1,0,0_okno_n2
1174187,1,0,0_okno_n1
1174196,2,0,0_okno_n1
1174340,3,0,0_okno_n1
1174432,4,0,0_okno_n1
1174465,3,0,0_okno_n2
1174512,1,0,0_okno_n3-4
1174563,2,0,0_okno_n1
1174579,2,0,0_okno_n1
1174598,4,0,0_okno_n1
1174680,1,0,0_okno_n1
1174698,1,0,0_okno_n2
1174711,2,0,0_okno_n1
1174815,0,0,0_okno_n1
1174885,1,0,0_okno_n1
1174926,2,0,0_okno_n1
1174949,1,0,0_okno_n3-4
1174953,4,0,0_okno_n5+
1174961,4,0,0_okno_n1
1174993,0,0,0_okno_n1
1175031,1,0,0_okno_n1
1175058,0,0,0_okno_n1
1175059,2,0,0_okno_n1
1175077,0,0,0_okno_n1
1175098,0,0,0_okno_n3-4
1175099,2,0,0_okno_n1
1175103,2,0,0_okno_n1
1175104,4,0,0_okno_n1
1175126,0,0,0_okno_n1
1175134,3,0,0_okno_n1
1175141,1,0,0_okno_n1
1175191,4,0,0_okno_n1
1175228,3,0,0_okno_n5+
1175282,2,0,0_okno_n2
1175289,4,0,0_okno_n1
1175296,4,0,0_okno_n1
1175365,4,0,0_okno_n1
1175367,4,0,0_okno_n2
1175368,3,0,0_okno_n1
1175373,3,0,0_okno_n2
1175379,0,0,0_okno_n5+
1175398,1,0,0_okno_n5+
1175423,4,0,0_okno_n3-4
1175439,2,0,0_okno_n1
1175447,4,0,0_okno_n2
1175462,3,0,0_okno_n1
1175547,2,0,0_okno_n3-4
1175608,2,0,0_okno_n2
1175742,2,0,0_okno_n3-4
1175754,4,0,0_okno_n2
1175797,0,0,0_okno_n5+
1175885,3,0,0_okno_n1
1175896,0,0,0_okno_n5+
1176069,1,0,0_okno_n2
1176121,3,0,0_okno_n1
1176256,2,0,0_okno_n2
1176318,2,0,0_okno_n1
1176375,4,1,1_pozaokno_n3-4
1176435,0,0,0_okno_n2
1176535,1,0,0_okno_n1
1176566,0,0,0_okno_n1
1176640,2,0,0_okno_n2
1176724,2,0,0_okno_n3-4
1176736,3,0,0_okno_n1
1176841,1,0,0_okno_n2
1176843,3,0,0_okno_n1
1176844,1,0,0_okno_n2
1176856,4,0,0_okno_n1
1176857,4,0,0_okno_n1
1176876,0,0,0_okno_n1
1176905,0,0,0_okno_n3-4
1176975,0,0,0_okno_n1
1176996,2,0,0_okno_n5+
1177004,2,0,0_okno_n2
1177087,1,0,0_okno_n5+
1177145,1,0,0_okno_n5+
1177152,2,0,0_okno_n1
1177164,2,0,0_okno_n1
1177167,1,0,0_okno_n1
1177183,2,0,0_okno_n1
1177206,2,0,0_okno_n1
1177214,0,0,0_okno_n1
1177266,2,0,0_okno_n1
1177308,1,0,0_okno_n2
1177316,0,0,0_okno_n2
1177327,4,0,0_okno_n1
1177396,4,0,0_okno_n1
1177401,0,0,0_okno_n3-4
1177407,3,0,0_okno_n1
1177445,2,0,0_okno_n3-4
1177455,3,0,0_okno_n3-4
1177561,4,0,0_okno_n3-4
1177570,3,0,0_okno_n1
1177592,2,0,0_okno_n3-4
1177605,4,0,0_okno_n3-4
1177611,2,0,0_okno_n3-4
1177617,1,0,0_okno_n2
1177621,0,0,0_okno_n1
1177626,3,0,0_okno_n5+
1177658,4,0,0_okno_n3-4
1177695,0,0,0_okno_n5+
1177715,1,0,0_okno_n1
1177723,4,0,0_okno_n2
1177729,3,0,0_okno_n2
1177737,2,0,0_okno_n1
1177755,1,0,0_okno_n1
1177771,1,0,0_okno_n1
1177870,1,0,0_okno_n1
1177965,4,0,0_okno_n1
1177981,2,0,0_okno_n1
1178046,1,0,0_okno_n2
1178068,4,0,0_okno_n1
1178081,3,0,0_okno_n3-4
1178119,0,0,0_okno_n1
1178135,1,0,0_okno_n1
1178151,3,0,0_okno_n1
1178215,4,0,0_okno_n3-4
1178285,2,0,0_okno_n2
1178287,2,0,0_okno_n1
1178293,1,0,0_okno_n1
1178352,3,0,0_okno_n1
1178366,0,0,0_okno_n1
1178395,3,0,0_okno_n3-4
1178405,4,0,0_okno_n1
1178411,1,0,0_okno_n5+
1178500,0,0,0_okno_n1
1178538,4,0,0_okno_n2
1178594,0,0,0_okno_n1
1178634,4,0,0_okno_n1
1178656,4,0,0_okno_n1
1178665,1,0,0_okno_n1
1178693,3,0,0_okno_n1
1178728,1,0,0_okno_n5+
1178832,4,0,0_okno_n3-4
1178845,3,0,0_okno_n5+
1178906,2,0,0_okno_n1
1178951,1,1,1_pozaokno_n1
1179103,0,0,0_okno_n2
1179224,1,0,0_okno_n1
1179232,3,0,0_okno_n1
1179270,0,0,0_okno_n2
1179312,1,0,0_okno_n2
1179322,3,0,0_okno_n1
1179330,0,0,0_okno_n1
1179389,0,0,0_okno_n2
1179498,3,0,0_okno_n2
1179595,0,0,0_okno_n2
1179631,3,0,0_okno_n1
1179714,2,0,0_okno_n2
1179769,2,0,0_okno_n2
1179862,2,0,0_okno_n1
1179974,4,0,0_okno_n1
1180008,1,0,0_okno_n5+
1180046,4,0,0_okno_n1
1180068,2,0,0_okno_n5+
1180233,0,0,0_okno_n1
1180336,4,0,0_okno_n5+
1180349,1,0,0_okno_n2
1180425,3,0,0_okno_n1
1180509,3,0,0_okno_n1
1180676,1,0,0_okno_n2
1180699,3,0,0_okno_n2
1180805,1,0,0_okno_n1
1180817,0,0,0_okno_n2
1180823,0,0,0_okno_n2
1180918,2,0,0_okno_n1
1180923,3,1,1_pozaokno_n2
1181106,4,0,0_okno_n2
1181346,2,0,0_okno_n1
1181393,2,0,0_okno_n2
1181402,2,0,0_okno_n2
1181430,1,0,0_okno_n2
1181437,3,0,0_okno_n1
1181480,4,0,0_okno_n1
1181652,3,0,0_okno_n2
1181685,2,1,1_pozaokno_n1
1181707,3,0,0_okno_n1
1181709,1,0,0_okno_n2
1181747,0,0,0_okno_n1
1181772,4,0,0_okno_n3-4
1181898,1,0,0_okno_n1
1182031,0,0,0_okno_n3-4
1182032,0,0,0_okno_n3-4
1182230,3,0,0_okno_n1
1182334,2,0,0_okno_n3-4
1182338,3,0,0_okno_n1
1182383,4,1,1_pozaokno_n1
1182422,2,0,0_okno_n1
1182489,4,1,1_pozaokno_n3-4
1182557,1,0,0_okno_n5+
1182691,1,0,0_okno_n1
1182787,1,0,0_okno_n3-4
1182832,2,0,0_okno_n3-4
1182853,2,0,0_okno_n1
1182872,0,0,0_okno_n3-4
1182984,3,0,0_okno_n2
1182994,1,0,0_okno_n2
1183004,3,0,0_okno_n3-4
1183018,2,0,0_okno_n2
1183067,0,0,0_okno_n5+
1183090,4,0,0_okno_n2
1183132,3,0,0_okno_n1
1183222,2,0,0_okno_n1
1183227,1,0,0_okno_n1
1183272,4,0,0_okno_n3-4
1183308,2,0,0_okno_n1
1183404,2,0,0_okno_n5+
1183515,3,0,0_okno_n1
1183572,1,0,0_okno_n2
1183577,0,0,0_okno_n1
1183777,2,1,1_pozaokno_n2
1183834,3,0,0_okno_n1
1183927,0,0,0_okno_n1
1184054,1,0,0_okno_n1
1184244,1,0,0_okno_n2
1184291,2,0,0_okno_n1
1184292,3,0,0_okno_n3-4
1184321,4,0,0_okno_n1
1184428,0,0,0_okno_n1
1184433,0,1,1_pozaokno_n2
1184478,4,0,0_okno_n1
1184493,3,0,0_okno_n1
1184517,1,0,0_okno_n2
1184544,1,0,0_okno_n1
1184628,2,0,0_okno_n1
1184641,4,0,0_okno_n2
1184651,3,0,0_okno_n1
1184795,0,0,0_okno_n1
1184844,3,0,0_okno_n1
1184891,0,0,0_okno_n1
1184949,4,0,0_okno_n1
1184968,3,0,0_okno_n1
1184976,0,0,0_okno_n3-4
1184979,0,0,0_okno_n1
1184988,2,0,0_okno_n2
1185006,2,0,0_okno_n2
1185038,3,0,0_okno_n2
1185069,3,0,0_okno_n5+
1185070,4,0,0_okno_n1
1185291,3,0,0_okno_n2
1185299,3,0,0_okno_n2
1185336,2,0,0_okno_n3-4
1185358,1,0,0_okno_n1
1185489,4,0,0_okno_n1
1185596,1,1,1_pozaokno_n5+
1185618,0,1,1_pozaokno_n3-4
1185721,2,0,0_okno_n3-4
1185744,4,0,0_okno_n3-4
1185782,4,0,0_okno_n1
1185788,2,1,1_pozaokno_n2
1185873,0,0,0_okno_n5+
1185888,2,0,0_okno_n1
1185927,1,0,0_okno_n1
1185994,1,0,0_okno_n1
1186044,3,0,0_okno_n1
1186062,4,0,0_okno_n3-4
1186228,4,0,0_okno_n3-4
1186250,0,0,0_okno_n1
1186316,4,0,0_okno_n1
1186371,4,0,0_okno_n1
1186439,4,0,0_okno_n2
1186500,2,0,0_okno_n5+
1186528,3,0,0_okno_n2
1186554,3,0,0_okno_n1
1186567,0,1,1_pozaokno_n1
1186898,2,0,0_okno_n1
1189172,2,0,0_okno_n2
1189176,0,0,0_okno_n2
1189271,4,0,0_okno_n2
1189274,2,0,0_okno_n1
1189317,3,1,1_pozaokno_n1
1189327,0,0,0_okno_n1
1189344,4,0,0_okno_n3-4
1189592,2,0,0_okno_n1
1189712,2,0,0_okno_n2
1189742,1,0,0_okno_n2
1189782,4,0,0_okno_n1
1189876,0,0,0_okno_n1
1189901,1,0,0_okno_n1
1189917,0,0,0_okno_n1
1189961,2,0,0_okno_n1
1189991,3,0,0_okno_n1
1190096,1,0,0_okno_n1
1190108,0,1,1_pozaokno_n3-4
1190185,3,0,0_okno_n2
1190211,0,0,0_okno_n1
1190218,1,0,0_okno_n1
1190231,0,0,0_okno_n2
1190273,3,0,0_okno_n5+
1190290,4,0,0_okno_n3-4
1190384,3,0,0_okno_n1
1190413,3,0,0_okno_n1
1190443,1,0,0_okno_n2
1190450,4,0,0_okno_n3-4
1190457,4,0,0_okno_n1
1190497,4,0,0_okno_n2
1190500,2,0,0_okno_n1
1190504,4,0,0_okno_n1
1190787,3,0,0_okno_n1
1190807,0,0,0_okno_n5+
1190827,0,0,0_okno_n1
1190887,0,0,0_okno_n2
1190930,0,1,1_pozaokno_n1
1190945,1,0,0_okno_n1
1190963,1,0,0_okno_n1
1191075,4,0,0_okno_n1
1191206,4,1,1_pozaokno_n2
1191221,4,0,0_okno_n3-4
1191432,4,0,0_okno_n1
1191443,1,1,1_pozaokno_n3-4
1191519,3,0,0_okno_n2
1191540,4,0,0_okno_n2
1191662,3,1,1_pozaokno_n5+
1191672,2,0,0_okno_n2
1191681,4,0,0_okno_n2
1191712,1,0,0_okno_n2
1191789,1,0,0_okno_n1
1191852,3,1,1_pozaokno_n5+
1191992,4,0,0_okno_n1
1192012,1,0,0_okno_n1
1192022,3,0,0_okno_n1
1192107,3,0,0_okno_n1
1192157,4,1,1_pozaokno_n2
1192414,4,0,0_okno_n1
1192446,0,0,0_okno_n3-4
1192526,0,0,0_okno_n1
1192571,4,0,0_okno_n2
1192660,4,0,0_okno_n3-4
1192721,0,0,0_okno_n3-4
1192777,0,0,0_okno_n1
1192909,0,0,0_okno_n1
1192951,4,1,1_pozaokno_n5+
1192991,2,0,0_okno_n2
1193076,0,0,0_okno_n1
1193125,4,0,0_okno_n2
1193180,1,0,0_okno_n1
1193204,3,0,0_okno_n1
1193276,2,0,0_okno_n2
1193351,2,0,0_okno_n5+
1193391,3,0,0_okno_n5+
1193485,2,0,0_okno_n2
1193498,4,0,0_okno_n2
1193627,1,0,0_okno_n1
1193694,4,0,0_okno_n1
1193700,1,0,0_okno_n2
1193707,3,0,0_okno_n1
1193766,2,0,0_okno_n1
1193768,4,0,0_okno_n2
1193815,4,0,0_okno_n2
1193902,1,0,0_okno_n2
1193947,2,0,0_okno_n1
1193957,0,0,0_okno_n3-4
1193962,3,0,0_okno_n1
1194024,2,0,0_okno_n2
1194043,4,0,0_okno_n2
1194102,3,0,0_okno_n3-4
1194155,1,0,0_okno_n2
1194157,3,0,0_okno_n1
1194162,4,0,0_okno_n1
1194181,4,0,0_okno_n2
1194282,2,0,0_okno_n2
1194330,3,0,0_okno_n1
1194389,0,0,0_okno_n2
1194411,0,0,0_okno_n2
1194464,0,0,0_okno_n1
1194498,2,0,0_okno_n3-4
1194632,0,0,0_okno_n3-4
1194676,4,0,0_okno_n5+
1194681,4,0,0_okno_n1
1194701,3,0,0_okno_n1
1194742,4,0,0_okno_n1
1194761,2,0,0_okno_n2
1194775,4,0,0_okno_n2
1194778,0,0,0_okno_n1
1194784,1,0,0_okno_n1
1194811,2,0,0_okno_n2
1194843,4,0,0_okno_n3-4
1194845,1,1,1_pozaokno_n2
1194880,3,0,0_okno_n1
1194899,4,0,0_okno_n2
1194909,4,0,0_okno_n1
1194939,4,0,0_okno_n1
1194953,0,0,0_okno_n3-4
1194969,2,0,0_okno_n1
1195223,1,0,0_okno_n3-4
1195280,4,0,0_okno_n3-4
1195306,2,0,0_okno_n5+
1195367,4,0,0_okno_n2
1195416,1,0,0_okno_n1
1195485,2,0,0_okno_n1
1195581,0,0,0_okno_n1
1195590,1,0,0_okno_n2
1195625,0,0,0_okno_n2
1195664,0,0,0_okno_n1
1195666,0,0,0_okno_n5+
1195694,4,0,0_okno_n1
1195749,0,0,0_okno_n1
1195754,2,0,0_okno_n1
1195761,3,0,0_okno_n1
1195786,3,0,0_okno_n1
1195850,0,0,0_okno_n3-4
1195915,1,0,0_okno_n2
1195931,0,1,1_pozaokno_n2
1195933,1,0,0_okno_n1
1195960,0,0,0_okno_n1
1195968,1,0,0_okno_n1
1196072,2,0,0_okno_n2
1196137,4,0,0_okno_n3-4
1196224,3,0,0_okno_n1
1196256,2,0,0_okno_n1
1196266,4,0,0_okno_n1
1196296,3,0,0_okno_n1
1196298,0,0,0_okno_n1
1196350,4,0,0_okno_n2
1196354,2,0,0_okno_n2
1196366,3,0,0_okno_n1
1196391,3,0,0_okno_n1
1196407,0,0,0_okno_n3-4
1196409,1,0,0_okno_n1
1196437,3,0,0_okno_n1
1196454,1,0,0_okno_n1
1196569,2,1,1_pozaokno_n2
1196571,2,0,0_okno_n2
1196606,2,0,0_okno_n1
1196621,1,0,0_okno_n1
1196652,1,0,0_okno_n2
1196704,0,0,0_okno_n2
1196745,2,0,0_okno_n1
1196746,2,0,0_okno_n1
1197024,1,0,0_okno_n1
1197042,2,1,1_pozaokno_n1
1197082,3,0,0_okno_n1
1197118,4,0,0_okno_n2
1197135,3,1,1_pozaokno_n1
1197157,3,0,0_okno_n1
1197170,0,0,0_okno_n5+
1197203,4,0,0_okno_n2
1197218,4,0,0_okno_n1
1197231,4,0,0_okno_n1
1197287,4,1,1_pozaokno_n2
1197289,4,0,0_okno_n1
1197292,3,0,0_okno_n1
1197313,3,0,0_okno_n2
1197328,1,1,1_pozaokno_n3-4
1197383,3,0,0_okno_n1
1197413,0,0,0_okno_n2
1197416,2,0,0_okno_n1
1197519,4,0,0_okno_n1
1197641,0,0,0_okno_n2
1197786,3,0,0_okno_n3-4
1197808,1,0,0_okno_n1
1197841,0,0,0_okno_n1
1197889,1,0,0_okno_n1
1197944,4,0,0_okno_n1
1197960,1,0,0_okno_n1
1197990,1,0,0_okno_n2
1197995,1,0,0_okno_n2
1198003,2,0,0_okno_n3-4
1198029,2,0,0_okno_n1
1198140,1,0,0_okno_n1
1198181,1,0,0_okno_n3-4
1198232,4,0,0_okno_n1
1198244,1,0,0_okno_n1
1198279,4,0,0_okno_n1
1198282,0,0,0_okno_n2
1198299,2,0,0_okno_n1
1198304,0,0,0_okno_n3-4
1198305,4,0,0_okno_n2
1198322,0,0,0_okno_n2
1198330,0,0,0_okno_n3-4
1198362,2,0,0_okno_n2
1198468,2,0,0_okno_n1
1198501,4,0,0_okno_n3-4
1198549,4,0,0_okno_n1
1198553,4,0,0_okno_n1
1198731,2,0,0_okno_n1
1198734,2,1,1_pozaokno_n2
1198761,2,0,0_okno_n1
1198836,0,0,0_okno_n2
1198934,3,0,0_okno_n1
1198940,2,0,0_okno_n5+
1198944,3,0,0_okno_n1
1198960,2,0,0_okno_n1
1198983,4,0,0_okno_n1
1199042,4,0,0_okno_n1
1199086,0,0,0_okno_n1
1199166,0,0,0_okno_n1
1199212,3,0,0_okno_n1
1199315,0,0,0_okno_n1
1199352,1,0,0_okno_n1
1199370,4,0,0_okno_n1
1199436,0,0,0_okno_n1
1199479,2,0,0_okno_n3-4
1199498,3,0,0_okno_n1
1199535,0,0,0_okno_n3-4
1199568,3,0,0_okno_n1
1199583,3,0,0_okno_n1
1199612,4,0,0_okno_n1
1199772,4,0,0_okno_n1
1199785,0,0,0_okno_n3-4
1199788,1,0,0_okno_n2
1199888,1,0,0_okno_n3-4
1199900,0,0,0_okno_n2
1199901,4,0,0_okno_n3-4
1199919,3,0,0_okno_n5+
1199933,2,0,0_okno_n5+
1199981,2,0,0_okno_n5+
1200015,2,1,1_pozaokno_n3-4
1200031,1,0,0_okno_n2
1200052,0,0,0_okno_n3-4
1200055,3,0,0_okno_n1
1200117,0,0,0_okno_n2
1200121,2,0,0_okno_n1
1200122,3,0,0_okno_n1
1200138,3,0,0_okno_n1
1200168,2,0,0_okno_n1
1200203,3,0,0_okno_n3-4
1200244,1,0,0_okno_n3-4
1200245,2,0,0_okno_n1
1200335,4,0,0_okno_n1
1200352,4,0,0_okno_n3-4
1200418,1,0,0_okno_n5+
1200422,0,0,0_okno_n2
1200472,3,0,0_okno_n1
1200476,1,0,0_okno_n3-4
1200505,0,0,0_okno_n1
1200642,3,0,0_okno_n1
1200652,1,0,0_okno_n3-4
1200737,1,0,0_okno_n2
1200965,2,0,0_okno_n1
1201028,4,0,0_okno_n5+
1201040,3,0,0_okno_n1
1201093,1,0,0_okno_n1
1201195,3,0,0_okno_n1
1201198,2,0,0_okno_n1
1201202,4,0,0_okno_n2
1201223,2,0,0_okno_n2
1201285,1,0,0_okno_n1
1201288,0,0,0_okno_n1
1201314,1,0,0_okno_n1
1201325,0,0,0_okno_n1
1201350,3,0,0_okno_n5+
1201398,2,0,0_okno_n5+
1201407,2,0,0_okno_n1
1201420,2,0,0_okno_n1
1201436,1,0,0_okno_n5+
1201532,3,0,0_okno_n3-4
1201580,4,0,0_okno_n1
1201656,2,0,0_okno_n2
1201681,1,1,1_pozaokno_n3-4
1201703,4,0,0_okno_n2
1201729,0,0,0_okno_n1
1201766,2,0,0_okno_n1
1201832,0,0,0_okno_n3-4
1201862,0,0,0_okno_n2
1201996,4,0,0_okno_n1
1202018,1,0,0_okno_n5+
1202049,0,0,0_okno_n3-4
1202121,1,0,0_okno_n2
1202167,1,0,0_okno_n1
1202174,4,0,0_okno_n1
1202187,0,0,0_okno_n2
1202334,2,0,0_okno_n1
1202369,3,0,0_okno_n1
1202549,2,0,0_okno_n2
1202585,4,0,0_okno_n1
1202652,0,1,1_okno_n2
1202739,4,0,0_okno_n1
1202831,1,0,0_okno_n1
1202932,1,0,0_okno_n3-4
1203117,1,0,0_okno_n1
1203186,4,0,0_okno_n1
1203275,1,0,0_okno_n1
1203338,3,0,0_okno_n3-4
1203398,3,0,0_okno_n1
1203415,4,0,0_okno_n1
1203429,3,0,0_okno_n1
1203483,1,0,0_okno_n1
1203485,3,0,0_okno_n2
1203678,1,0,0_okno_n3-4
1203685,4,0,0_okno_n2
1203686,4,0,0_okno_n2
1203704,3,0,0_okno_n1
1203741,2,1,1_pozaokno_n2
1203775,4,0,0_okno_n2
1203839,1,0,0_okno_n2
1203893,1,0,0_okno_n5+
1203906,1,1,1_pozaokno_n3-4
1203994,0,0,0_okno_n1
1204009,2,0,0_okno_n1
1204022,3,0,0_okno_n2
1204092,4,1,1_pozaokno_n1
1204099,3,0,0_okno_n2
1204103,4,0,0_okno_n1
1204125,3,1,1_pozaokno_n2
1204162,1,0,0_okno_n1
1204489,4,0,0_okno_n5+
1204509,3,0,0_okno_n1
1204648,4,0,0_okno_n2
1204681,3,0,0_okno_n2
1204717,3,0,0_okno_n5+
1204720,4,0,0_okno_n1
1204736,1,0,0_okno_n1
1204842,1,0,0_okno_n1
1204927,2,0,0_okno_n3-4
1204934,0,0,0_okno_n3-4
1204994,4,0,0_okno_n5+
1205017,1,1,1_pozaokno_n5+
1205019,3,0,0_okno_n1
1205038,3,0,0_okno_n1
1205108,0,0,0_okno_n5+
1205121,0,0,0_okno_n2
1205132,2,0,0_okno_n3-4
1205192,0,0,0_okno_n1
1205220,0,0,0_okno_n1
1205234,2,0,0_okno_n1
1205239,2,0,0_okno_n1
1205250,4,1,1_pozaokno_n1
1205286,2,1,1_pozaokno_n1
1205383,1,1,1_pozaokno_n3-4
1205429,0,0,0_okno_n2
1205451,1,0,0_okno_n1
1205454,4,0,0_okno_n2
1205539,2,0,0_okno_n2
1205555,0,0,0_okno_n2
1205569,4,0,0_okno_n5+
1205601,1,0,0_okno_n3-4
1205630,4,1,1_pozaokno_n5+
1205631,2,1,1_pozaokno_n5+
1205635,3,0,0_okno_n2
1205646,3,0,0_okno_n2
1205726,2,0,0_okno_n2
1205737,1,0,0_okno_n1
1205739,2,0,0_okno_n5+
1205767,3,0,0_okno_n1
1205788,0,0,0_okno_n2
1205839,1,0,0_okno_n1
1205853,3,0,0_okno_n2
1205868,4,0,0_okno_n2
1205882,0,0,0_okno_n1
1205949,1,0,0_okno_n1
1205950,1,0,0_okno_n1
1206079,3,0,0_okno_n1
1206109,2,0,0_okno_n3-4
1206146,4,0,0_okno_n1
1206220,0,0,0_okno_n2
1206238,3,0,0_okno_n3-4
1206243,2,0,0_okno_n1
1206252,0,0,0_okno_n1
1206288,4,0,0_okno_n1
1206357,3,0,0_okno_n1
1206407,3,0,0_okno_n1
1206456,4,0,0_okno_n1
1206525,2,0,0_okno_n1
1206628,0,0,0_okno_n1
1206652,1,0,0_okno_n1
1206679,1,0,0_okno_n2
1206740,2,0,0_okno_n1
1206760,0,0,0_okno_n1
1206944,1,0,0_okno_n1
1206957,0,0,0_okno_n1
1207035,4,0,0_okno_n1
1207046,2,0,0_okno_n5+
1207057,0,0,0_okno_n1
1207208,3,0,0_okno_n1
1207212,1,0,0_okno_n1
1207214,2,0,0_okno_n1
1207324,1,0,0_okno_n1
1207430,3,0,0_okno_n3-4
1207436,3,0,0_okno_n1
1207452,2,0,0_okno_n1
1207456,1,0,0_okno_n1
1207470,3,0,0_okno_n1
1207502,2,0,0_okno_n1
1207650,2,0,0_okno_n1
1207740,1,0,0_okno_n2
1207793,4,0,0_okno_n1
1207809,2,0,0_okno_n1
1207867,2,0,0_okno_n1
1207887,1,0,0_okno_n1
1207910,3,0,0_okno_n1
1207921,1,0,0_okno_n1
1208047,2,0,0_okno_n3-4
1208067,1,0,0_okno_n1
1208075,1,0,0_okno_n1
1208096,2,0,0_okno_n1
1208099,1,0,0_okno_n1
1208100,1,0,0_okno_n2
1208111,2,0,0_okno_n3-4
1208130,3,0,0_okno_n1
1208134,4,0,0_okno_n2
1208278,0,0,0_okno_n1
1208279,2,0,0_okno_n2
1208559,4,0,0_okno_n1
1208637,4,1,1_pozaokno_n2
1208675,3,1,1_pozaokno_n3-4
1208713,0,0,0_okno_n5+
1208748,0,0,0_okno_n2
1208815,1,0,0_okno_n1
1208817,4,0,0_okno_n1
1208910,2,0,0_okno_n3-4
1209003,3,1,1_pozaokno_n5+
1209073,1,0,0_okno_n3-4
1209075,2,0,0_okno_n1
1209084,3,0,0_okno_n1
1209143,2,0,0_okno_n1
1209173,3,0,0_okno_n1
1209182,4,0,0_okno_n2
1209230,0,0,0_okno_n2
1209346,1,1,1_pozaokno_n2
1209362,2,0,0_okno_n1
1209495,4,0,0_okno_n5+
1209544,4,0,0_okno_n3-4
1209564,0,0,0_okno_n1
1209578,2,0,0_okno_n1
1209723,3,0,0_okno_n3-4
1209726,3,0,0_okno_n1
1209733,4,1,1_pozaokno_n5+
1209754,1,0,0_okno_n2
1209777,2,0,0_okno_n1
1209786,3,0,0_okno_n5+
1209791,0,0,0_okno_n1
1209797,1,0,0_okno_n1
1209798,4,0,0_okno_n1
1209819,0,0,0_okno_n3-4
1209919,4,1,1_pozaokno_n5+
1209979,1,0,0_okno_n2
1209999,3,1,1_pozaokno_n2
1210021,4,0,0_okno_n1
1210098,0,0,0_okno_n3-4
1210115,0,0,0_okno_n3-4
1210133,3,0,0_okno_n1
1210254,1,0,0_okno_n1
1210258,2,1,1_pozaokno_n3-4
1210272,2,0,0_okno_n2
1210309,4,0,0_okno_n2
1210499,0,0,0_okno_n1
1210511,2,0,0_okno_n1
1210720,3,0,0_okno_n1
1210784,3,0,0_okno_n1
1210855,4,0,0_okno_n2
1210871,4,0,0_okno_n1
1210907,2,0,0_okno_n1
1210934,3,0,0_okno_n1
1210942,3,0,0_okno_n1
1210956,1,0,0_okno_n2
1210983,4,0,0_okno_n1
1211048,1,0,0_okno_n3-4
1211111,3,0,0_okno_n1
1211133,1,0,0_okno_n3-4
1211147,4,0,0_okno_n1
1211210,1,0,0_okno_n1
1211223,3,1,1_pozaokno_n2
1211235,3,0,0_okno_n1
1211275,1,0,0_okno_n3-4
1211370,1,0,0_okno_n3-4
1211373,4,1,1_pozaokno_n2
1211393,1,0,0_okno_n3-4
1211412,1,0,0_okno_n5+
1211447,3,0,0_okno_n2
1211490,3,0,0_okno_n2
1211548,3,1,1_pozaokno_n1
1211550,0,0,0_okno_n1
1211816,4,0,0_okno_n2
1211836,2,0,0_okno_n1
1212036,1,0,0_okno_n1
1212073,1,0,0_okno_n1
1212166,2,0,0_okno_n3-4
1212215,1,0,0_okno_n1
1212233,1,0,0_okno_n1
1212263,2,0,0_okno_n5+
1212351,0,0,0_okno_n5+
1212364,1,0,0_okno_n1
1212370,0,0,0_okno_n1
1212435,3,0,0_okno_n1
1212471,1,0,0_okno_n2
1212637,2,0,0_okno_n1
1212680,2,0,0_okno_n1
1212689,3,0,0_okno_n1
1212856,2,0,0_okno_n2
1212897,3,0,0_okno_n1
1212978,3,0,0_okno_n1
1212980,3,0,0_okno_n3-4
1212990,1,0,0_okno_n5+
1212992,1,0,0_okno_n2
1213014,3,0,0_okno_n2
1213044,3,0,0_okno_n2
1213169,2,0,0_okno_n2
1213230,4,0,0_okno_n3-4
1213307,4,0,0_okno_n1
1213334,3,1,1_pozaokno_n3-4
1213341,0,0,0_okno_n3-4
1213349,2,0,0_okno_n1
1213361,0,0,0_okno_n1
1213368,1,0,0_okno_n1
1213433,2,0,0_okno_n1
1213440,0,0,0_okno_n5+
1213448,1,0,0_okno_n1
1213526,1,0,0_okno_n5+
1213560,4,0,0_okno_n3-4
1213565,4,1,1_pozaokno_n2
1213593,0,0,0_okno_n1
1213604,3,0,0_okno_n1
1213634,2,0,0_okno_n1
1213882,1,0,0_okno_n1
1213914,2,0,0_okno_n1
1213945,2,0,0_okno_n1
1213950,1,0,0_okno_n2
1213952,2,0,0_okno_n3-4
1213957,3,0,0_okno_n2
1213981,1,0,0_okno_n1
1213982,0,0,0_okno_n1
1214011,2,0,0_okno_n2
1214016,3,0,0_okno_n5+
1214024,1,0,0_okno_n1
1214106,2,1,1_pozaokno_n3-4
1214245,1,0,0_okno_n1
1214276,1,1,1_pozaokno_n1
1214317,2,0,0_okno_n3-4
1214361,4,0,0_okno_n1
1214467,2,0,0_okno_n5+
1214469,0,0,0_okno_n1
1214539,3,0,0_okno_n1
1214624,4,0,0_okno_n2
1214643,4,1,1_pozaokno_n5+
1214658,3,0,0_okno_n5+
1214749,3,0,0_okno_n1
1214771,1,0,0_okno_n1
1214980,4,0,0_okno_n1
1215012,0,0,0_okno_n2
1215039,2,0,0_okno_n2
1215077,3,0,0_okno_n1
1215175,2,0,0_okno_n1
1215295,3,0,0_okno_n5+
1215299,1,0,0_okno_n1
1215311,0,0,0_okno_n1
1215325,1,0,0_okno_n3-4
1215337,2,0,0_okno_n2
1215436,4,1,1_pozaokno_n3-4
1215483,3,0,0_okno_n1
1215495,2,0,0_okno_n1
1215526,1,0,0_okno_n3-4
1215727,4,0,0_okno_n1
1215751,4,0,0_okno_n1
1215963,4,0,0_okno_n1
1216131,0,0,0_okno_n1
1216296,4,1,1_pozaokno_n2
1216334,4,0,0_okno_n1
1216509,2,0,0_okno_n3-4
1216531,3,0,0_okno_n1
1216556,4,1,1_pozaokno_n2
1216685,2,0,0_okno_n1
1216694,2,0,0_okno_n1
1216725,4,0,0_okno_n1
1216732,3,0,0_okno_n5+
1216758,0,0,0_okno_n1
1216792,0,0,0_okno_n1
1216933,1,0,0_okno_n3-4
1216988,2,0,0_okno_n5+
1217001,0,0,0_okno_n1
1217015,2,1,1_pozaokno_n2
1217020,4,0,0_okno_n1
1217043,3,0,0_okno_n1
1217071,1,0,0_okno_n1
1217095,2,1,1_pozaokno_n2
1217200,2,1,1_pozaokno_n5+
1217335,4,0,0_okno_n3-4
1217354,3,0,0_okno_n2
1217449,1,0,0_okno_n1
1217587,4,0,0_okno_n3-4
1217652,0,0,0_okno_n5+
1217746,2,0,0_okno_n1
1217781,4,0,0_okno_n2
1217818,2,0,0_okno_n1
1217823,1,0,0_okno_n1
1217918,0,0,0_okno_n1
1217921,2,1,1_pozaokno_n1
1217930,3,0,0_okno_n1
1218000,1,1,1_pozaokno_n2
1218061,1,0,0_okno_n3-4
1218202,4,0,0_okno_n3-4
1218313,1,0,0_okno_n2
1218365,2,0,0_okno_n3-4
1218418,1,0,0_okno_n1
1218470,3,0,0_okno_n1
1218504,3,0,0_okno_n3-4
1218506,0,0,0_okno_n1
1218579,3,0,0_okno_n5+
1218658,4,1,1_pozaokno_n1
1218686,0,0,0_okno_n2
1218812,3,0,0_okno_n2
1218855,2,0,0_okno_n1
1218929,3,0,0_okno_n2
1218971,3,1,1_okno_n5+
1219036,4,0,0_okno_n3-4
1219204,4,0,0_okno_n1
1219222,1,0,0_okno_n1
1219318,1,0,0_okno_n3-4
1219380,2,0,0_okno_n1
1219388,0,0,0_okno_n3-4
1219430,2,0,0_okno_n2
1219651,0,0,0_okno_n2
1219702,2,0,0_okno_n1
1219750,2,0,0_okno_n1
1219844,4,0,0_okno_n3-4
1219856,0,0,0_okno_n1
1219906,4,0,0_okno_n1
1219925,0,0,0_okno_n1
1219960,3,0,0_okno_n1
1220038,1,0,0_okno_n2
1220080,3,0,0_okno_n1
1220085,4,0,0_okno_n2
1220122,4,0,0_okno_n2
1220140,4,0,0_okno_n2
1220294,3,1,1_pozaokno_n1
1220326,4,0,0_okno_n2
1220370,4,0,0_okno_n3-4
1220503,4,0,0_okno_n1
1220604,0,1,1_pozaokno_n1
1220608,2,0,0_okno_n2
1220613,3,0,0_okno_n5+
1220651,3,0,0_okno_n2
1220660,4,0,0_okno_n1
1220795,1,0,0_okno_n1
1220809,1,0,0_okno_n3-4
1220822,3,0,0_okno_n1
1220837,0,0,0_okno_n1
1220918,0,0,0_okno_n2
1220934,3,1,1_pozaokno_n1
1220987,2,0,0_okno_n1
1221197,2,0,0_okno_n3-4
1221243,2,0,0_okno_n1
1221369,1,0,0_okno_n1
1221388,2,0,0_okno_n2
1221454,2,0,0_okno_n1
1221463,1,0,0_okno_n1
1221647,3,0,0_okno_n1
1221689,0,0,0_okno_n1
1221717,3,0,0_okno_n2
1221833,0,1,1_pozaokno_n5+
1221874,1,1,1_pozaokno_n2
1221903,4,0,0_okno_n1
1221935,1,1,1_pozaokno_n2
1222025,3,0,0_okno_n1
1222126,0,0,0_okno_n1
1222127,2,0,0_okno_n1
1222180,4,0,0_okno_n1
1222258,0,0,0_okno_n3-4
1222266,1,0,0_okno_n3-4
1222317,4,0,0_okno_n1
1222343,0,0,0_okno_n1
1222420,3,0,0_okno_n1
1222473,3,0,0_okno_n1
1222485,0,0,0_okno_n1
1222545,3,0,0_okno_n2
1222594,2,0,0_okno_n1
1222622,3,0,0_okno_n1
1222628,1,1,1_pozaokno_n1
1222746,3,0,0_okno_n2
1222779,0,0,0_okno_n1
1222865,2,0,0_okno_n1
1222866,3,0,0_okno_n1
1222973,4,0,0_okno_n1
1222978,0,0,0_okno_n2
1223045,0,0,0_okno_n3-4
1223139,0,0,0_okno_n1
1223200,0,0,0_okno_n3-4
1223252,3,0,0_okno_n1
1223254,0,0,0_okno_n1
1223320,4,0,0_okno_n1
1223440,2,0,0_okno_n2
1223476,0,0,0_okno_n1
1223523,2,0,0_okno_n2
1223549,4,0,0_okno_n1
1223697,1,0,0_okno_n2
1223866,3,0,0_okno_n1
1224090,0,0,0_okno_n5+
1224101,4,0,0_okno_n2
1224124,2,0,0_okno_n1
1224208,3,0,0_okno_n1
1224413,3,0,0_okno_n2
1224419,4,0,0_okno_n3-4
1224484,2,0,0_okno_n3-4
1224487,2,0,0_okno_n1
1224500,0,0,0_okno_n1
1224540,4,0,0_okno_n3-4
1224607,0,0,0_okno_n5+
1224628,3,0,0_okno_n5+
1224658,1,0,0_okno_n1
1224670,0,0,0_okno_n2
1224695,1,0,0_okno_n2
1224744,3,0,0_okno_n1
1224764,2,0,0_okno_n3-4
1224769,2,1,1_pozaokno_n2
1224823,3,0,0_okno_n1
1224834,3,0,0_okno_n1
1224879,0,0,0_okno_n1
1224914,0,0,0_okno_n1
1224930,0,0,0_okno_n5+
1224989,4,0,0_okno_n5+
1225229,2,0,0_okno_n1
1225253,0,1,1_pozaokno_n2
1225259,4,0,0_okno_n1
1225261,2,0,0_okno_n1
1225380,3,0,0_okno_n3-4
1225457,0,0,0_okno_n1
1225473,3,1,1_pozaokno_n3-4
1225554,3,0,0_okno_n1
1225592,3,0,0_okno_n1
1225676,3,0,0_okno_n1
1225684,4,0,0_okno_n1
1225694,3,0,0_okno_n1
1225955,0,0,0_okno_n1
1225986,0,0,0_okno_n5+
1226008,1,0,0_okno_n2
1226010,2,0,0_okno_n1
1226022,0,0,0_okno_n1
1226053,2,0,0_okno_n1
1226059,3,0,0_okno_n2
1226089,3,0,0_okno_n1
1226293,0,0,0_okno_n1
1226397,3,0,0_okno_n1
1226421,2,0,0_okno_n1
1226430,3,0,0_okno_n1
1226444,4,0,0_okno_n3-4
1226635,2,0,0_okno_n1
1226696,3,1,1_pozaokno_n2
1226701,3,0,0_okno_n1
1226791,3,1,1_pozaokno_n3-4
1226793,4,0,0_okno_n1
1226878,1,0,0_okno_n1
1226914,0,0,0_okno_n3-4
1226949,2,0,0_okno_n3-4
1227031,2,0,0_okno_n2
1227053,2,0,0_okno_n5+
1227079,3,0,0_okno_n3-4
1227141,0,0,0_okno_n2
1227146,2,0,0_okno_n3-4
1227232,0,0,0_okno_n1
1227245,2,1,1_pozaokno_n2
1227301,4,1,1_pozaokno_n3-4
1227360,2,0,0_okno_n3-4
1227410,2,0,0_okno_n1
1227450,1,0,0_okno_n1
1227458,3,0,0_okno_n1
1227540,1,0,0_okno_n2
1227604,2,0,0_okno_n3-4
1227640,1,0,0_okno_n1
1227689,1,1,1_pozaokno_n3-4
1227733,4,0,0_okno_n2
1227744,1,0,0_okno_n1
1227750,1,0,0_okno_n1
1227770,1,0,0_okno_n2
1227871,4,0,0_okno_n1
1227884,3,0,0_okno_n2
1227920,0,0,0_okno_n1
1227965,1,0,0_okno_n2
1228163,4,0,0_okno_n1
1228244,4,0,0_okno_n1
1228263,4,0,0_okno_n2
1228268,3,0,0_okno_n1
1228296,3,0,0_okno_n2
1228299,0,0,0_okno_n2
1228372,2,1,1_pozaokno_n2
1228457,1,0,0_okno_n1
1228496,4,0,0_okno_n1
1228545,0,0,0_okno_n1
1228598,4,0,0_okno_n1
1228628,1,0,0_okno_n1
1228663,1,1,1_pozaokno_n5+
1228665,4,0,0_okno_n3-4
1228666,2,0,0_okno_n2
1228722,2,0,0_okno_n1
1228911,3,0,0_okno_n2
1228997,0,0,0_okno_n2
1229000,4,0,0_okno_n1
1229035,4,0,0_okno_n1
1229155,2,0,0_okno_n3-4
1229173,3,0,0_okno_n1
1229226,3,0,0_okno_n5+
1229231,3,0,0_okno_n1
1229260,0,0,0_okno_n1
1229288,2,1,1_pozaokno_n3-4
1229422,3,0,0_okno_n2
1229431,4,0,0_okno_n1
1229462,3,0,0_okno_n1
1229475,2,0,0_okno_n1
1229488,4,0,0_okno_n1
1229536,3,0,0_okno_n2
1229632,1,1,1_pozaokno_n1
1229635,1,0,0_okno_n1
1229644,1,0,0_okno_n3-4
1229657,0,0,0_okno_n1
1229671,2,0,0_okno_n1
1229699,1,0,0_okno_n2
1229778,0,0,0_okno_n3-4
1229818,3,0,0_okno_n1
1229845,4,0,0_okno_n1
1229917,0,0,0_okno_n1
1229931,3,0,0_okno_n1
1230097,4,0,0_okno_n2
1230148,4,1,1_pozaokno_n3-4
1230151,1,0,0_okno_n2
1230194,4,0,0_okno_n3-4
1230198,0,0,0_okno_n2
1230284,2,0,0_okno_n2
1230330,1,0,0_okno_n1
1230350,0,1,1_pozaokno_n1
1230365,1,0,0_okno_n2
1230416,0,0,0_okno_n1
1230441,2,0,0_okno_n1
1230449,2,0,0_okno_n1
1230489,1,0,0_okno_n1
1230528,4,0,0_okno_n3-4
1230590,1,0,0_okno_n1
1230618,2,0,0_okno_n2
1230666,4,0,0_okno_n2
1230668,4,0,0_okno_n1
1230673,0,0,0_okno_n1
1230716,0,0,0_okno_n1
1230768,1,0,0_okno_n1
1230769,4,0,0_okno_n3-4
1230782,3,0,0_okno_n2
1230810,3,0,0_okno_n1
1230895,2,0,0_okno_n2
1230899,1,0,0_okno_n1
1230955,0,0,0_okno_n2
1231275,3,0,0_okno_n1
1231276,3,0,0_okno_n1
1231309,3,0,0_okno_n1
1231415,2,0,0_okno_n1
1231420,1,0,0_okno_n2
1231522,3,0,0_okno_n3-4
1231528,3,0,0_okno_n2
1231614,2,0,0_okno_n1
1231632,3,0,0_okno_n1
1231660,4,0,0_okno_n3-4
1231698,0,0,0_okno_n1
1231728,4,0,0_okno_n1
1231821,3,0,0_okno_n1
1231834,4,0,0_okno_n1
1231889,3,0,0_okno_n1
1231950,1,0,0_okno_n1
1232010,2,0,0_okno_n1
1232177,0,0,0_okno_n1
1232183,1,0,0_okno_n1
1232269,0,0,0_okno_n1
1232330,4,0,0_okno_n2
1232383,2,0,0_okno_n5+
1232408,4,0,0_okno_n1
1232428,0,0,0_okno_n1
1232478,0,0,0_okno_n2
1232496,0,0,0_okno_n1
1232555,4,0,0_okno_n2
1232617,3,0,0_okno_n2
1232673,2,0,0_okno_n1
1232968,0,0,0_okno_n1
1233017,4,0,0_okno_n3-4
1233106,2,0,0_okno_n3-4
1233180,3,0,0_okno_n2
1233290,4,0,0_okno_n1
1233571,0,0,0_okno_n1
1233712,4,0,0_okno_n1
1233738,0,0,0_okno_n2
1233764,1,0,0_okno_n1
1233981,3,0,0_okno_n1
1234164,0,0,0_okno_n5+
1234171,2,0,0_okno_n2
1234187,2,0,0_okno_n1
1234271,2,0,0_okno_n1
1234277,2,0,0_okno_n2
1234316,2,0,0_okno_n1
1234390,3,0,0_okno_n1
1234484,0,0,0_okno_n3-4
1234544,1,0,0_okno_n3-4
1234597,0,0,0_okno_n1
1234651,1,0,0_okno_n5+
1234788,4,0,0_okno_n1
1234849,4,0,0_okno_n3-4
1234851,2,0,0_okno_n1
1235047,0,0,0_okno_n2
1235088,4,0,0_okno_n1
1235313,2,0,0_okno_n3-4
1235707,4,0,0_okno_n1
1235771,2,0,0_okno_n1
1235850,4,0,0_okno_n1
1235859,4,0,0_okno_n1
1235866,0,0,0_okno_n2
1235992,3,0,0_okno_n3-4
1236032,4,0,0_okno_n1
1236198,2,0,0_okno_n5+
1236205,2,0,0_okno_n3-4
1236327,2,0,0_okno_n1
1236329,2,0,0_okno_n1
1236342,0,0,0_okno_n1
1236351,3,0,0_okno_n1
1236690,2,0,0_okno_n1
1236722,1,1,1_pozaokno_n2
1236816,3,0,0_okno_n1
1236853,1,0,0_okno_n1
1236923,1,0,0_okno_n3-4
1236947,1,0,0_okno_n1
1237124,2,0,0_okno_n2
1237141,2,0,0_okno_n3-4
1237184,1,1,1_pozaokno_n2
1237295,4,0,0_okno_n1
1237297,0,0,0_okno_n1
1237306,4,0,0_okno_n1
1237347,1,0,0_okno_n1
1237438,0,0,0_okno_n1
1237505,1,0,0_okno_n1
1237523,0,0,0_okno_n3-4
1237551,0,0,0_okno_n2
1237690,2,0,0_okno_n1
1237791,4,0,0_okno_n1
1237804,4,0,0_okno_n1
1237894,3,0,0_okno_n2
1237969,2,0,0_okno_n1
1238199,3,0,0_okno_n5+
1238414,0,0,0_okno_n3-4
1238575,2,0,0_okno_n2
1238607,4,0,0_okno_n5+
1238632,3,0,0_okno_n3-4
1238675,1,0,0_okno_n1
1238756,3,0,0_okno_n3-4
1238865,3,0,0_okno_n3-4
1238912,4,0,0_okno_n1
1239043,1,0,0_okno_n5+
1239077,1,0,0_okno_n1
1239257,2,0,0_okno_n1
1239327,1,0,0_okno_n1
1239441,1,0,0_okno_n1
1239480,4,0,0_okno_n3-4
1239486,0,0,0_okno_n1
1239722,0,0,0_okno_n2
1239761,2,0,0_okno_n1
1239768,4,0,0_okno_n3-4
1239803,3,0,0_okno_n5+
1239820,4,0,0_okno_n1
1240130,4,0,0_okno_n2
1240158,3,0,0_okno_n5+
1240306,0,0,0_okno_n1
1240325,2,0,0_okno_n2
1240354,4,0,0_okno_n1
1240364,0,0,0_okno_n2
1240528,4,0,0_okno_n1
1240563,4,0,0_okno_n2
1240693,2,0,0_okno_n2
1240763,3,0,0_okno_n1
1240796,0,0,0_okno_n3-4
1240866,2,0,0_okno_n1
1241056,4,0,0_okno_n1
1241136,1,0,0_okno_n2
1241153,3,0,0_okno_n3-4
1241158,1,0,0_okno_n5+
1241161,1,0,0_okno_n1
1241347,3,0,0_okno_n1
1241436,1,0,0_okno_n1
1241587,4,0,0_okno_n1
1241596,3,0,0_okno_n3-4
1241614,2,0,0_okno_n3-4
1241769,1,0,0_okno_n1
1241856,2,0,0_okno_n2
1242065,0,0,0_okno_n1
1242084,4,0,0_okno_n1
1242093,1,1,1_pozaokno_n2
1242140,0,0,0_okno_n3-4
1242150,3,0,0_okno_n5+
1242199,4,0,0_okno_n1
1242217,2,0,0_okno_n3-4
1242243,1,0,0_okno_n2
1242255,2,0,0_okno_n2
1242588,2,0,0_okno_n1
1242637,0,0,0_okno_n3-4
1242675,1,0,0_okno_n1
1242891,0,0,0_okno_n2
1242896,4,0,0_okno_n1
1243004,3,0,0_okno_n1
1243070,1,0,0_okno_n2
1243079,1,0,0_okno_n1
1243176,4,1,1_pozaokno_n1
1243230,1,0,0_okno_n1
1243278,1,0,0_okno_n1
1243293,1,0,0_okno_n1
1243433,2,0,0_okno_n2
1243514,3,0,0_okno_n2
1243526,1,0,0_okno_n1
1243552,3,0,0_okno_n1
1243700,4,0,0_okno_n3-4
1243789,0,0,0_okno_n2
1243796,3,0,0_okno_n3-4
1243893,2,0,0_okno_n3-4
1243994,0,0,0_okno_n2
1244119,1,0,0_okno_n1
1244248,2,0,0_okno_n1
1244443,3,0,0_okno_n1
1244539,2,1,1_pozaokno_n5+
1244563,0,0,0_okno_n2
1244572,2,0,0_okno_n1
1244689,2,0,0_okno_n1
1244695,0,0,0_okno_n3-4
1244810,1,0,0_okno_n3-4
1244880,1,0,0_okno_n2
1244904,1,1,1_pozaokno_n1
1244924,0,0,0_okno_n1
1245001,0,0,0_okno_n1
1245027,3,0,0_okno_n1
1245041,4,0,0_okno_n3-4
1245060,1,0,0_okno_n1
1245115,3,0,0_okno_n3-4
1245122,4,0,0_okno_n5+
1245161,0,0,0_okno_n2
1245168,0,0,0_okno_n2
1245319,1,0,0_okno_n3-4
1245336,0,0,0_okno_n1
1245366,2,0,0_okno_n1
1245499,2,0,0_okno_n1
1245527,3,0,0_okno_n3-4
1245552,0,0,0_okno_n1
1245590,1,0,0_okno_n2
1245684,4,0,0_okno_n1
1245709,3,0,0_okno_n1
1245746,3,0,0_okno_n1
1245782,3,0,0_okno_n1
1245792,2,0,0_okno_n3-4
1245800,2,0,0_okno_n2
1245801,1,0,0_okno_n1
1245849,4,0,0_okno_n1
1246021,4,0,0_okno_n1
1246115,0,0,0_okno_n1
1246244,4,0,0_okno_n1
1246445,1,0,0_okno_n1
1246557,3,0,0_okno_n3-4
1246616,2,0,0_okno_n2
1246632,2,0,0_okno_n1
1246811,4,0,0_okno_n3-4
1246836,3,0,0_okno_n1
1246856,4,0,0_okno_n1
1246944,0,0,0_okno_n2
1246990,2,0,0_okno_n1
1247197,4,0,0_okno_n1
1247202,1,1,1_pozaokno_n1
1247222,1,0,0_okno_n5+
1247227,4,0,0_okno_n1
1247237,1,0,0_okno_n3-4
1247388,0,0,0_okno_n1
1247462,0,0,0_okno_n5+
1247477,3,0,0_okno_n1
1247561,2,0,0_okno_n2
1247634,4,1,1_pozaokno_n5+
1247703,0,0,0_okno_n1
1247718,0,0,0_okno_n2
1247781,0,0,0_okno_n1
1247840,3,0,0_okno_n5+
1247964,2,0,0_okno_n3-4
1247989,2,1,1_pozaokno_n3-4
1248087,3,1,1_pozaokno_n2
1248093,3,1,1_pozaokno_n1
1248138,0,0,0_okno_n1
1248225,3,0,0_okno_n1
1248278,3,0,0_okno_n1
1248321,4,0,0_okno_n2
1248324,2,0,0_okno_n3-4
1248341,2,0,0_okno_n3-4
1248362,4,0,0_okno_n2
1248363,0,0,0_okno_n5+
1248448,3,0,0_okno_n2
1248507,3,0,0_okno_n1
1248697,2,0,0_okno_n3-4
1248818,4,0,0_okno_n1
1248939,2,0,0_okno_n1
1249062,3,0,0_okno_n1
1249127,1,0,0_okno_n5+
1249280,1,0,0_okno_n2
1249321,0,0,0_okno_n2
1249343,3,0,0_okno_n1
1249387,4,0,0_okno_n1
1249684,3,0,0_okno_n1
1249812,0,0,0_okno_n1
1249853,4,0,0_okno_n1
1249871,0,0,0_okno_n1
1250086,1,0,0_okno_n3-4
1250194,1,0,0_okno_n1
1250239,1,0,0_okno_n1
1250321,2,0,0_okno_n5+
1250543,2,0,0_okno_n2
1250576,1,0,0_okno_n2
1250598,1,0,0_okno_n1
1250627,0,0,0_okno_n3-4
1250748,1,0,0_okno_n2
1250752,3,0,0_okno_n2
1250820,0,0,0_okno_n1
1250835,3,0,0_okno_n3-4
1250907,0,0,0_okno_n2
1250980,1,0,0_okno_n3-4
1251038,3,0,0_okno_n2
1251058,2,0,0_okno_n1
1251106,0,0,0_okno_n2
1251267,2,0,0_okno_n5+
1251270,4,0,0_okno_n1
1251403,1,0,0_okno_n1
1251409,4,0,0_okno_n1
1251642,3,0,0_okno_n1
1251705,0,0,0_okno_n2
1251729,0,0,0_okno_n2
1251773,0,0,0_okno_n5+
1251831,3,1,1_pozaokno_n1
1251870,1,0,0_okno_n2
1251874,0,0,0_okno_n1
1252005,3,0,0_okno_n1
1252014,1,0,0_okno_n1
1252021,0,0,0_okno_n3-4
1252027,0,0,0_okno_n1
1252190,1,0,0_okno_n2
1252332,0,0,0_okno_n1
1252403,2,0,0_okno_n1
1252429,2,0,0_okno_n1
1252474,2,0,0_okno_n2
1252738,1,0,0_okno_n1
1252774,2,0,0_okno_n1
1252782,0,0,0_okno_n5+
1252830,4,0,0_okno_n3-4
1253123,4,0,0_okno_n2
1253196,2,0,0_okno_n3-4
1253311,0,0,0_okno_n3-4
1253364,1,0,0_okno_n2
1253395,4,0,0_okno_n5+
1253473,0,0,0_okno_n2
1253498,3,0,0_okno_n2
1253594,4,0,0_okno_n1
1253710,3,0,0_okno_n1
1253827,2,0,0_okno_n1
1253872,1,1,1_pozaokno_n1
1253922,1,0,0_okno_n1
1254012,2,0,0_okno_n1
1254080,2,0,0_okno_n5+
1254096,4,0,0_okno_n1
1254161,1,0,0_okno_n1
1254234,0,0,0_okno_n1
1254275,4,0,0_okno_n1
1254409,4,0,0_okno_n1
1254656,4,0,0_okno_n1
1254782,4,0,0_okno_n2
1254870,0,0,0_okno_n1
1254904,4,0,0_okno_n3-4
1254995,2,0,0_okno_n3-4
1255023,3,0,0_okno_n1
1255112,3,0,0_okno_n2
1255241,2,0,0_okno_n1
1255352,1,0,0_okno_n1
1255427,0,0,0_okno_n2
1255511,2,0,0_okno_n3-4
1255560,3,0,0_okno_n1
1255571,1,0,0_okno_n2
1255722,3,0,0_okno_n1
1255746,4,0,0_okno_n1
1256017,2,0,0_okno_n1
1256153,3,0,0_okno_n1
1256206,2,0,0_okno_n2
1256212,3,0,0_okno_n3-4
1256228,2,0,0_okno_n1
1256313,4,0,0_okno_n5+
1256350,4,0,0_okno_n5+
1256402,3,0,0_okno_n1
1256514,3,0,0_okno_n2
1256518,2,0,0_okno_n1
1256626,4,0,0_okno_n1
1256697,1,0,0_okno_n3-4
1256840,1,0,0_okno_n2
1256841,2,0,0_okno_n1
1256921,3,0,0_okno_n1
1257166,0,0,0_okno_n3-4
1257220,1,0,0_okno_n3-4
1257230,4,1,1_pozaokno_n1
1257239,1,0,0_okno_n3-4
1257293,4,0,0_okno_n1
1257402,2,0,0_okno_n1
1257531,0,0,0_okno_n1
1257536,2,0,0_okno_n2
1257542,3,1,1_pozaokno_n1
1257603,0,0,0_okno_n1
1257668,3,0,0_okno_n3-4
1257670,1,1,1_pozaokno_n1
1257686,3,0,0_okno_n1
1257755,2,0,0_okno_n1
1257763,4,0,0_okno_n1
1257855,4,0,0_okno_n2
1257894,3,0,0_okno_n3-4
1257999,3,1,1_pozaokno_n5+
1258176,0,0,0_okno_n1
1258240,3,0,0_okno_n1
1258248,0,0,0_okno_n3-4
1258340,3,0,0_okno_n5+
1258420,0,0,0_okno_n1
1258480,2,0,0_okno_n1
1258531,0,0,0_okno_n5+
1258555,3,0,0_okno_n1
1258559,1,0,0_okno_n3-4
1258769,4,0,0_okno_n1
1258856,4,0,0_okno_n1
1258920,1,1,1_okno_n2
1258923,0,0,0_okno_n1
1258977,3,0,0_okno_n1
1259181,1,0,0_okno_n1
1259231,3,0,0_okno_n5+
1259321,3,0,0_okno_n2
1259363,2,0,0_okno_n1
1259406,0,0,0_okno_n2
1259428,4,1,1_pozaokno_n1
1259538,1,0,0_okno_n2
1259612,1,0,0_okno_n2
1259739,0,0,0_okno_n5+
1259950,4,0,0_okno_n5+
1260040,1,1,1_pozaokno_n2
1260061,2,0,0_okno_n3-4
1260224,4,0,0_okno_n2
1260286,3,0,0_okno_n2
1260376,1,0,0_okno_n2
1260386,1,0,0_okno_n3-4
1260667,4,0,0_okno_n2
1260668,1,0,0_okno_n3-4
1260764,2,0,0_okno_n3-4
1260856,2,0,0_okno_n2
1260934,1,0,0_okno_n2
1261054,4,0,0_okno_n1
1261117,4,0,0_okno_n2
1261132,3,0,0_okno_n1
1261156,3,0,0_okno_n5+
1261319,3,0,0_okno_n3-4
1261357,0,0,0_okno_n1
1261367,2,0,0_okno_n1
1261456,1,0,0_okno_n3-4
1261553,0,0,0_okno_n1
1261681,1,0,0_okno_n1
1261901,0,0,0_okno_n1
1262026,4,0,0_okno_n1
1262087,4,0,0_okno_n1
1262475,3,0,0_okno_n1
1262648,0,0,0_okno_n5+
1262654,1,0,0_okno_n5+
1262655,3,0,0_okno_n1
1262733,2,0,0_okno_n2
1262824,1,0,0_okno_n5+
1262832,4,0,0_okno_n1
1262974,2,0,0_okno_n1
1263055,1,0,0_okno_n2
1263116,0,0,0_okno_n3-4
1263200,0,0,0_okno_n1
1263294,4,0,0_okno_n1
1263317,1,0,0_okno_n1
1263360,3,0,0_okno_n1
1263473,1,0,0_okno_n5+
1263510,2,0,0_okno_n1
1263599,0,0,0_okno_n2
1263639,2,0,0_okno_n3-4
1263736,2,0,0_okno_n2
1263739,3,0,0_okno_n1
1263758,4,0,0_okno_n1
1263761,4,0,0_okno_n5+
1263777,4,0,0_okno_n1
1263823,3,0,0_okno_n1
1263915,0,0,0_okno_n1
1264079,1,0,0_okno_n1
1264104,1,0,0_okno_n1
1264106,0,1,1_pozaokno_n1
1264267,1,0,0_okno_n2
1264299,2,0,0_okno_n5+
1264310,0,0,0_okno_n1
1264407,4,0,0_okno_n2
1264461,1,0,0_okno_n2
1264527,2,0,0_okno_n2
1264706,1,0,0_okno_n1
1264709,1,0,0_okno_n2
1264726,3,0,0_okno_n1
1264750,3,0,0_okno_n1
1264831,0,0,0_okno_n1
1264887,4,0,0_okno_n1
1264964,4,0,0_okno_n3-4
1264978,0,0,0_okno_n1
1265068,4,0,0_okno_n1
1265147,3,0,0_okno_n1
1265212,2,0,0_okno_n5+
1265288,4,0,0_okno_n1
1265316,3,0,0_okno_n1
1265546,1,0,0_okno_n3-4
1265640,3,0,0_okno_n1
1265644,4,0,0_okno_n5+
1265765,3,0,0_okno_n2
1265987,2,0,0_okno_n2
1266006,0,0,0_okno_n1
1266021,1,0,0_okno_n1
1266092,1,0,0_okno_n1
1266163,0,0,0_okno_n1
1266266,0,0,0_okno_n2
1266267,2,0,0_okno_n1
1266389,0,0,0_okno_n1
1266403,3,0,0_okno_n2
1266473,1,0,0_okno_n1
1266518,3,0,0_okno_n3-4
1266585,1,0,0_okno_n5+
1266599,2,0,0_okno_n1
1266649,0,0,0_okno_n1
1266650,0,0,0_okno_n1
1266686,0,0,0_okno_n1
1266757,4,0,0_okno_n3-4
1266842,4,0,0_okno_n3-4
1266930,2,0,0_okno_n1
1266933,4,0,0_okno_n2
1266961,2,0,0_okno_n1
1267054,1,0,0_okno_n1
1267102,3,0,0_okno_n1
1267124,4,0,0_okno_n1
1267169,0,0,0_okno_n1
1267184,2,0,0_okno_n5+
1267280,0,0,0_okno_n3-4
1267512,3,0,0_okno_n2
1267548,1,0,0_okno_n2
1267551,0,0,0_okno_n5+
1267554,0,0,0_okno_n1
1267596,1,0,0_okno_n2
1267664,0,0,0_okno_n1
1267824,2,0,0_okno_n1
1267844,0,1,1_okno_n1
1267956,1,0,0_okno_n3-4
1267964,0,0,0_okno_n2
1268009,3,0,0_okno_n2
1268139,0,0,0_okno_n1
1268156,0,0,0_okno_n5+
1268339,2,0,0_okno_n1
1268347,4,0,0_okno_n2
1268371,3,0,0_okno_n1
1268433,4,0,0_okno_n1
1268478,0,0,0_okno_n1
1268531,4,0,0_okno_n1
1268565,1,0,0_okno_n1
1268632,1,0,0_okno_n1
1268682,0,0,0_okno_n1
1268705,4,0,0_okno_n1
1268714,2,0,0_okno_n1
1268722,1,0,0_okno_n5+
1268763,1,0,0_okno_n1
1268877,2,0,0_okno_n1
1268982,4,0,0_okno_n1
1268995,3,1,1_pozaokno_n3-4
1269070,3,0,0_okno_n1
1269140,0,0,0_okno_n1
1269224,4,0,0_okno_n1
1269292,3,0,0_okno_n1
1269407,0,0,0_okno_n1
1269429,2,0,0_okno_n1
1269583,0,0,0_okno_n1
1269587,4,0,0_okno_n2
1269671,4,0,0_okno_n1
1269717,2,0,0_okno_n1
1269725,3,0,0_okno_n2
1269729,2,0,0_okno_n1
1269802,2,0,0_okno_n1
1269832,2,0,0_okno_n1
1269894,4,0,0_okno_n2
1269974,2,0,0_okno_n1
1270011,0,0,0_okno_n5+
1270017,1,0,0_okno_n5+
1270057,2,0,0_okno_n2
1270319,3,0,0_okno_n1
1270335,2,0,0_okno_n2
1270374,4,0,0_okno_n1
1270400,1,0,0_okno_n2
1270514,4,0,0_okno_n3-4
1270575,3,0,0_okno_n2
1270698,1,0,0_okno_n1
1270714,3,0,0_okno_n1
1270717,1,0,0_okno_n1
1270813,3,0,0_okno_n1
1270843,3,0,0_okno_n1
1270993,0,0,0_okno_n3-4
1271005,0,0,0_okno_n3-4
1271017,1,1,1_pozaokno_n1
1271049,3,0,0_okno_n3-4
1271090,2,0,0_okno_n1
1271100,1,0,0_okno_n1
1271143,0,0,0_okno_n1
1271154,2,0,0_okno_n3-4
1271169,4,0,0_okno_n5+
1271178,1,0,0_okno_n1
1271282,1,0,0_okno_n1
1271310,0,0,0_okno_n1
1271357,2,0,0_okno_n1
1271391,4,0,0_okno_n2
1271508,3,0,0_okno_n1
1271537,0,0,0_okno_n1
1271614,3,0,0_okno_n1
1271755,4,0,0_okno_n1
1271790,3,0,0_okno_n1
1271826,2,0,0_okno_n1
1271847,2,0,0_okno_n1
1271869,0,0,0_okno_n5+
1271889,2,0,0_okno_n1
1271902,1,0,0_okno_n1
1271910,1,0,0_okno_n1
1271969,4,0,0_okno_n1
1272054,2,0,0_okno_n1
1272062,0,0,0_okno_n1
1272156,0,0,0_okno_n2
1272272,3,0,0_okno_n1
1272356,1,0,0_okno_n3-4
1272396,1,0,0_okno_n1
1272439,0,0,0_okno_n1
1272523,1,0,0_okno_n1
1272544,3,0,0_okno_n1
1272628,4,0,0_okno_n1
1272682,2,0,0_okno_n2
1272706,2,0,0_okno_n1
1272786,3,0,0_okno_n1
1272806,0,0,0_okno_n3-4
1272846,3,0,0_okno_n1
1272951,3,0,0_okno_n1
1273105,2,0,0_okno_n5+
1273214,1,0,0_okno_n1
1273293,2,0,0_okno_n2
1273375,2,0,0_okno_n1
1273425,0,0,0_okno_n5+
1273506,1,0,0_okno_n3-4
1273513,0,0,0_okno_n1
1273542,3,0,0_okno_n2
1273587,0,0,0_okno_n3-4
1273721,2,0,0_okno_n1
1273784,2,0,0_okno_n2
1273836,1,0,0_okno_n2
1273886,3,0,0_okno_n3-4
1274038,2,0,0_okno_n1
1274066,0,0,0_okno_n2
1274070,2,0,0_okno_n2
1274119,0,0,0_okno_n3-4
1274120,1,0,0_okno_n3-4
1274145,2,0,0_okno_n2
1274154,0,0,0_okno_n3-4
1274279,4,0,0_okno_n1
1274337,0,0,0_okno_n1
1274384,3,0,0_okno_n1
1274565,2,0,0_okno_n1
1274683,0,0,0_okno_n1
1274733,4,0,0_okno_n3-4
1274779,1,0,0_okno_n3-4
1274823,3,0,0_okno_n1
1274846,3,1,1_pozaokno_n1
1274869,3,0,0_okno_n5+
1274944,3,0,0_okno_n3-4
1274995,3,0,0_okno_n5+
1275122,1,0,0_okno_n1
1275167,1,0,0_okno_n3-4
1275276,2,0,0_okno_n1
1275357,2,1,1_pozaokno_n5+
1275379,1,0,0_okno_n1
1275408,1,0,0_okno_n5+
1275445,2,0,0_okno_n1
1275449,1,0,0_okno_n2
1275490,2,0,0_okno_n1
1275501,3,0,0_okno_n1
1275543,2,1,1_pozaokno_n5+
1275561,4,1,1_pozaokno_n1
1275578,2,0,0_okno_n1
1275647,0,0,0_okno_n1
1275653,1,0,0_okno_n1
1275683,1,0,0_okno_n1
1275908,3,0,0_okno_n1
1275971,2,0,0_okno_n1
1275972,0,0,0_okno_n5+
1275974,2,0,0_okno_n2
1275985,2,0,0_okno_n1
1276297,3,0,0_okno_n2
1276532,1,0,0_okno_n1
1276557,4,0,0_okno_n2
1276598,4,0,0_okno_n3-4
1276644,3,0,0_okno_n1
1276718,1,0,0_okno_n3-4
1276749,2,0,0_okno_n1
1276760,4,0,0_okno_n1
1276851,1,1,1_pozaokno_n3-4
1276868,3,0,0_okno_n1
1276992,4,0,0_okno_n1
1277131,1,0,0_okno_n1
1277160,2,0,0_okno_n1
1277230,0,0,0_okno_n1
1277259,3,1,1_pozaokno_n3-4
1277513,0,1,1_pozaokno_n1
1277912,4,0,0_okno_n2
1277948,0,0,0_okno_n1
1277986,3,0,0_okno_n2
1277993,0,1,1_pozaokno_n1
1278004,3,0,0_okno_n1
1278055,1,0,0_okno_n1
1278057,2,0,0_okno_n2
1278124,4,0,0_okno_n3-4
1278269,3,0,0_okno_n5+
1278370,4,0,0_okno_n2
1278430,3,0,0_okno_n1
1278502,4,0,0_okno_n1
1278508,2,0,0_okno_n1
1278560,1,0,0_okno_n1
1278587,4,0,0_okno_n2
1278610,1,0,0_okno_n1
1278738,0,0,0_okno_n2
1278849,1,0,0_okno_n2
1278850,1,0,0_okno_n3-4
1279034,3,0,0_okno_n2
1279096,0,1,1_pozaokno_n2
1279099,2,0,0_okno_n3-4
1279116,0,0,0_okno_n1
1279454,4,0,0_okno_n1
1279531,2,0,0_okno_n1
1279533,1,0,0_okno_n3-4
1279606,4,1,1_pozaokno_n1
1279617,4,0,0_okno_n1
1279627,1,1,1_pozaokno_n1
1279722,2,0,0_okno_n3-4
1279728,1,0,0_okno_n2
1279813,4,0,0_okno_n1
1279871,4,0,0_okno_n1
1279986,0,0,0_okno_n5+
1280233,0,0,0_okno_n3-4
1280264,3,0,0_okno_n1
1280267,2,0,0_okno_n1
1280510,3,0,0_okno_n1
1280573,2,0,0_okno_n1
1280587,1,0,0_okno_n1
1280588,4,0,0_okno_n1
1280603,0,0,0_okno_n3-4
1280609,3,0,0_okno_n2
1280660,2,0,0_okno_n3-4
1280697,2,0,0_okno_n2
1280912,4,0,0_okno_n1
1280989,0,0,0_okno_n1
1281077,3,0,0_okno_n3-4
1281089,3,0,0_okno_n3-4
1281109,1,0,0_okno_n1
1281168,0,0,0_okno_n1
1281175,2,0,0_okno_n1
1281221,2,0,0_okno_n1
1281333,1,0,0_okno_n3-4
1281346,4,0,0_okno_n1
1281469,1,0,0_okno_n5+
1281522,4,0,0_okno_n1
1281540,3,0,0_okno_n2
1281566,4,0,0_okno_n2
1281574,4,0,0_okno_n1
1281642,2,0,0_okno_n5+
1281668,4,0,0_okno_n1
1281720,4,0,0_okno_n1
1281721,3,0,0_okno_n1
1281768,3,0,0_okno_n3-4
1281803,2,0,0_okno_n1
1281880,1,0,0_okno_n1
1281961,4,0,0_okno_n2
1281974,1,0,0_okno_n1
1281978,1,0,0_okno_n5+
1282051,4,0,0_okno_n1
1282191,3,0,0_okno_n1
1282228,2,0,0_okno_n3-4
1282274,4,0,0_okno_n1
1282279,3,0,0_okno_n2
1282311,2,0,0_okno_n1
1282371,3,0,0_okno_n3-4
1282411,2,0,0_okno_n1
1282435,3,0,0_okno_n1
1282467,1,0,0_okno_n2
1282610,2,0,0_okno_n1
1282672,2,0,0_okno_n1
1282741,2,0,0_okno_n1
1282757,2,0,0_okno_n1
1283008,1,0,0_okno_n2
1283082,1,0,0_okno_n1
1283098,0,0,0_okno_n1
1283103,4,0,0_okno_n1
1283155,4,0,0_okno_n1
1283157,4,0,0_okno_n1
1283182,4,0,0_okno_n1
1283204,2,0,0_okno_n1
1283243,4,0,0_okno_n2
1283268,4,0,0_okno_n1
1283313,2,0,0_okno_n1
1283395,4,0,0_okno_n1
1283485,4,0,0_okno_n1
1283548,0,0,0_okno_n1
1283550,0,0,0_okno_n1
1283621,3,0,0_okno_n2
1283625,3,0,0_okno_n1
1283737,4,0,0_okno_n2
1283758,0,0,0_okno_n1
1283762,2,0,0_okno_n3-4
1283843,0,0,0_okno_n2
1283914,2,0,0_okno_n1
1283927,4,0,0_okno_n3-4
1284202,1,0,0_okno_n1
1284462,4,0,0_okno_n2
1284523,2,0,0_okno_n1
1284716,4,0,0_okno_n1
1284836,3,0,0_okno_n3-4
1284878,2,0,0_okno_n3-4
1285043,1,0,0_okno_n1
1285201,1,0,0_okno_n1
1285254,4,0,0_okno_n1
1285262,4,0,0_okno_n1
1285333,1,0,0_okno_n1
1285415,2,0,0_okno_n1
1285497,3,0,0_okno_n1
1285503,2,0,0_okno_n5+
1285535,2,0,0_okno_n2
1285536,1,0,0_okno_n1
1285638,1,0,0_okno_n2
1285696,0,0,0_okno_n2
1285700,3,0,0_okno_n1
1285783,3,0,0_okno_n5+
1285881,2,0,0_okno_n1
1285898,4,0,0_okno_n5+
1285952,2,0,0_okno_n3-4
1286005,1,0,0_okno_n1
1286017,0,0,0_okno_n1
1286028,3,0,0_okno_n1
1286030,3,0,0_okno_n1
1286122,4,0,0_okno_n1
1286149,4,0,0_okno_n2
1286238,2,0,0_okno_n1
1286339,4,0,0_okno_n1
1286394,2,0,0_okno_n1
1286548,4,0,0_okno_n5+
1286638,3,1,1_pozaokno_n1
1286692,1,1,1_pozaokno_n1
1286739,1,0,0_okno_n1
1286775,3,1,1_pozaokno_n5+
1286898,1,0,0_okno_n3-4
1286959,1,1,1_pozaokno_n1
1287033,1,0,0_okno_n1
1287098,4,0,0_okno_n3-4
1287158,1,0,0_okno_n1
1287220,1,0,0_okno_n1
1287234,1,0,0_okno_n1
1287269,0,0,0_okno_n2
1287391,2,0,0_okno_n1
1287406,0,0,0_okno_n1
1287414,2,0,0_okno_n5+
1287459,3,0,0_okno_n1
1287466,4,1,1_pozaokno_n1
1287486,1,0,0_okno_n2
1287506,2,0,0_okno_n1
1287516,1,0,0_okno_n5+
1287699,4,0,0_okno_n3-4
1287769,4,0,0_okno_n1
1287862,1,0,0_okno_n3-4
1288187,2,0,0_okno_n2
1288242,4,0,0_okno_n1
1288251,3,0,0_okno_n3-4
1288419,4,0,0_okno_n1
1288461,2,1,1_pozaokno_n2
1288691,3,0,0_okno_n1
1288732,4,0,0_okno_n2
1289034,1,0,0_okno_n1
1289047,4,0,0_okno_n1
1289463,1,0,0_okno_n2
1289465,0,0,0_okno_n1
1289477,1,0,0_okno_n3-4
1289480,0,0,0_okno_n1
1289492,4,0,0_okno_n2
1289557,2,0,0_okno_n1
1289614,4,0,0_okno_n1
1289863,4,0,0_okno_n2
1289897,1,0,0_okno_n1
1289912,0,0,0_okno_n1
1289936,3,0,0_okno_n1
1289938,4,0,0_okno_n1
1289985,0,0,0_okno_n1
1290067,1,0,0_okno_n1
1290082,2,0,0_okno_n5+
1290220,3,0,0_okno_n2
1290246,4,0,0_okno_n1
1290273,2,0,0_okno_n1
1290314,2,0,0_okno_n1
1290348,2,0,0_okno_n1
1290400,2,0,0_okno_n5+
1290417,0,0,0_okno_n1
1290541,1,0,0_okno_n2
1290609,2,0,0_okno_n2
1290615,3,0,0_okno_n1
1290647,3,0,0_okno_n1
1290811,1,0,0_okno_n2
1290814,2,0,0_okno_n3-4
1290831,3,0,0_okno_n1
1290884,4,0,0_okno_n3-4
1290925,1,0,0_okno_n1
1291109,3,0,0_okno_n3-4
1291139,0,0,0_okno_n2
1291148,3,0,0_okno_n1
1291229,4,0,0_okno_n1
1291243,2,0,0_okno_n2
1291278,0,0,0_okno_n1
1291292,1,0,0_okno_n1
1291688,2,0,0_okno_n2
1291731,4,0,0_okno_n2
1291740,3,0,0_okno_n3-4
1291759,1,0,0_okno_n1
1291770,0,0,0_okno_n1
1291784,4,0,0_okno_n1
1291866,2,0,0_okno_n2
1291973,2,0,0_okno_n1
1291988,3,0,0_okno_n1
1292018,4,0,0_okno_n1
1292053,2,0,0_okno_n1
1292092,2,0,0_okno_n1
1292116,3,0,0_okno_n1
1292157,0,0,0_okno_n1
1292343,2,0,0_okno_n1
1292411,1,1,1_pozaokno_n2
1292543,4,0,0_okno_n2
1292570,4,0,0_okno_n1
1292692,2,0,0_okno_n2
1292737,2,1,1_pozaokno_n5+
1292793,3,0,0_okno_n1
1292806,1,0,0_okno_n2
1292995,4,0,0_okno_n1
1293005,3,0,0_okno_n1
1293072,1,0,0_okno_n1
1293079,4,0,0_okno_n1
1293082,4,0,0_okno_n3-4
1293236,1,0,0_okno_n1
1293237,1,0,0_okno_n1
1293331,0,0,0_okno_n2
1293343,2,0,0_okno_n3-4
1293398,4,0,0_okno_n3-4
1293440,1,0,0_okno_n1
1293535,0,0,0_okno_n1
1293594,4,0,0_okno_n1
1293619,0,0,0_okno_n5+
1293821,3,0,0_okno_n1
1293929,0,0,0_okno_n2
1294116,1,0,0_okno_n2
1294143,1,0,0_okno_n1
1294172,3,0,0_okno_n1
1294361,0,0,0_okno_n2
1294422,2,0,0_okno_n1
1294445,2,0,0_okno_n3-4
1294514,2,0,0_okno_n1
1294535,3,0,0_okno_n1
1294570,4,0,0_okno_n1
1294584,0,0,0_okno_n3-4
1294707,2,0,0_okno_n3-4
1294773,0,0,0_okno_n1
1294975,0,0,0_okno_n1
1295044,4,0,0_okno_n1
1295587,0,0,0_okno_n2
1295601,3,1,1_okno_n2
1295617,3,0,0_okno_n1
1295767,4,0,0_okno_n1
1295813,4,0,0_okno_n2
1295833,3,0,0_okno_n3-4
1295843,4,0,0_okno_n1
1295868,3,0,0_okno_n3-4
1295869,4,0,0_okno_n5+
1296043,0,0,0_okno_n1
1296095,1,0,0_okno_n1
1296235,0,0,0_okno_n1
1296296,2,0,0_okno_n1
1296303,2,0,0_okno_n1
1296349,0,0,0_okno_n2
1296404,3,0,0_okno_n1
1296420,0,0,0_okno_n1
1296547,1,0,0_okno_n1
1296591,1,0,0_okno_n1
1296592,1,0,0_okno_n2
1296788,3,0,0_okno_n1
1296847,2,0,0_okno_n3-4
1296927,0,0,0_okno_n1
1297222,3,0,0_okno_n1
1297228,1,0,0_okno_n1
1297244,0,0,0_okno_n1
1297260,2,0,0_okno_n5+
1297445,0,1,1_okno_n5+
1297495,4,0,0_okno_n2
1297577,2,0,0_okno_n1
1297697,1,0,0_okno_n1
1297728,2,1,1_pozaokno_n3-4
1297926,1,0,0_okno_n1
1297934,1,0,0_okno_n2
1298012,4,0,0_okno_n1
1298123,1,0,0_okno_n1
1298190,4,0,0_okno_n2
1298197,4,0,0_okno_n1
1298324,0,0,0_okno_n2
1298380,4,0,0_okno_n1
1298426,0,0,0_okno_n2
1298466,4,0,0_okno_n1
1298502,1,0,0_okno_n1
1298695,2,0,0_okno_n3-4
1298728,4,0,0_okno_n1
1298747,3,0,0_okno_n1
1298770,2,0,0_okno_n5+
1298883,3,0,0_okno_n1
1299358,1,0,0_okno_n1
1299462,3,0,0_okno_n1
1299555,2,0,0_okno_n1
1299593,1,0,0_okno_n1
1299664,3,0,0_okno_n5+
1299775,2,0,0_okno_n1
1299901,2,0,0_okno_n2
1300026,3,0,0_okno_n5+
1300054,2,0,0_okno_n5+
1300076,0,0,0_okno_n3-4
1300121,3,0,0_okno_n1
1300122,1,0,0_okno_n2
1300365,1,0,0_okno_n2
1300368,3,0,0_okno_n2
1300386,0,0,0_okno_n2
1300478,3,0,0_okno_n3-4
1300616,4,0,0_okno_n3-4
1300708,4,0,0_okno_n1
1300735,3,0,0_okno_n1
1300767,2,0,0_okno_n1
1300844,2,0,0_okno_n5+
1301207,4,0,0_okno_n3-4
1301351,2,0,0_okno_n1
1301356,1,1,1_okno_n1
1301569,2,0,0_okno_n3-4
1301681,3,0,0_okno_n3-4
1301736,0,0,0_okno_n2
1301747,3,0,0_okno_n2
1301874,4,0,0_okno_n1
1301989,1,0,0_okno_n3-4
1302034,4,0,0_okno_n1
1302265,3,0,0_okno_n1
1302451,0,0,0_okno_n2
1302458,0,0,0_okno_n1
1303148,3,0,0_okno_n3-4
1303227,1,0,0_okno_n3-4
1303233,3,0,0_okno_n1
1303280,1,0,0_okno_n1
1303406,1,0,0_okno_n3-4
1303453,0,0,0_okno_n1
1303484,3,0,0_okno_n1
1303561,2,0,0_okno_n1
1303576,3,0,0_okno_n1
1303611,1,0,0_okno_n1
1303715,2,0,0_okno_n2
1303925,0,0,0_okno_n2
1303936,1,0,0_okno_n1
1303964,3,0,0_okno_n1
1303975,3,0,0_okno_n1
1304057,0,0,0_okno_n5+
1304244,2,0,0_okno_n2
1304343,2,0,0_okno_n2
1304422,2,0,0_okno_n1
1304465,2,0,0_okno_n3-4
1304535,4,0,0_okno_n1
1304562,4,0,0_okno_n1
1304607,1,0,0_okno_n2
1304821,1,0,0_okno_n1
1304822,2,0,0_okno_n1
1304877,3,0,0_okno_n1
1304967,3,0,0_okno_n1
1305062,4,0,0_okno_n1
1305134,1,0,0_okno_n2
1305234,3,0,0_okno_n1
1305338,1,0,0_okno_n3-4
1305613,1,0,0_okno_n1
1305618,0,0,0_okno_n3-4
1305668,1,0,0_okno_n2
1305817,0,0,0_okno_n3-4
1305906,4,0,0_okno_n1
1305913,2,0,0_okno_n1
1306013,1,0,0_okno_n1
1306217,2,0,0_okno_n1
1306341,0,0,0_okno_n2
1306661,2,0,0_okno_n2
1306913,1,0,0_okno_n5+
1307006,3,0,0_okno_n3-4
1307156,1,0,0_okno_n1
1307316,3,0,0_okno_n5+
1307358,2,0,0_okno_n3-4
1307472,0,1,1_pozaokno_n5+
1307530,3,0,0_okno_n1
1307589,1,0,0_okno_n5+
1307744,1,0,0_okno_n2
1307801,2,0,0_okno_n1
1307846,0,0,0_okno_n1
1307848,1,0,0_okno_n1
1307935,2,0,0_okno_n1
1308394,0,0,0_okno_n2
1308428,3,1,1_pozaokno_n5+
1308799,4,0,0_okno_n1
1308917,3,0,0_okno_n3-4
1309096,0,0,0_okno_n5+
1309246,4,0,0_okno_n1
1309661,2,0,0_okno_n1
1310101,2,0,0_okno_n1
1310237,3,0,0_okno_n1
1311012,1,0,0_okno_n3-4
1311065,1,0,0_okno_n3-4
1311123,0,0,0_okno_n3-4
1311287,4,0,0_okno_n3-4
1311339,2,0,0_okno_n2
1311349,2,0,0_okno_n5+
1311687,4,0,0_okno_n5+
1311750,1,0,0_okno_n1
1311985,2,0,0_okno_n1
1312375,0,1,1_pozaokno_n5+
1312488,3,0,0_okno_n1
1312723,3,0,0_okno_n1
1312751,2,0,0_okno_n1
1312828,4,0,0_okno_n3-4
1313319,4,0,0_okno_n2
1313381,2,0,0_okno_n1
1313451,1,0,0_okno_n3-4
1313591,1,0,0_okno_n1
1313601,4,0,0_okno_n1
1313638,4,0,0_okno_n1
1313716,3,0,0_okno_n1
1313752,0,0,0_okno_n1
1313882,1,0,0_okno_n1
1313966,4,0,0_okno_n1
1314040,0,0,0_okno_n1
1314080,0,0,0_okno_n2
1314137,2,0,0_okno_n1
1314178,2,0,0_okno_n1
1314180,2,0,0_okno_n1
1314262,2,0,0_okno_n1
1314401,2,0,0_okno_n1
1314459,0,0,0_okno_n1
1314774,0,0,0_okno_n3-4
1314887,0,0,0_okno_n1
1314982,1,0,0_okno_n1
1314993,3,0,0_okno_n1
1315042,3,0,0_okno_n3-4
1315092,0,0,0_okno_n1
1315124,1,0,0_okno_n1
1315299,4,0,0_okno_n1
1315314,4,0,0_okno_n1
1315316,1,0,0_okno_n1
1315328,1,0,0_okno_n1
1315643,0,0,0_okno_n1
1315965,4,0,0_okno_n2
1316008,3,0,0_okno_n1
1316058,0,0,0_okno_n1
1316078,0,0,0_okno_n1
1316080,3,0,0_okno_n1
1316315,4,0,0_okno_n2
1316326,3,0,0_okno_n5+
1316400,1,0,0_okno_n1
1316541,3,0,0_okno_n1
1316612,3,0,0_okno_n2
1316656,4,0,0_okno_n3-4
1316762,3,0,0_okno_n1
1316834,0,0,0_okno_n1
1316870,3,0,0_okno_n1
1316891,0,1,1_pozaokno_n2
1316894,0,0,0_okno_n1
1316898,0,0,0_okno_n1
1316954,0,0,0_okno_n1
1316991,1,0,0_okno_n2
1317017,1,0,0_okno_n1
1317024,4,0,0_okno_n1
1317100,2,0,0_okno_n2
1317213,4,0,0_okno_n1
1317252,3,0,0_okno_n1
1317440,3,0,0_okno_n5+
1317468,1,0,0_okno_n1
1317480,4,0,0_okno_n2
1317522,3,0,0_okno_n1
1317555,3,0,0_okno_n1
1317652,4,0,0_okno_n3-4
1317668,4,0,0_okno_n1
1317805,4,0,0_okno_n1
1317828,4,0,0_okno_n1
1317906,4,0,0_okno_n3-4
1317931,0,0,0_okno_n2
1317998,2,0,0_okno_n1
1318084,4,0,0_okno_n5+
1318101,1,0,0_okno_n3-4
1318130,4,0,0_okno_n1
1318134,3,1,1_pozaokno_n5+
1318225,0,0,0_okno_n1
1318276,0,0,0_okno_n5+
1318277,0,0,0_okno_n3-4
1318299,4,0,0_okno_n1
1318516,0,0,0_okno_n1
1318547,2,0,0_okno_n3-4
1318629,0,0,0_okno_n1
1318831,3,0,0_okno_n1
1318956,2,0,0_okno_n1
1318996,0,0,0_okno_n1
1319053,3,0,0_okno_n3-4
1319077,0,0,0_okno_n2
1319300,0,0,0_okno_n5+
1319382,2,0,0_okno_n5+
1319461,4,0,0_okno_n1
1319498,4,0,0_okno_n3-4
1319547,3,0,0_okno_n1
1319744,3,0,0_okno_n5+
1319973,1,1,1_pozaokno_n2
1320104,0,0,0_okno_n1
1320319,0,1,1_pozaokno_n3-4
1320341,0,0,0_okno_n1
1320486,1,0,0_okno_n2
1320577,3,0,0_okno_n1
1320628,0,0,0_okno_n1
1320638,3,1,1_pozaokno_n2
1320670,4,0,0_okno_n3-4
1320681,3,0,0_okno_n1
1320879,0,0,0_okno_n1
1320914,1,0,0_okno_n1
1321173,2,0,0_okno_n1
1321302,0,0,0_okno_n5+
1321316,3,0,0_okno_n2
1321321,0,0,0_okno_n2
1321344,2,0,0_okno_n2
1321372,0,0,0_okno_n1
1321396,4,0,0_okno_n3-4
1321411,0,0,0_okno_n1
1321819,3,0,0_okno_n2
1321885,2,0,0_okno_n1
1321907,1,0,0_okno_n1
1321935,4,0,0_okno_n1
1322026,0,0,0_okno_n3-4
1322232,2,0,0_okno_n3-4
1322267,1,0,0_okno_n1
1322345,0,0,0_okno_n2
1322359,0,0,0_okno_n5+
1322409,1,0,0_okno_n2
1322512,4,0,0_okno_n3-4
1322520,2,0,0_okno_n2
1322670,4,0,0_okno_n3-4
1323020,2,0,0_okno_n1
1323047,4,0,0_okno_n3-4
1323113,2,0,0_okno_n1
1323157,1,0,0_okno_n1
1323166,2,0,0_okno_n1
1323215,1,0,0_okno_n1
1323292,4,0,0_okno_n2
1323380,4,0,0_okno_n1
1323416,0,0,0_okno_n1
1323422,4,0,0_okno_n1
1323428,3,0,0_okno_n2
1323497,2,0,0_okno_n1
1323559,2,0,0_okno_n1
1323577,4,0,0_okno_n2
1323646,4,0,0_okno_n1
1323797,2,0,0_okno_n2
1324016,1,0,0_okno_n2
1324283,1,0,0_okno_n2
1324311,4,0,0_okno_n1
1324343,0,0,0_okno_n1
1324512,2,0,0_okno_n2
1324543,0,0,0_okno_n1
1324548,3,0,0_okno_n1
1324717,0,0,0_okno_n1
1324732,3,0,0_okno_n1
1324829,4,0,0_okno_n1
1324849,4,0,0_okno_n1
1324885,1,0,0_okno_n1
1325014,1,0,0_okno_n2
1325021,0,0,0_okno_n1
1325087,1,0,0_okno_n2
1325169,2,0,0_okno_n1
1325341,2,0,0_okno_n1
1325374,3,1,1_pozaokno_n3-4
1325493,4,0,0_okno_n1
1325499,3,0,0_okno_n1
1325718,3,0,0_okno_n2
1325814,1,0,0_okno_n5+
1325838,3,0,0_okno_n1
1325887,1,0,0_okno_n1
1325912,1,0,0_okno_n2
1325931,0,0,0_okno_n1
1326061,1,0,0_okno_n3-4
1326116,4,0,0_okno_n2
1326290,1,0,0_okno_n1
1326309,0,0,0_okno_n1
1326313,1,0,0_okno_n5+
1326394,1,0,0_okno_n1
1326713,0,0,0_okno_n1
1326756,3,0,0_okno_n1
1326778,0,0,0_okno_n1
1326911,2,0,0_okno_n2
1326924,4,0,0_okno_n3-4
1327119,4,0,0_okno_n3-4
1327224,1,0,0_okno_n1
1327228,3,0,0_okno_n2
1327235,4,0,0_okno_n1
1327413,4,0,0_okno_n1
1327418,2,0,0_okno_n1
1327463,4,0,0_okno_n1
1327519,3,0,0_okno_n5+
1327752,4,0,0_okno_n1
1327864,2,0,0_okno_n2
1327942,3,0,0_okno_n1
1328016,0,0,0_okno_n1
1328047,1,0,0_okno_n1
1328083,4,0,0_okno_n1
1328267,4,0,0_okno_n2
1328414,2,0,0_okno_n1
1328419,0,0,0_okno_n3-4
1328470,4,0,0_okno_n2
1328541,3,0,0_okno_n2
1328654,2,0,0_okno_n1
1328719,2,0,0_okno_n1
1328994,3,0,0_okno_n1
1329077,1,0,0_okno_n3-4
1329079,3,0,0_okno_n1
1329252,3,0,0_okno_n1
1329418,2,0,0_okno_n1
1329516,0,0,0_okno_n2
1329525,1,0,0_okno_n1
1329631,2,0,0_okno_n5+
1329642,1,0,0_okno_n1
1329644,4,0,0_okno_n1
1329653,3,0,0_okno_n2
1329686,3,0,0_okno_n3-4
1329699,1,0,0_okno_n1
1329755,3,0,0_okno_n3-4
1329900,1,0,0_okno_n1
1329905,4,0,0_okno_n2
1329948,4,0,0_okno_n1
1330191,1,1,1_pozaokno_n1
1330195,0,1,1_pozaokno_n1
1330233,3,0,0_okno_n2
1330455,3,0,0_okno_n5+
1330482,2,0,0_okno_n1
1330541,1,0,0_okno_n1
1330569,4,0,0_okno_n1
1330625,1,0,0_okno_n3-4
1330642,4,0,0_okno_n5+
1330663,0,1,1_pozaokno_n2
1330695,4,0,0_okno_n1
1330794,0,0,0_okno_n3-4
1330795,0,0,0_okno_n1
1330896,1,0,0_okno_n1
1331062,1,0,0_okno_n1
1331227,1,0,0_okno_n1
1331249,2,0,0_okno_n1
1331262,1,0,0_okno_n2
1331558,4,0,0_okno_n1
1331644,4,0,0_okno_n5+
1331677,1,1,1_pozaokno_n5+
1331679,2,1,1_pozaokno_n2
1332068,3,0,0_okno_n3-4
1332335,2,0,0_okno_n1
1332676,2,0,0_okno_n1
1332855,0,0,0_okno_n1
1332909,4,0,0_okno_n3-4
1332939,4,0,0_okno_n5+
1332952,3,0,0_okno_n1
1332960,2,0,0_okno_n3-4
1332995,3,0,0_okno_n1
1333097,4,0,0_okno_n1
1333300,2,0,0_okno_n1
1333372,1,0,0_okno_n2
1333427,2,0,0_okno_n1
1333437,0,0,0_okno_n1
1333451,0,0,0_okno_n2
1333460,4,0,0_okno_n1
1333539,2,0,0_okno_n1
1333575,0,0,0_okno_n5+
1333625,3,0,0_okno_n2
1333658,0,0,0_okno_n3-4
1333695,2,0,0_okno_n3-4
1333750,2,0,0_okno_n2
1333892,1,1,1_pozaokno_n5+
1334016,3,0,0_okno_n1
1334033,1,0,0_okno_n1
1334055,4,0,0_okno_n1
1334247,3,0,0_okno_n5+
1334258,3,0,0_okno_n1
1334323,1,0,0_okno_n3-4
1334324,0,0,0_okno_n1
1334496,1,0,0_okno_n1
1334513,1,0,0_okno_n1
1334711,2,0,0_okno_n1
1334734,0,0,0_okno_n1
1334823,2,0,0_okno_n1
1334852,2,1,1_pozaokno_n1
1334867,4,0,0_okno_n1
1334898,0,0,0_okno_n1
1335013,4,0,0_okno_n1
1335255,4,0,0_okno_n1
1335299,4,0,0_okno_n2
1335383,2,0,0_okno_n2
1335388,3,0,0_okno_n1
1335461,2,0,0_okno_n2
1335665,3,0,0_okno_n5+
1335849,1,0,0_okno_n1
1335864,0,0,0_okno_n1
1335947,3,0,0_okno_n1
1335960,1,0,0_okno_n1
1336020,4,1,1_pozaokno_n1
1336054,4,0,0_okno_n1
1336059,1,0,0_okno_n1
1336091,4,0,0_okno_n1
1336108,2,0,0_okno_n2
1336134,3,0,0_okno_n3-4
1336142,1,0,0_okno_n1
1336211,4,0,0_okno_n1
1336213,0,0,0_okno_n2
1336243,3,0,0_okno_n3-4
1336251,4,0,0_okno_n1
1336343,4,0,0_okno_n2
1336399,0,0,0_okno_n1
1336505,3,0,0_okno_n2
1336564,0,0,0_okno_n5+
1336580,0,0,0_okno_n2
1336761,2,0,0_okno_n1
1336854,0,0,0_okno_n2
1336929,4,0,0_okno_n1
1337078,3,0,0_okno_n1
1337140,4,0,0_okno_n2
1337190,3,0,0_okno_n1
1337193,2,0,0_okno_n2
1337265,1,0,0_okno_n1
1337301,0,0,0_okno_n2
1337379,4,0,0_okno_n1
1337381,2,0,0_okno_n3-4
1337525,3,0,0_okno_n5+
1337584,0,0,0_okno_n3-4
1337661,3,0,0_okno_n2
1337790,3,0,0_okno_n1
1337852,2,0,0_okno_n2
1337869,1,0,0_okno_n1
1338020,0,0,0_okno_n1
1338116,2,0,0_okno_n2
1338230,4,0,0_okno_n1
1338290,4,0,0_okno_n1
1338352,4,0,0_okno_n1
1338372,0,0,0_okno_n1
1338373,2,0,0_okno_n3-4
1338462,3,1,1_pozaokno_n3-4
1338484,1,0,0_okno_n1
1338492,0,0,0_okno_n3-4
1338567,0,0,0_okno_n1
1338627,0,0,0_okno_n1
1338786,1,0,0_okno_n1
1338848,2,0,0_okno_n1
1338978,2,0,0_okno_n2
1339123,3,0,0_okno_n1
1339128,3,0,0_okno_n2
1339232,0,0,0_okno_n1
1339299,0,0,0_okno_n2
1339386,4,0,0_okno_n2
1339402,3,0,0_okno_n1
1339505,2,0,0_okno_n1
1339521,1,0,0_okno_n2
1339547,2,0,0_okno_n2
1339594,1,0,0_okno_n2
1339617,3,0,0_okno_n1
1339654,2,0,0_okno_n2
1339706,3,0,0_okno_n3-4
1339724,4,0,0_okno_n1
1339732,1,0,0_okno_n1
1339776,1,0,0_okno_n1
1339798,4,0,0_okno_n1
1339875,0,0,0_okno_n1
1339877,0,0,0_okno_n1
1339915,4,0,0_okno_n5+
1339984,0,0,0_okno_n5+
1340076,4,0,0_okno_n5+
1340231,4,0,0_okno_n1
1340248,3,0,0_okno_n1
1340298,0,0,0_okno_n1
1340347,0,0,0_okno_n3-4
1340388,1,0,0_okno_n1
1340397,2,0,0_okno_n2
1340427,4,0,0_okno_n1
1340469,0,0,0_okno_n3-4
1340501,0,0,0_okno_n1
1340545,2,0,0_okno_n1
1340581,1,0,0_okno_n5+
1340695,3,0,0_okno_n3-4
1340707,1,0,0_okno_n1
1340710,3,0,0_okno_n1
1340935,2,0,0_okno_n1
1341024,0,0,0_okno_n2
1341026,2,0,0_okno_n2
1341064,4,0,0_okno_n1
1341175,0,0,0_okno_n2
1341210,3,0,0_okno_n5+
1341238,2,0,0_okno_n1
1341265,4,0,0_okno_n3-4
1341279,1,0,0_okno_n1
1341299,1,0,0_okno_n1
1341332,2,0,0_okno_n1
1341426,4,0,0_okno_n1
1341477,4,0,0_okno_n3-4
1341524,2,0,0_okno_n1
1341542,3,0,0_okno_n2
1341794,4,0,0_okno_n2
1341867,0,0,0_okno_n3-4
1341918,3,0,0_okno_n1
1341959,0,0,0_okno_n2
1342028,2,0,0_okno_n1
1342120,0,0,0_okno_n1
1342237,2,0,0_okno_n2
1342348,0,0,0_okno_n2
1342487,0,0,0_okno_n2
1342556,1,0,0_okno_n3-4
1342682,2,0,0_okno_n1
1342779,3,0,0_okno_n1
1342789,4,0,0_okno_n1
1342867,1,0,0_okno_n2
1342982,0,0,0_okno_n2
1342995,1,0,0_okno_n1
1343003,4,0,0_okno_n1
1343077,3,0,0_okno_n3-4
1343176,0,0,0_okno_n1
1343183,0,0,0_okno_n1
1343332,0,0,0_okno_n1
1343385,4,0,0_okno_n2
1343390,2,0,0_okno_n1
1343456,4,0,0_okno_n1
1343467,4,0,0_okno_n3-4
1343626,0,0,0_okno_n2
1343685,0,0,0_okno_n2
1343688,3,0,0_okno_n2
1343833,0,0,0_okno_n3-4
1343839,3,1,1_pozaokno_n3-4
1343843,4,0,0_okno_n3-4
1343903,2,0,0_okno_n1
1343963,0,0,0_okno_n1
1343995,4,0,0_okno_n1
1344112,2,0,0_okno_n3-4
1344127,0,0,0_okno_n1
1344130,4,0,0_okno_n3-4
1344256,0,0,0_okno_n1
1344488,0,0,0_okno_n3-4
1344574,1,0,0_okno_n1
1344687,0,0,0_okno_n1
1344716,4,0,0_okno_n1
1344768,0,0,0_okno_n1
1344840,3,0,0_okno_n1
1344841,4,0,0_okno_n2
1344844,4,0,0_okno_n1
1344860,4,0,0_okno_n2
1344887,0,0,0_okno_n1
1344892,1,0,0_okno_n1
1344912,4,0,0_okno_n1
1344976,3,0,0_okno_n1
1344991,2,0,0_okno_n2
1345049,3,0,0_okno_n1
1345061,1,0,0_okno_n1
1345067,2,0,0_okno_n1
1345146,3,0,0_okno_n1
1345292,1,0,0_okno_n1
1345297,1,0,0_okno_n2
1345357,0,0,0_okno_n2
1345376,0,0,0_okno_n5+
1345494,0,0,0_okno_n1
1345556,4,0,0_okno_n2
1345560,4,0,0_okno_n1
1345703,3,0,0_okno_n1
1345778,4,0,0_okno_n1
1345780,3,0,0_okno_n1
1345906,3,0,0_okno_n1
1345976,2,0,0_okno_n1
1346048,3,0,0_okno_n2
1346109,2,0,0_okno_n5+
1346116,3,0,0_okno_n1
1346234,0,0,0_okno_n2
1346326,3,0,0_okno_n2
1346371,1,0,0_okno_n1
1346442,2,0,0_okno_n2
1346533,1,0,0_okno_n2
1346729,0,0,0_okno_n2
1346744,3,0,0_okno_n1
1346832,4,0,0_okno_n1
1346879,2,0,0_okno_n1
1346936,4,0,0_okno_n1
1347039,3,0,0_okno_n2
1347160,3,0,0_okno_n3-4
1347239,3,0,0_okno_n2
1347251,0,0,0_okno_n1
1347335,4,0,0_okno_n1
1347414,1,0,0_okno_n2
1347473,2,0,0_okno_n1
1347567,1,0,0_okno_n1
1347663,1,0,0_okno_n3-4
1347834,2,1,1_pozaokno_n1
1347883,2,0,0_okno_n1
1347965,3,0,0_okno_n1
1348004,4,0,0_okno_n1
1348031,0,0,0_okno_n3-4
1348068,0,0,0_okno_n1
1348126,2,0,0_okno_n1
1348197,4,0,0_okno_n1
1348297,1,0,0_okno_n1
1348344,1,0,0_okno_n3-4
1348349,4,0,0_okno_n1
1348363,4,0,0_okno_n1
1348367,0,0,0_okno_n1
1348417,3,0,0_okno_n2
1348433,1,0,0_okno_n1
1348630,1,0,0_okno_n1
1348842,2,0,0_okno_n3-4
1348844,1,0,0_okno_n1
1348857,4,0,0_okno_n2
1348865,2,0,0_okno_n3-4
1348878,0,0,0_okno_n5+
1348912,2,0,0_okno_n1
1348922,2,0,0_okno_n1
1349056,0,0,0_okno_n2
1349061,3,0,0_okno_n1
1349213,2,0,0_okno_n1
1349338,4,0,0_okno_n2
1349370,2,0,0_okno_n1
1349429,0,0,0_okno_n1
1349501,2,0,0_okno_n2
1349607,2,0,0_okno_n1
1349820,0,0,0_okno_n2
1349890,4,0,0_okno_n1
1350042,4,0,0_okno_n2
1350052,1,0,0_okno_n2
1350226,1,0,0_okno_n1
1350354,3,0,0_okno_n1
1350626,0,0,0_okno_n2
1350628,2,0,0_okno_n1
1350664,3,0,0_okno_n3-4
1350830,3,0,0_okno_n1
1350893,2,1,1_pozaokno_n5+
1350952,2,0,0_okno_n1
1350961,0,0,0_okno_n1
1350993,3,0,0_okno_n1
1351081,3,0,0_okno_n1
1351172,4,0,0_okno_n1
1351199,3,0,0_okno_n1
1351220,0,0,0_okno_n1
1351239,1,0,0_okno_n1
1351253,0,0,0_okno_n2
1351347,4,0,0_okno_n1
1351352,0,0,0_okno_n2
1351429,4,0,0_okno_n3-4
1351449,2,0,0_okno_n3-4
1351451,0,0,0_okno_n2
1351653,2,0,0_okno_n3-4
1351737,3,0,0_okno_n2
1351788,4,0,0_okno_n1
1351855,0,0,0_okno_n1
1352005,0,0,0_okno_n1
1352023,2,0,0_okno_n5+
1352090,1,0,0_okno_n1
1352091,1,0,0_okno_n1
1352099,4,0,0_okno_n1
1352151,4,0,0_okno_n5+
1352252,1,0,0_okno_n2
1352609,4,0,0_okno_n1
1352663,0,0,0_okno_n1
1352856,0,0,0_okno_n2
1352909,3,0,0_okno_n2
1352969,0,0,0_okno_n1
1353070,4,0,0_okno_n1
1353097,2,0,0_okno_n3-4
1353110,0,0,0_okno_n1
1353191,4,0,0_okno_n1
1353335,0,0,0_okno_n1
1353408,2,0,0_okno_n1
1353417,3,0,0_okno_n2
1353504,2,0,0_okno_n1
1353646,2,0,0_okno_n1
1353659,2,0,0_okno_n1
1353715,0,1,1_pozaokno_n5+
1353802,1,0,0_okno_n3-4
1353812,2,0,0_okno_n1
1353826,2,0,0_okno_n1
1353956,1,0,0_okno_n3-4
1353988,1,0,0_okno_n2
1354000,1,0,0_okno_n3-4
1354113,1,0,0_okno_n2
1354139,4,0,0_okno_n1
1354299,3,0,0_okno_n5+
1354346,4,0,0_okno_n1
1354488,2,0,0_okno_n1
1354512,2,0,0_okno_n2
1354549,0,0,0_okno_n1
1354709,1,0,0_okno_n1
1354762,2,0,0_okno_n3-4
1354922,2,0,0_okno_n1
1354997,4,0,0_okno_n3-4
1355097,0,0,0_okno_n2
1355150,1,0,0_okno_n5+
1355345,0,0,0_okno_n3-4
1355363,2,0,0_okno_n1
1355675,3,0,0_okno_n1
1355719,1,0,0_okno_n3-4
1355808,0,0,0_okno_n2
1355828,4,0,0_okno_n2
1356003,4,0,0_okno_n1
1356206,1,0,0_okno_n1
1356282,1,0,0_okno_n2
1356359,4,0,0_okno_n1
1356369,0,0,0_okno_n1
1356436,4,0,0_okno_n2
1356437,1,0,0_okno_n2
1356544,0,0,0_okno_n1
1356672,1,0,0_okno_n5+
1356707,1,1,1_pozaokno_n1
1356746,1,0,0_okno_n2
1356780,2,0,0_okno_n2
1356827,4,0,0_okno_n2
1356835,1,0,0_okno_n1
1356982,0,0,0_okno_n5+
1357003,4,0,0_okno_n1
1357013,1,0,0_okno_n1
1357030,1,1,1_pozaokno_n3-4
1357079,3,1,1_pozaokno_n2
1357142,1,0,0_okno_n1
1357459,3,0,0_okno_n1
1357504,2,0,0_okno_n2
1357704,3,0,0_okno_n1
1357852,2,0,0_okno_n2
1358007,2,0,0_okno_n2
1358085,3,0,0_okno_n1
1358113,4,0,0_okno_n5+
1358142,1,0,0_okno_n5+
1358227,0,0,0_okno_n1
1358378,0,0,0_okno_n2
1358394,3,0,0_okno_n2
1358438,1,0,0_okno_n1
1358483,2,0,0_okno_n2
1358488,0,0,0_okno_n1
1358683,4,0,0_okno_n1
1358762,3,0,0_okno_n3-4
1358936,2,0,0_okno_n3-4
1359027,4,0,0_okno_n1
1359080,3,0,0_okno_n1
1359109,0,0,0_okno_n1
1359245,2,0,0_okno_n1
1359259,3,0,0_okno_n1
1359314,4,0,0_okno_n1
1359404,0,0,0_okno_n1
1359461,1,0,0_okno_n1
1359498,3,0,0_okno_n5+
1359500,1,0,0_okno_n1
1359628,1,0,0_okno_n3-4
1359646,1,0,0_okno_n3-4
1359675,4,0,0_okno_n2
1359910,0,0,0_okno_n1
1359941,4,0,0_okno_n2
1360101,1,0,0_okno_n1
1360105,2,0,0_okno_n5+
1360144,1,0,0_okno_n1
1360281,2,0,0_okno_n2
1360492,2,0,0_okno_n1
1360566,0,0,0_okno_n2
1360579,4,0,0_okno_n1
1360610,0,1,1_pozaokno_n5+
1360663,0,0,0_okno_n1
1360773,2,0,0_okno_n1
1360800,2,0,0_okno_n1
1360814,0,0,0_okno_n1
1360815,3,0,0_okno_n2
1361040,4,0,0_okno_n1
1361089,1,0,0_okno_n1
1361094,0,0,0_okno_n1
1361159,4,0,0_okno_n2
1361333,4,0,0_okno_n2
1361442,1,0,0_okno_n1
1361471,2,0,0_okno_n1
1361500,4,0,0_okno_n1
1361548,0,0,0_okno_n1
1361697,2,0,0_okno_n2
1361751,2,0,0_okno_n1
1361852,2,0,0_okno_n1
1361918,3,0,0_okno_n1
1361991,2,0,0_okno_n2
1362000,4,0,0_okno_n2
1362216,1,0,0_okno_n1
1362286,2,1,1_pozaokno_n1
1362294,4,0,0_okno_n1
1362313,3,0,0_okno_n2
1362324,3,0,0_okno_n1
1362349,2,0,0_okno_n1
1362352,0,0,0_okno_n3-4
1362378,4,0,0_okno_n1
1362426,0,0,0_okno_n2
1362553,1,0,0_okno_n1
1362588,1,0,0_okno_n1
1362596,4,0,0_okno_n5+
1362684,0,0,0_okno_n3-4
1362705,2,0,0_okno_n3-4
1362747,3,0,0_okno_n1
1362753,1,0,0_okno_n1
1362842,0,0,0_okno_n1
1362861,4,0,0_okno_n3-4
1362890,1,0,0_okno_n3-4
1363081,1,0,0_okno_n2
1363112,3,0,0_okno_n1
1363136,1,0,0_okno_n1
1363193,2,0,0_okno_n1
1363254,0,0,0_okno_n1
1363422,0,0,0_okno_n1
1363493,3,0,0_okno_n2
1363499,3,0,0_okno_n1
1363590,4,0,0_okno_n1
1363619,4,0,0_okno_n1
1363686,2,0,0_okno_n1
1363853,2,0,0_okno_n1
1363870,0,0,0_okno_n3-4
1363959,1,0,0_okno_n3-4
1364375,4,0,0_okno_n1
1364402,0,0,0_okno_n1
1364443,1,0,0_okno_n1
1364472,2,0,0_okno_n1
1364501,0,0,0_okno_n1
1364633,4,0,0_okno_n1
1364655,0,0,0_okno_n1
1364688,1,0,0_okno_n1
1364803,3,0,0_okno_n1
1364814,0,0,0_okno_n3-4
1364819,1,0,0_okno_n5+
1364991,1,0,0_okno_n1
1365021,4,0,0_okno_n3-4
1365267,1,0,0_okno_n2
1365302,4,0,0_okno_n1
1365342,4,0,0_okno_n2
1365445,1,0,0_okno_n1
1365502,3,0,0_okno_n1
1365531,4,0,0_okno_n2
1365544,3,0,0_okno_n1
1365652,4,0,0_okno_n2
1365719,4,0,0_okno_n2
1365726,2,0,0_okno_n5+
1365731,3,0,0_okno_n2
1365739,4,0,0_okno_n2
1365989,1,0,0_okno_n3-4
1366051,0,0,0_okno_n1
1366141,4,0,0_okno_n1
1366196,3,0,0_okno_n2
1366321,2,0,0_okno_n1
1366341,0,0,0_okno_n1
1366480,2,1,1_pozaokno_n3-4
1366554,2,0,0_okno_n1
1366634,3,0,0_okno_n1
1367059,1,0,0_okno_n2
1367229,2,0,0_okno_n3-4
1367268,4,0,0_okno_n2
1367403,1,0,0_okno_n1
1367556,3,0,0_okno_n1
1367559,0,0,0_okno_n2
1367617,1,0,0_okno_n1
1367627,0,0,0_okno_n5+
1367655,4,0,0_okno_n2
1367675,2,0,0_okno_n3-4
1367745,4,0,0_okno_n1
1367772,0,0,0_okno_n1
1367834,2,0,0_okno_n1
1367850,3,0,0_okno_n1
1367910,2,0,0_okno_n1
1367961,2,0,0_okno_n1
1367965,2,0,0_okno_n1
1368016,0,0,0_okno_n3-4
1368032,0,0,0_okno_n1
1368044,0,1,1_okno_n1
1368083,1,0,0_okno_n1
1368113,0,0,0_okno_n1
1368154,0,1,1_pozaokno_n2
1368181,0,0,0_okno_n1
1368208,1,0,0_okno_n5+
1368269,4,1,1_pozaokno_n5+
1368312,1,0,0_okno_n3-4
1368466,1,0,0_okno_n3-4
1368548,1,0,0_okno_n1
1368586,2,0,0_okno_n1
1368628,2,0,0_okno_n2
1368674,3,0,0_okno_n2
1368677,0,0,0_okno_n1
1368721,2,0,0_okno_n1
1368878,3,0,0_okno_n1
1368918,2,0,0_okno_n1
1368929,1,0,0_okno_n1
1368951,3,0,0_okno_n1
1368974,2,0,0_okno_n1
1368991,4,1,1_pozaokno_n2
1368996,3,0,0_okno_n2
1369287,4,1,1_pozaokno_n3-4
1369384,4,0,0_okno_n2
1369393,0,0,0_okno_n3-4
1369476,3,0,0_okno_n1
1369514,1,0,0_okno_n1
1369562,3,1,1_pozaokno_n2
1369568,1,0,0_okno_n2
1369633,0,0,0_okno_n1
1369670,2,0,0_okno_n1
1369911,2,0,0_okno_n1
1369934,1,0,0_okno_n1
1369948,0,0,0_okno_n1
1369955,0,0,0_okno_n3-4
1370055,2,0,0_okno_n3-4
1370067,0,1,1_pozaokno_n1
1370094,1,0,0_okno_n1
1370126,3,0,0_okno_n5+
1370140,1,0,0_okno_n1
1370148,2,0,0_okno_n1
1370257,4,0,0_okno_n2
1370291,1,0,0_okno_n2
1370295,1,0,0_okno_n1
1370309,3,0,0_okno_n2
1370340,2,0,0_okno_n1
1370400,0,0,0_okno_n2
1370407,1,0,0_okno_n1
1370564,3,1,1_pozaokno_n1
1370628,2,0,0_okno_n2
1370730,1,0,0_okno_n2
1370779,0,0,0_okno_n2
1370804,0,1,1_pozaokno_n1
1370813,0,0,0_okno_n1
1370833,1,0,0_okno_n1
1370886,4,0,0_okno_n3-4
1370939,1,0,0_okno_n1
1371033,1,0,0_okno_n1
1371044,2,0,0_okno_n1
1371277,4,0,0_okno_n1
1371405,0,0,0_okno_n1
1371412,1,0,0_okno_n2
1371428,0,0,0_okno_n1
1371449,2,0,0_okno_n1
1371503,3,0,0_okno_n1
1371602,1,0,0_okno_n1
1371795,2,0,0_okno_n1
1371801,0,0,0_okno_n3-4
1371877,1,0,0_okno_n1
1371878,3,0,0_okno_n1
1372009,2,0,0_okno_n2
1372053,1,0,0_okno_n2
1372095,3,0,0_okno_n2
1372554,3,0,0_okno_n1
1372570,4,0,0_okno_n1
1372589,3,0,0_okno_n2
1372620,1,0,0_okno_n2
1372697,0,0,0_okno_n1
1372721,4,0,0_okno_n1
1372803,3,1,1_pozaokno_n2
1372862,4,0,0_okno_n1
1372909,2,0,0_okno_n3-4
1372927,4,0,0_okno_n2
1372947,3,0,0_okno_n2
1373048,3,0,0_okno_n3-4
1373057,1,0,0_okno_n1
1373150,4,0,0_okno_n1
1373158,4,0,0_okno_n1
1373169,0,0,0_okno_n1
1373223,3,0,0_okno_n5+
1373225,4,0,0_okno_n1
1373230,0,0,0_okno_n1
1373277,2,0,0_okno_n2
1373385,1,0,0_okno_n3-4
1373409,1,1,1_pozaokno_n2
1373433,4,0,0_okno_n3-4
1373604,3,0,0_okno_n1
1373633,2,0,0_okno_n2
1373655,2,0,0_okno_n1
1373693,0,0,0_okno_n3-4
1373717,2,0,0_okno_n1
1373728,4,0,0_okno_n1
1373738,2,0,0_okno_n3-4
1373748,4,0,0_okno_n1
1373811,4,0,0_okno_n1
1373815,0,0,0_okno_n1
1373882,2,0,0_okno_n1
1373915,1,0,0_okno_n1
1373941,4,0,0_okno_n1
1373978,2,0,0_okno_n1
1374023,3,0,0_okno_n1
1374069,2,0,0_okno_n3-4
1374538,4,0,0_okno_n1
1374544,2,1,1_pozaokno_n5+
1374596,4,0,0_okno_n1
1374618,1,1,1_pozaokno_n5+
1374628,1,1,1_pozaokno_n1
1374703,4,0,0_okno_n2
1374723,1,0,0_okno_n1
1374727,1,0,0_okno_n1
1374739,2,0,0_okno_n3-4
1374754,3,0,0_okno_n3-4
1374782,4,0,0_okno_n1
1374783,4,0,0_okno_n1
1374784,1,0,0_okno_n2
1374792,3,0,0_okno_n5+
1374842,2,0,0_okno_n5+
1374992,3,1,1_pozaokno_n2
1375049,1,0,0_okno_n1
1375093,2,0,0_okno_n1
1375180,0,0,0_okno_n1
1375242,2,0,0_okno_n3-4
1375285,1,0,0_okno_n1
1375299,4,0,0_okno_n2
1375306,3,0,0_okno_n1
1375325,4,0,0_okno_n1
1375357,2,0,0_okno_n3-4
1375485,2,0,0_okno_n1
1375489,4,0,0_okno_n1
1375524,0,0,0_okno_n1
1375572,0,0,0_okno_n3-4
1375636,3,0,0_okno_n2
1375800,2,0,0_okno_n1
1375826,4,0,0_okno_n1
1375848,3,0,0_okno_n2
1375888,3,0,0_okno_n1
1375952,3,0,0_okno_n1
1376012,4,0,0_okno_n1
1376061,1,0,0_okno_n2
1376081,1,0,0_okno_n1
1376189,0,0,0_okno_n1
1376250,2,0,0_okno_n1
1376646,1,0,0_okno_n3-4
1376665,2,0,0_okno_n3-4
1376682,1,0,0_okno_n1
1376695,1,0,0_okno_n1
1376789,3,0,0_okno_n2
1376800,2,0,0_okno_n5+
1376926,4,0,0_okno_n1
1376952,2,0,0_okno_n1
1376994,3,0,0_okno_n3-4
1377031,4,0,0_okno_n3-4
1377095,1,0,0_okno_n1
1377102,1,0,0_okno_n1
1377145,4,0,0_okno_n1
1377217,4,0,0_okno_n1
1377226,2,0,0_okno_n2
1377242,3,0,0_okno_n3-4
1377333,0,0,0_okno_n2
1377370,1,0,0_okno_n2
1377467,0,0,0_okno_n1
1377613,4,1,1_pozaokno_n2
1377785,2,0,0_okno_n3-4
1377860,4,0,0_okno_n1
1377866,3,0,0_okno_n2
1377919,1,0,0_okno_n3-4
1377945,4,0,0_okno_n1
1377966,0,0,0_okno_n2
1378093,1,0,0_okno_n1
1378232,3,0,0_okno_n3-4
1378233,0,0,0_okno_n1
1378236,0,0,0_okno_n1
1378248,1,0,0_okno_n1
1378290,0,0,0_okno_n1
1378573,0,0,0_okno_n2
1378630,2,0,0_okno_n2
1378711,2,0,0_okno_n1
1378733,1,0,0_okno_n5+
1378794,4,0,0_okno_n5+
1378859,4,0,0_okno_n2
1378982,1,0,0_okno_n2
1379068,1,0,0_okno_n3-4
1379118,4,0,0_okno_n1
1379119,1,0,0_okno_n1
1379122,4,0,0_okno_n1
1379161,3,0,0_okno_n1
1379205,3,0,0_okno_n1
1379303,3,0,0_okno_n1
1379314,4,0,0_okno_n1
1379371,4,0,0_okno_n2
1379459,2,0,0_okno_n2
1379480,1,0,0_okno_n2
1379482,0,0,0_okno_n3-4
1379518,3,1,1_pozaokno_n2
1379597,1,0,0_okno_n5+
1379611,2,0,0_okno_n2
1379670,0,0,0_okno_n1
1379772,0,0,0_okno_n5+
1379805,1,0,0_okno_n1
1379921,2,0,0_okno_n2
1379928,2,0,0_okno_n1
1380042,2,0,0_okno_n3-4
1380062,0,0,0_okno_n1
1380149,1,0,0_okno_n1
1380189,1,0,0_okno_n1
1380195,0,0,0_okno_n3-4
1380196,0,0,0_okno_n1
1380198,0,0,0_okno_n1
1380219,4,0,0_okno_n1
1380240,1,0,0_okno_n1
1380245,1,0,0_okno_n1
1380260,2,0,0_okno_n3-4
1380297,0,0,0_okno_n1
1380320,0,0,0_okno_n3-4
1380509,0,0,0_okno_n1
1380635,3,0,0_okno_n1
1380692,4,0,0_okno_n1
1380741,2,0,0_okno_n5+
1380782,2,0,0_okno_n2
1380822,2,0,0_okno_n2
1380913,2,0,0_okno_n3-4
1380914,4,0,0_okno_n3-4
1380915,4,0,0_okno_n2
1381002,1,0,0_okno_n5+
1381022,0,0,0_okno_n1
1381077,3,0,0_okno_n1
1381143,2,0,0_okno_n5+
1381230,0,0,0_okno_n2
1381242,0,0,0_okno_n1
1381273,2,0,0_okno_n2
1381274,2,0,0_okno_n1
1381276,0,1,1_pozaokno_n5+
1381305,3,0,0_okno_n2
1381314,2,0,0_okno_n1
1381329,1,0,0_okno_n1
1381404,1,0,0_okno_n1
1381411,1,0,0_okno_n1
1381431,0,0,0_okno_n1
1381464,4,0,0_okno_n2
1381509,0,0,0_okno_n3-4
1381575,3,0,0_okno_n1
1381626,3,0,0_okno_n1
1381652,4,0,0_okno_n1
1381656,0,0,0_okno_n1
1381679,3,0,0_okno_n2
1381728,4,0,0_okno_n2
1381745,3,0,0_okno_n5+
1381785,1,0,0_okno_n1
1381894,4,1,1_pozaokno_n1
1381942,3,0,0_okno_n1
1381959,3,0,0_okno_n3-4
1381975,2,0,0_okno_n1
1382034,1,0,0_okno_n3-4
1382118,2,0,0_okno_n1
1382153,3,0,0_okno_n5+
1382260,0,0,0_okno_n2
1382271,3,0,0_okno_n2
1382299,3,0,0_okno_n1
1382386,2,0,0_okno_n5+
1382406,2,0,0_okno_n3-4
1382446,1,0,0_okno_n2
1382538,1,0,0_okno_n3-4
1382548,4,0,0_okno_n1
1382613,4,0,0_okno_n1
1382668,1,0,0_okno_n1
1382791,1,0,0_okno_n1
1382875,4,0,0_okno_n1
1382908,1,0,0_okno_n2
1382978,0,0,0_okno_n1
1383081,3,0,0_okno_n1
1383188,3,0,0_okno_n1
1383262,1,0,0_okno_n5+
1383274,1,0,0_okno_n1
1383420,2,0,0_okno_n3-4
1383673,1,0,0_okno_n1
1383710,2,0,0_okno_n1
1383730,2,0,0_okno_n1
1383780,3,0,0_okno_n1
1383816,2,0,0_okno_n2
1383854,2,0,0_okno_n3-4
1383949,2,0,0_okno_n2
1383964,0,0,0_okno_n1
1384005,2,0,0_okno_n1
1384064,4,0,0_okno_n1
1384098,0,0,0_okno_n1
1384148,4,0,0_okno_n1
1384381,0,0,0_okno_n1
1384410,1,0,0_okno_n1
1384501,1,0,0_okno_n1
1384512,0,0,0_okno_n2
1384516,3,0,0_okno_n3-4
1384519,3,0,0_okno_n1
1384561,4,1,1_pozaokno_n1
1384589,4,0,0_okno_n2
1384609,2,0,0_okno_n1
1384737,0,0,0_okno_n1
1384752,4,0,0_okno_n3-4
1384799,4,0,0_okno_n3-4
1384835,2,0,0_okno_n3-4
1384860,3,1,1_pozaokno_n5+
1384861,0,0,0_okno_n3-4
1384899,3,0,0_okno_n1
1384908,1,0,0_okno_n3-4
1384934,2,0,0_okno_n1
1384948,0,0,0_okno_n3-4
1385092,1,0,0_okno_n2
1385234,2,1,1_pozaokno_n5+
1385239,3,0,0_okno_n1
1385244,2,0,0_okno_n3-4
1385250,4,0,0_okno_n5+
1385370,1,0,0_okno_n5+
1385439,3,0,0_okno_n1
1385542,4,0,0_okno_n1
1385567,3,0,0_okno_n1
1385605,1,0,0_okno_n2
1385627,3,0,0_okno_n1
1385652,1,0,0_okno_n1
1385898,2,0,0_okno_n1
1385909,0,0,0_okno_n3-4
1385922,3,0,0_okno_n3-4
1385932,1,0,0_okno_n1
1386002,4,0,0_okno_n3-4
1386012,4,0,0_okno_n2
1386092,3,1,1_pozaokno_n2
1386120,2,0,0_okno_n1
1386242,4,0,0_okno_n2
1386297,4,0,0_okno_n5+
1386305,3,1,1_pozaokno_n5+
1386407,2,0,0_okno_n1
1386457,4,0,0_okno_n2
1386510,4,0,0_okno_n1
1386581,1,0,0_okno_n1
1386637,3,0,0_okno_n1
1386668,4,0,0_okno_n1
1386696,3,0,0_okno_n1
1386700,3,0,0_okno_n1
1386701,4,0,0_okno_n1
1386706,2,0,0_okno_n1
1386735,0,0,0_okno_n2
1386741,4,0,0_okno_n1
1386779,1,0,0_okno_n1
1386843,4,0,0_okno_n1
1386932,0,0,0_okno_n1
1386942,4,0,0_okno_n1
1387084,0,0,0_okno_n1
1387102,0,0,0_okno_n2
1387106,3,1,1_pozaokno_n2
1387111,2,0,0_okno_n3-4
1387225,0,0,0_okno_n1
1387260,1,0,0_okno_n1
1387269,3,0,0_okno_n5+
1387272,0,1,1_pozaokno_n5+
1387292,3,0,0_okno_n1
1387293,1,0,0_okno_n1
1387351,3,0,0_okno_n1
1387353,4,0,0_okno_n1
1387376,4,0,0_okno_n1
1387496,1,0,0_okno_n1
1387550,1,0,0_okno_n2
1387607,2,0,0_okno_n1
1387625,4,1,1_okno_n1
1387677,2,0,0_okno_n1
1387752,3,0,0_okno_n1
1387758,1,0,0_okno_n1
1387766,1,0,0_okno_n2
1387792,3,0,0_okno_n1
1388001,1,0,0_okno_n1
1388035,1,0,0_okno_n1
1388038,3,0,0_okno_n5+
1388048,1,0,0_okno_n3-4
1388055,1,0,0_okno_n1
1388060,3,0,0_okno_n2
1388068,1,0,0_okno_n1
1388090,4,0,0_okno_n2
1388092,2,0,0_okno_n1
1388102,4,0,0_okno_n1
1388114,4,0,0_okno_n2
1388122,3,0,0_okno_n5+
1388124,4,0,0_okno_n1
1388143,3,0,0_okno_n2
1388318,4,0,0_okno_n1
1388327,3,0,0_okno_n1
1388328,2,0,0_okno_n1
1388395,1,0,0_okno_n3-4
1388396,1,0,0_okno_n3-4
1388499,0,0,0_okno_n2
1388571,3,0,0_okno_n2
1388617,3,1,1_pozaokno_n3-4
1388668,1,0,0_okno_n1
1388722,1,0,0_okno_n2
1388857,1,1,1_pozaokno_n2
1388879,1,0,0_okno_n2
1388963,4,0,0_okno_n1
1389013,3,0,0_okno_n2
1389024,1,0,0_okno_n1
1389043,1,0,0_okno_n1
1389070,1,0,0_okno_n1
1389087,4,0,0_okno_n3-4
1389180,0,0,0_okno_n2
1389279,1,0,0_okno_n3-4
1389305,3,0,0_okno_n1
1389378,4,0,0_okno_n1
1389425,2,0,0_okno_n1
1389549,3,0,0_okno_n1
1389568,0,0,0_okno_n1
1389579,0,0,0_okno_n1
1389661,3,0,0_okno_n5+
1389718,3,0,0_okno_n2
1389773,2,1,1_pozaokno_n2
1389788,1,0,0_okno_n1
1389840,3,0,0_okno_n2
1389884,3,0,0_okno_n1
1389902,1,0,0_okno_n1
1390040,1,0,0_okno_n5+
1390110,2,0,0_okno_n1
1390126,0,1,1_pozaokno_n3-4
1390132,4,0,0_okno_n3-4
1390154,4,0,0_okno_n2
1390182,4,0,0_okno_n1
1390211,1,0,0_okno_n1
1390230,3,0,0_okno_n3-4
1390232,0,0,0_okno_n1
1390247,1,0,0_okno_n1
1390260,0,0,0_okno_n1
1390293,3,1,1_pozaokno_n5+
1390368,1,0,0_okno_n5+
1390423,3,0,0_okno_n3-4
1390428,4,0,0_okno_n1
1390493,2,0,0_okno_n1
1390561,2,0,0_okno_n1
1390646,0,0,0_okno_n1
1390718,2,0,0_okno_n5+
1390772,2,0,0_okno_n1
1390823,3,0,0_okno_n1
1391344,4,0,0_okno_n1
1391347,1,0,0_okno_n2
1391414,2,0,0_okno_n1
1391492,0,0,0_okno_n2
1391504,1,0,0_okno_n5+
1391591,0,0,0_okno_n2
1391656,1,0,0_okno_n2
1391782,1,0,0_okno_n1
1391817,3,0,0_okno_n3-4
1391950,2,0,0_okno_n1
1392057,4,0,0_okno_n1
1392102,0,0,0_okno_n1
1392123,3,0,0_okno_n5+
1392146,3,0,0_okno_n1
1392159,3,0,0_okno_n3-4
1392261,4,0,0_okno_n2
1392341,3,1,1_pozaokno_n2
1392387,4,0,0_okno_n5+
1392396,1,0,0_okno_n1
1392454,2,0,0_okno_n1
1392509,4,0,0_okno_n1
1392512,1,0,0_okno_n1
1392560,4,0,0_okno_n2
1392612,1,0,0_okno_n3-4
1392621,1,0,0_okno_n1
1392683,0,0,0_okno_n2
1392690,0,0,0_okno_n1
1392865,3,0,0_okno_n2
1392913,1,0,0_okno_n1
1392976,0,0,0_okno_n2
1393051,2,0,0_okno_n1
1393119,1,0,0_okno_n1
1393158,4,0,0_okno_n2
1393167,3,0,0_okno_n3-4
1393292,1,0,0_okno_n5+
1393414,1,0,0_okno_n2
1393494,3,0,0_okno_n3-4
1393507,0,0,0_okno_n1
1393579,4,0,0_okno_n3-4
1393584,3,0,0_okno_n1
1393611,4,0,0_okno_n5+
1393757,0,0,0_okno_n1
1393784,0,0,0_okno_n2
1393786,3,0,0_okno_n1
1393874,0,0,0_okno_n1
1394021,1,0,0_okno_n3-4
1394145,4,0,0_okno_n5+
1394178,0,0,0_okno_n3-4
1394238,1,0,0_okno_n1
1394291,1,0,0_okno_n1
1394320,1,0,0_okno_n2
1394418,2,0,0_okno_n2
1394479,2,0,0_okno_n2
1394625,2,0,0_okno_n1
1394640,1,0,0_okno_n1
1394645,4,0,0_okno_n2
1394793,3,0,0_okno_n2
1394819,0,0,0_okno_n1
1394877,1,0,0_okno_n1
1395013,4,1,1_pozaokno_n1
1395171,0,0,0_okno_n1
1395308,2,0,0_okno_n1
1395433,3,0,0_okno_n1
1395551,4,0,0_okno_n1
1395562,1,0,0_okno_n2
1395566,2,0,0_okno_n2
1395824,4,0,0_okno_n3-4
1395833,2,0,0_okno_n1
1395893,1,0,0_okno_n1
1395898,3,0,0_okno_n2
1395919,4,0,0_okno_n3-4
1395929,3,0,0_okno_n1
1396008,1,0,0_okno_n2
1396014,4,0,0_okno_n2
1396206,4,0,0_okno_n2
1396333,2,0,0_okno_n1
1396430,3,0,0_okno_n3-4
1396492,1,0,0_okno_n1
1396493,3,0,0_okno_n2
1396655,1,0,0_okno_n5+
1396891,4,0,0_okno_n1
1397021,0,0,0_okno_n1
1397061,4,0,0_okno_n1
1397070,0,0,0_okno_n1
1397082,2,0,0_okno_n1
1397087,0,0,0_okno_n1
1397280,3,0,0_okno_n1
1397302,0,1,1_pozaokno_n2
1397317,3,0,0_okno_n5+
1397327,3,0,0_okno_n1
1397362,0,0,0_okno_n3-4
1397366,0,0,0_okno_n2
1397389,4,0,0_okno_n2
1397437,0,1,1_pozaokno_n2
1397497,1,0,0_okno_n1
1397619,1,0,0_okno_n1
1397750,0,0,0_okno_n1
1397755,3,0,0_okno_n1
1397799,3,0,0_okno_n2
1397809,0,0,0_okno_n3-4
1397839,2,0,0_okno_n1
1397950,3,0,0_okno_n1
1398074,2,0,0_okno_n3-4
1398083,4,1,1_pozaokno_n5+
1398128,0,0,0_okno_n1
1398219,3,0,0_okno_n2
1398221,1,0,0_okno_n2
1398224,0,1,1_pozaokno_n2
1398297,2,0,0_okno_n1
1398316,1,0,0_okno_n5+
1398321,4,0,0_okno_n1
1398327,3,0,0_okno_n5+
1398343,3,0,0_okno_n2
1398465,0,0,0_okno_n1
1398563,0,0,0_okno_n1
1398630,3,0,0_okno_n1
1398687,2,0,0_okno_n2
1398705,1,0,0_okno_n1
1398852,2,0,0_okno_n1
1398922,2,0,0_okno_n3-4
1398930,0,0,0_okno_n2
1398993,0,0,0_okno_n5+
1399041,4,0,0_okno_n1
1399057,3,0,0_okno_n3-4
1399070,0,0,0_okno_n3-4
1399145,3,0,0_okno_n1
1399179,2,0,0_okno_n1
1399261,0,0,0_okno_n2
1399270,1,0,0_okno_n1
1399407,2,0,0_okno_n2
1399443,1,0,0_okno_n1
1399558,2,0,0_okno_n2
1399605,3,0,0_okno_n3-4
1399611,0,1,1_pozaokno_n2
1399644,1,0,0_okno_n5+
1399711,3,0,0_okno_n2
1399745,4,0,0_okno_n3-4
1399791,2,0,0_okno_n1
1399825,4,0,0_okno_n1
1399836,0,0,0_okno_n1
1399842,4,0,0_okno_n3-4
1399857,2,0,0_okno_n1
1399877,3,0,0_okno_n2
1399882,4,0,0_okno_n1
1399890,1,0,0_okno_n1
1399981,0,1,1_pozaokno_n2
1400159,2,0,0_okno_n1
1400187,4,1,1_pozaokno_n1
1400207,1,0,0_okno_n3-4
1400268,0,0,0_okno_n1
1400349,3,0,0_okno_n3-4
1400382,3,0,0_okno_n3-4
1400384,2,0,0_okno_n2
1400390,2,0,0_okno_n5+
1400402,0,0,0_okno_n1
1400414,0,0,0_okno_n1
1400420,0,0,0_okno_n1
1400447,0,0,0_okno_n2
1400470,3,0,0_okno_n1
1400514,2,0,0_okno_n1
1400528,3,1,1_pozaokno_n2
1400747,1,0,0_okno_n1
1400862,2,0,0_okno_n1
1400919,3,0,0_okno_n2
1401084,4,0,0_okno_n1
1401092,0,0,0_okno_n1
1401212,1,0,0_okno_n1
1401243,1,0,0_okno_n1
1401304,4,0,0_okno_n1
1401405,2,1,1_pozaokno_n2
1401409,1,0,0_okno_n2
1401527,0,0,0_okno_n2
1401530,2,0,0_okno_n1
1401700,4,0,0_okno_n3-4
1401759,3,0,0_okno_n3-4
1401768,4,0,0_okno_n3-4
1401801,3,0,0_okno_n1
1401809,4,0,0_okno_n2
1401819,4,0,0_okno_n2
1402008,4,0,0_okno_n1
1402011,0,0,0_okno_n1
1402019,4,0,0_okno_n1
1402500,3,0,0_okno_n5+
1402515,3,0,0_okno_n1
1402585,4,0,0_okno_n3-4
1402633,0,0,0_okno_n1
1402661,0,0,0_okno_n1
1402760,1,0,0_okno_n3-4
1402793,4,0,0_okno_n1
1402914,1,0,0_okno_n2
1402943,1,0,0_okno_n3-4
1402947,4,0,0_okno_n1
1402950,1,0,0_okno_n2
1402957,3,0,0_okno_n1
1402977,1,0,0_okno_n1
1402986,4,0,0_okno_n1
1403078,2,0,0_okno_n3-4
1403096,4,0,0_okno_n3-4
1403121,2,0,0_okno_n2
1403151,3,0,0_okno_n3-4
1403258,0,0,0_okno_n1
1403435,0,0,0_okno_n2
1403442,4,0,0_okno_n1
1403519,2,0,0_okno_n1
1403539,4,1,1_okno_n3-4
1403560,0,0,0_okno_n1
1403582,2,0,0_okno_n3-4
1403585,3,0,0_okno_n2
1403658,0,0,0_okno_n1
1403969,4,0,0_okno_n5+
1404002,2,0,0_okno_n1
1404199,3,0,0_okno_n1
1404227,3,0,0_okno_n1
1404354,4,0,0_okno_n1
1404411,2,0,0_okno_n1
1404555,3,0,0_okno_n1
1404631,0,0,0_okno_n1
1404653,4,0,0_okno_n2
1404678,2,0,0_okno_n2
1404740,4,0,0_okno_n2
1404831,3,0,0_okno_n1
1404840,4,0,0_okno_n1
1404873,1,0,0_okno_n1
1404877,4,0,0_okno_n2
1405006,2,1,1_pozaokno_n3-4
1405012,1,0,0_okno_n2
1405110,4,0,0_okno_n1
1405118,2,0,0_okno_n5+
1405222,1,0,0_okno_n2
1405245,4,1,1_pozaokno_n2
1405319,0,0,0_okno_n2
1405321,0,0,0_okno_n1
1405415,1,0,0_okno_n1
1405570,2,1,1_pozaokno_n3-4
1405614,2,0,0_okno_n2
1405635,4,0,0_okno_n1
1405650,0,0,0_okno_n1
1405669,0,0,0_okno_n1
1405704,3,0,0_okno_n1
1405906,3,0,0_okno_n5+
1406043,2,0,0_okno_n1
1406054,0,0,0_okno_n2
1406082,1,0,0_okno_n3-4
1406120,3,0,0_okno_n2
1406127,2,0,0_okno_n1
1406129,3,0,0_okno_n1
1406132,4,0,0_okno_n1
1406163,2,0,0_okno_n2
1406364,3,0,0_okno_n1
1406368,1,0,0_okno_n1
1406395,2,0,0_okno_n3-4
1406522,2,0,0_okno_n1
1406558,3,0,0_okno_n5+
1406609,1,0,0_okno_n1
1406628,4,0,0_okno_n2
1406636,4,0,0_okno_n1
1406650,4,0,0_okno_n1
1406889,4,0,0_okno_n1
1406904,2,0,0_okno_n1
1406957,4,0,0_okno_n1
1406960,2,0,0_okno_n5+
1406986,1,0,0_okno_n2
1407150,1,0,0_okno_n1
1407158,0,0,0_okno_n1
1407342,3,0,0_okno_n1
1407370,3,0,0_okno_n3-4
1407398,0,0,0_okno_n1
1407431,3,0,0_okno_n1
1407605,2,0,0_okno_n5+
1407708,3,0,0_okno_n1
1407758,3,0,0_okno_n2
1407963,4,0,0_okno_n3-4
1408063,4,1,1_pozaokno_n2
1408081,1,0,0_okno_n1
1408101,3,0,0_okno_n1
1408301,4,0,0_okno_n1
1408352,3,0,0_okno_n1
1408403,0,0,0_okno_n1
1408470,2,0,0_okno_n1
1408504,1,0,0_okno_n1
1408512,4,0,0_okno_n2
1408536,1,0,0_okno_n1
1408562,2,0,0_okno_n2
1408601,3,0,0_okno_n5+
1408640,1,0,0_okno_n1
1408680,0,0,0_okno_n2
1408691,2,0,0_okno_n2
1408703,1,0,0_okno_n1
1408709,1,0,0_okno_n3-4
1408753,4,0,0_okno_n5+
1408773,4,0,0_okno_n3-4
1408811,2,1,1_pozaokno_n5+
1408884,4,0,0_okno_n3-4
1408947,1,0,0_okno_n1
1408987,0,0,0_okno_n2
1409117,2,0,0_okno_n1
1409147,1,0,0_okno_n2
1409180,3,0,0_okno_n1
1409205,1,0,0_okno_n3-4
1409216,4,0,0_okno_n1
1409294,1,0,0_okno_n1
1409463,3,0,0_okno_n1
1409558,4,0,0_okno_n5+
1409631,2,0,0_okno_n1
1409676,2,0,0_okno_n1
1409689,4,0,0_okno_n1
1409690,0,0,0_okno_n5+
1409699,0,0,0_okno_n5+
1409845,4,0,0_okno_n1
1409912,1,0,0_okno_n1
1409939,3,0,0_okno_n2
1409960,1,0,0_okno_n1
1409981,3,0,0_okno_n1
1409987,2,0,0_okno_n2
1409999,2,0,0_okno_n1
1410042,4,0,0_okno_n5+
1410130,4,0,0_okno_n1
1410384,3,0,0_okno_n2
1410398,4,0,0_okno_n2
1410426,0,0,0_okno_n1
1410693,1,0,0_okno_n1
1410714,2,0,0_okno_n1
1410719,3,0,0_okno_n1
1410734,0,0,0_okno_n1
1410842,2,0,0_okno_n1
1410915,4,0,0_okno_n2
1410929,1,0,0_okno_n1
1410960,1,0,0_okno_n1
1411012,0,0,0_okno_n1
1411057,1,0,0_okno_n3-4
1411167,0,0,0_okno_n2
1411229,0,0,0_okno_n2
1411397,3,0,0_okno_n2
1411423,0,0,0_okno_n1
1411558,4,0,0_okno_n1
1411659,0,1,1_pozaokno_n3-4
1411687,3,0,0_okno_n1
1411778,1,0,0_okno_n3-4
1411833,1,0,0_okno_n1
1411924,4,0,0_okno_n1
1411954,4,0,0_okno_n3-4
1412017,0,0,0_okno_n1
1412136,4,0,0_okno_n2
1412267,0,0,0_okno_n2
1412306,4,0,0_okno_n1
1412316,3,0,0_okno_n1
1412334,2,0,0_okno_n1
1412503,4,0,0_okno_n1
1412509,0,0,0_okno_n2
1412559,2,0,0_okno_n2
1412599,2,0,0_okno_n1
1412667,4,0,0_okno_n1
1412687,1,0,0_okno_n1
1412690,4,1,1_pozaokno_n2
1412799,4,0,0_okno_n5+
1412801,1,0,0_okno_n5+
1412821,2,0,0_okno_n2
1412836,0,0,0_okno_n1
1412848,1,0,0_okno_n3-4
1412860,4,0,0_okno_n1
1413043,1,0,0_okno_n2
1413146,2,0,0_okno_n2
1413257,0,0,0_okno_n1
1413285,3,0,0_okno_n1
1413353,0,1,1_pozaokno_n3-4
1413421,3,0,0_okno_n2
1413459,3,0,0_okno_n3-4
1413463,0,0,0_okno_n1
1413492,1,0,0_okno_n1
1413508,3,0,0_okno_n1
1413563,0,0,0_okno_n1
1413565,1,0,0_okno_n1
1413615,4,0,0_okno_n1
1413647,3,0,0_okno_n1
1413686,1,0,0_okno_n1
1413725,0,0,0_okno_n3-4
1413741,3,0,0_okno_n3-4
1413743,1,0,0_okno_n1
1413760,0,0,0_okno_n2
1413856,0,0,0_okno_n2
1413945,2,0,0_okno_n3-4
1414012,0,0,0_okno_n1
1414045,4,1,1_pozaokno_n5+
1414096,1,0,0_okno_n2
1414119,2,0,0_okno_n1
1414153,4,0,0_okno_n3-4
1414268,3,0,0_okno_n1
1414275,3,0,0_okno_n2
1414290,3,0,0_okno_n1
1414294,1,0,0_okno_n3-4
1414343,2,0,0_okno_n3-4
1414383,4,0,0_okno_n1
1414637,3,0,0_okno_n1
1414656,3,0,0_okno_n3-4
1414761,4,1,1_pozaokno_n1
1414797,0,0,0_okno_n5+
1414823,0,0,0_okno_n1
1415005,1,0,0_okno_n1
1415047,4,1,1_pozaokno_n2
1415059,0,0,0_okno_n2
1415062,3,0,0_okno_n3-4
1415088,2,0,0_okno_n1
1415105,3,0,0_okno_n3-4
1415257,0,0,0_okno_n2
1415380,3,0,0_okno_n2
1415401,0,0,0_okno_n1
1415481,1,0,0_okno_n1
1415492,4,0,0_okno_n3-4
1415505,4,0,0_okno_n2
1415556,2,0,0_okno_n1
1415560,0,0,0_okno_n2
1415599,1,0,0_okno_n1
1415692,2,0,0_okno_n1
1415721,0,0,0_okno_n1
1415757,2,0,0_okno_n1
1415764,4,0,0_okno_n5+
1415777,3,0,0_okno_n2
1415821,2,0,0_okno_n1
1415857,2,0,0_okno_n2
1415937,3,0,0_okno_n1
1415962,0,0,0_okno_n2
1416042,2,1,1_pozaokno_n2
1416109,4,0,0_okno_n3-4
1416157,2,0,0_okno_n3-4
1416296,4,0,0_okno_n2
1416321,3,0,0_okno_n5+
1416435,4,0,0_okno_n1
1416458,3,0,0_okno_n1
1416529,4,0,0_okno_n1
1416665,3,0,0_okno_n1
1416697,4,0,0_okno_n1
1416721,0,0,0_okno_n1
1416753,3,0,0_okno_n1
1416774,2,1,1_pozaokno_n2
1416779,3,0,0_okno_n1
1416803,0,0,0_okno_n2
1416861,1,0,0_okno_n1
1416862,4,0,0_okno_n2
1416988,4,0,0_okno_n2
1416991,0,1,1_pozaokno_n5+
1417006,0,0,0_okno_n2
1417060,0,1,1_pozaokno_n1
1417191,3,0,0_okno_n3-4
1417290,0,0,0_okno_n3-4
1417389,3,0,0_okno_n1
1417464,3,0,0_okno_n1
1417554,3,0,0_okno_n1
1417556,2,0,0_okno_n3-4
1417567,2,0,0_okno_n1
1417598,4,0,0_okno_n3-4
1417619,3,0,0_okno_n1
1417649,4,0,0_okno_n2
1417670,0,0,0_okno_n5+
1417696,3,0,0_okno_n1
1417774,1,0,0_okno_n1
1418044,3,0,0_okno_n1
1418045,3,0,0_okno_n1
1418070,1,1,1_pozaokno_n3-4
1418075,4,0,0_okno_n1
1418208,4,0,0_okno_n5+
1418227,1,0,0_okno_n2
1418267,0,0,0_okno_n2
1418376,2,0,0_okno_n2
1418501,2,0,0_okno_n1
1418577,3,0,0_okno_n3-4
1418590,1,0,0_okno_n1
1418621,1,0,0_okno_n1
1418700,0,0,0_okno_n1
1418789,2,0,0_okno_n1
1418813,4,0,0_okno_n1
1418847,0,0,0_okno_n1
1418926,2,0,0_okno_n1
1418929,4,0,0_okno_n2
1418948,3,0,0_okno_n2
1418955,4,0,0_okno_n1
1418962,0,1,1_pozaokno_n1
1418981,3,0,0_okno_n2
1419021,0,0,0_okno_n2
1419035,0,0,0_okno_n1
1419079,2,1,1_pozaokno_n2
1419133,4,0,0_okno_n2
1419158,3,0,0_okno_n2
1419169,2,0,0_okno_n1
1419170,4,0,0_okno_n1
1419174,0,0,0_okno_n1
1419179,3,0,0_okno_n5+
1419359,2,0,0_okno_n1
1419490,3,0,0_okno_n3-4
1419510,3,0,0_okno_n1
1419553,1,0,0_okno_n1
1419584,4,0,0_okno_n1
1419624,3,0,0_okno_n1
1419701,3,1,1_pozaokno_n2
1419743,2,0,0_okno_n3-4
1419834,0,0,0_okno_n3-4
1419865,2,0,0_okno_n2
1419909,4,0,0_okno_n5+
1419975,0,0,0_okno_n2
1419994,4,0,0_okno_n1
1420011,0,0,0_okno_n1
1420053,1,0,0_okno_n1
1420096,0,0,0_okno_n2
1420164,2,0,0_okno_n2
1420169,4,0,0_okno_n1
1420213,0,0,0_okno_n1
1420250,3,0,0_okno_n1
1420265,3,0,0_okno_n2
1420313,4,0,0_okno_n1
1420315,3,0,0_okno_n2
1420351,4,0,0_okno_n1
1420354,4,0,0_okno_n1
1420369,3,0,0_okno_n2
1420391,2,0,0_okno_n2
1420452,1,0,0_okno_n1
1420498,3,0,0_okno_n1
1420639,0,0,0_okno_n3-4
1420725,1,0,0_okno_n1
1420735,2,0,0_okno_n2
1420826,3,0,0_okno_n1
1420867,1,0,0_okno_n1
1420892,0,0,0_okno_n2
1420925,3,0,0_okno_n1
1421019,4,0,0_okno_n1
1421049,3,0,0_okno_n1
1421064,1,0,0_okno_n1
1421071,4,0,0_okno_n2
1421083,0,0,0_okno_n1
1421175,1,0,0_okno_n2
1421389,0,1,1_pozaokno_n5+
1421393,0,1,1_pozaokno_n2
1421452,0,0,0_okno_n2
1421480,2,0,0_okno_n1
1421574,2,0,0_okno_n2
1421697,1,0,0_okno_n5+
1421760,1,0,0_okno_n1
1421788,4,0,0_okno_n3-4
1421821,2,0,0_okno_n1
1421855,1,0,0_okno_n2
1421856,0,0,0_okno_n2
1421899,1,0,0_okno_n2
1421930,4,0,0_okno_n1
1421935,0,0,0_okno_n3-4
1421973,4,0,0_okno_n3-4
1422040,2,0,0_okno_n5+
1422053,4,0,0_okno_n1
1422079,4,0,0_okno_n1
1422239,3,0,0_okno_n3-4
1422297,1,0,0_okno_n1
1422338,2,1,1_pozaokno_n1
1422487,3,0,0_okno_n2
1422506,3,0,0_okno_n2
1422513,2,0,0_okno_n1
1422515,0,0,0_okno_n1
1422530,3,0,0_okno_n1
1422636,2,0,0_okno_n1
1422669,2,0,0_okno_n1
1422731,0,0,0_okno_n1
1422776,0,0,0_okno_n1
1422806,2,0,0_okno_n2
1422817,1,0,0_okno_n1
1422882,0,0,0_okno_n1
1422888,0,0,0_okno_n2
1422994,3,0,0_okno_n1
1423005,1,1,1_pozaokno_n5+
1423014,4,0,0_okno_n3-4
1423052,2,0,0_okno_n2
1423189,0,0,0_okno_n1
1423196,3,0,0_okno_n2
1423212,3,0,0_okno_n1
1423214,4,1,1_pozaokno_n1
1423252,0,1,1_pozaokno_n5+
1423300,2,0,0_okno_n1
1423455,1,0,0_okno_n3-4
1423490,2,0,0_okno_n3-4
1423492,4,0,0_okno_n2
1423541,1,0,0_okno_n1
1423568,4,1,1_okno_n2
1423585,1,0,0_okno_n1
1423630,2,1,1_pozaokno_n3-4
1423913,1,0,0_okno_n1
1423941,1,1,1_pozaokno_n1
1423943,1,0,0_okno_n2
1424072,3,0,0_okno_n1
1424095,4,0,0_okno_n1
1424149,3,0,0_okno_n3-4
1424196,0,0,0_okno_n1
1424250,3,0,0_okno_n3-4
1424252,3,0,0_okno_n1
1424271,1,0,0_okno_n1
1424457,4,0,0_okno_n1
1424465,4,0,0_okno_n1
1424696,0,1,1_pozaokno_n2
1424730,3,0,0_okno_n5+
1424735,0,0,0_okno_n1
1424756,0,0,0_okno_n3-4
1424802,0,0,0_okno_n2
1425157,0,0,0_okno_n1
1425267,2,1,1_pozaokno_n3-4
1425350,0,0,0_okno_n1
1425396,2,0,0_okno_n1
1425468,2,0,0_okno_n1
1425538,0,1,1_pozaokno_n3-4
1425638,0,0,0_okno_n1
1425750,3,0,0_okno_n3-4
1425765,2,0,0_okno_n1
1425830,1,1,1_pozaokno_n1
1425835,2,0,0_okno_n2
1425841,2,0,0_okno_n1
1425869,2,1,1_pozaokno_n2
1425924,1,0,0_okno_n1
1426010,2,0,0_okno_n1
1426125,0,0,0_okno_n1
1426178,3,1,1_pozaokno_n2
1426278,2,0,0_okno_n1
1426333,2,0,0_okno_n1
1426346,0,0,0_okno_n1
1426541,3,0,0_okno_n2
1426548,0,0,0_okno_n1
1426571,1,0,0_okno_n1
1426592,1,0,0_okno_n2
1426599,1,0,0_okno_n2
1426619,3,0,0_okno_n1
1426644,4,0,0_okno_n1
1426771,2,0,0_okno_n2
1426783,2,0,0_okno_n2
1426828,1,0,0_okno_n1
1426846,3,0,0_okno_n1
1426859,0,0,0_okno_n1
1426880,0,0,0_okno_n1
1426917,1,1,1_pozaokno_n2
1426971,2,0,0_okno_n2
1427025,4,0,0_okno_n3-4
1427109,3,0,0_okno_n1
1427110,0,0,0_okno_n1
1427142,2,0,0_okno_n2
1427230,4,1,1_pozaokno_n2
1427248,2,0,0_okno_n5+
1427266,3,0,0_okno_n1
1427281,1,0,0_okno_n2
1427330,2,0,0_okno_n1
1427440,2,0,0_okno_n1
1427451,4,0,0_okno_n3-4
1427513,1,0,0_okno_n2
1427584,3,0,0_okno_n3-4
1427589,4,0,0_okno_n2
1427592,2,0,0_okno_n1
1427641,1,0,0_okno_n2
1427724,1,0,0_okno_n5+
1427794,2,0,0_okno_n1
1427886,3,0,0_okno_n5+
1427899,0,0,0_okno_n2
1427919,0,0,0_okno_n1
1427920,1,0,0_okno_n1
1427922,1,1,1_pozaokno_n2
1427948,3,0,0_okno_n1
1427962,1,0,0_okno_n1
1427982,0,0,0_okno_n1
1427985,4,0,0_okno_n3-4
1428016,3,0,0_okno_n1
1428041,3,0,0_okno_n2
1428107,3,0,0_okno_n5+
1428118,1,0,0_okno_n2
1428176,2,0,0_okno_n1
1428251,4,0,0_okno_n5+
1428309,3,0,0_okno_n1
1428374,4,0,0_okno_n1
1428385,3,1,1_pozaokno_n5+
1428423,0,0,0_okno_n1
1428469,4,0,0_okno_n1
1428514,3,0,0_okno_n1
1428520,3,0,0_okno_n1
1428699,4,0,0_okno_n1
1428719,2,0,0_okno_n1
1428752,3,0,0_okno_n2
1428777,1,0,0_okno_n2
1428797,3,0,0_okno_n1
1428833,3,0,0_okno_n1
1428845,4,0,0_okno_n1
1428847,3,0,0_okno_n1
1428895,3,0,0_okno_n3-4
1428934,4,0,0_okno_n2
1428992,1,0,0_okno_n2
1429052,0,1,1_pozaokno_n3-4
1429068,1,0,0_okno_n1
1429071,3,0,0_okno_n1
1429132,2,0,0_okno_n1
1429153,0,0,0_okno_n1
1429175,4,1,1_pozaokno_n2
1429258,3,1,1_pozaokno_n3-4
1429259,3,1,1_pozaokno_n5+
1429371,3,0,0_okno_n2
1429420,4,0,0_okno_n2
1429429,2,0,0_okno_n1
1429533,4,1,1_pozaokno_n1
1429534,2,0,0_okno_n1
1429550,1,0,0_okno_n2
1429564,1,0,0_okno_n3-4
1429592,3,1,1_pozaokno_n5+
1429703,2,0,0_okno_n1
1429707,2,0,0_okno_n1
1429751,0,0,0_okno_n2
1429786,0,0,0_okno_n1
1429817,0,0,0_okno_n5+
1429846,2,0,0_okno_n2
1429893,3,0,0_okno_n2
1429977,3,0,0_okno_n1
1430033,1,0,0_okno_n5+
1430035,1,0,0_okno_n1
1430137,4,0,0_okno_n5+
1430189,4,0,0_okno_n1
1430198,3,0,0_okno_n2
1430228,4,0,0_okno_n1
1430289,3,0,0_okno_n1
1430446,3,0,0_okno_n2
1430463,1,0,0_okno_n3-4
1430574,1,0,0_okno_n2
1430588,3,0,0_okno_n1
1430589,0,0,0_okno_n1
1430648,4,1,1_pozaokno_n1
1430650,0,0,0_okno_n1
1430770,0,0,0_okno_n1
1430799,0,0,0_okno_n1
1430863,4,0,0_okno_n2
1430899,4,0,0_okno_n1
1430948,1,0,0_okno_n5+
1430990,0,0,0_okno_n1
1431057,4,0,0_okno_n1
1431146,3,0,0_okno_n1
1431175,0,0,0_okno_n5+
1431221,2,0,0_okno_n1
1431224,3,0,0_okno_n5+
1431245,2,0,0_okno_n1
1431270,4,1,1_pozaokno_n2
1431288,0,0,0_okno_n5+
1431371,0,0,0_okno_n3-4
1431435,4,0,0_okno_n1
1431468,3,0,0_okno_n2
1431490,3,0,0_okno_n1
1431508,1,0,0_okno_n3-4
1431658,2,0,0_okno_n1
1431713,4,1,1_pozaokno_n5+
1431723,0,0,0_okno_n2
1431751,4,0,0_okno_n1
1431782,4,0,0_okno_n1
1431792,2,0,0_okno_n2
1431838,0,0,0_okno_n1
1431942,1,0,0_okno_n2
1431971,0,0,0_okno_n1
1431980,0,0,0_okno_n3-4
1432003,1,0,0_okno_n1
1432019,3,0,0_okno_n2
1432130,2,0,0_okno_n2
1432162,1,0,0_okno_n5+
1432185,3,0,0_okno_n1
1432194,1,0,0_okno_n1
1432206,2,0,0_okno_n3-4
1432229,1,0,0_okno_n5+
1432278,0,1,1_pozaokno_n3-4
1432341,4,0,0_okno_n2
1432361,0,0,0_okno_n3-4
1432635,2,0,0_okno_n2
1432703,2,0,0_okno_n1
1432727,3,0,0_okno_n3-4
1432824,0,0,0_okno_n2
1432853,3,0,0_okno_n2
1432879,1,0,0_okno_n2
1432992,0,0,0_okno_n3-4
1432994,0,0,0_okno_n2
1433160,3,0,0_okno_n3-4
1433171,0,0,0_okno_n1
1433182,2,0,0_okno_n1
1433211,2,0,0_okno_n1
1433307,3,0,0_okno_n1
1433336,4,0,0_okno_n1
1433372,1,0,0_okno_n1
1433395,1,0,0_okno_n1
1433416,3,1,1_okno_n1
1433428,4,0,0_okno_n1
1433444,4,0,0_okno_n2
1433504,3,0,0_okno_n1
1433572,1,0,0_okno_n1
1433732,2,0,0_okno_n2
1433851,2,0,0_okno_n2
1433859,2,0,0_okno_n1
1433906,4,0,0_okno_n5+
1433922,0,0,0_okno_n3-4
1433951,4,1,1_pozaokno_n2
1434157,1,0,0_okno_n1
1434173,0,0,0_okno_n3-4
1434217,1,0,0_okno_n3-4
1434339,2,0,0_okno_n3-4
1434382,2,0,0_okno_n1
1434557,3,0,0_okno_n1
1434559,2,0,0_okno_n1
1434577,3,0,0_okno_n2
1434603,0,0,0_okno_n2
1434674,2,0,0_okno_n1
1434740,2,0,0_okno_n1
1434744,2,0,0_okno_n1
1434854,4,0,0_okno_n5+
1434856,2,0,0_okno_n2
1434902,0,0,0_okno_n1
1434927,0,0,0_okno_n1
1434965,4,1,1_pozaokno_n3-4
1435039,4,0,0_okno_n1
1435043,2,0,0_okno_n1
1435145,4,0,0_okno_n2
1435150,4,0,0_okno_n2
1435157,1,0,0_okno_n2
1435172,3,0,0_okno_n1
1435177,4,0,0_okno_n1
1435360,4,0,0_okno_n1
1435364,0,0,0_okno_n1
1435396,0,0,0_okno_n1
1435463,1,0,0_okno_n1
1435489,0,0,0_okno_n1
1435519,3,0,0_okno_n2
1435644,4,0,0_okno_n1
1435718,3,0,0_okno_n3-4
1435722,3,0,0_okno_n2
1435803,3,0,0_okno_n1
1435879,3,0,0_okno_n2
1435928,1,0,0_okno_n2
1436043,2,0,0_okno_n1
1436248,1,0,0_okno_n1
1436290,0,0,0_okno_n2
1436329,2,0,0_okno_n1
1436335,3,0,0_okno_n2
1436369,1,0,0_okno_n1
1436429,2,1,1_pozaokno_n1
1436455,3,0,0_okno_n1
1436471,4,0,0_okno_n1
1436520,1,0,0_okno_n1
1436523,3,0,0_okno_n1
1436525,4,0,0_okno_n2
1436592,3,0,0_okno_n1
1436615,0,0,0_okno_n1
1436821,2,0,0_okno_n2
1436888,4,0,0_okno_n1
1436957,2,0,0_okno_n2
1437018,1,0,0_okno_n3-4
1437029,3,0,0_okno_n1
1437128,2,0,0_okno_n2
1437197,1,0,0_okno_n1
1437263,3,0,0_okno_n1
1437353,2,0,0_okno_n1
1437387,4,1,1_pozaokno_n1
1437390,0,0,0_okno_n1
1437416,1,1,1_pozaokno_n1
1437451,4,1,1_pozaokno_n3-4
1437495,1,0,0_okno_n2
1437496,0,0,0_okno_n1
1437523,0,0,0_okno_n1
1437544,0,0,0_okno_n1
1437595,2,0,0_okno_n1
1437622,0,0,0_okno_n1
1437636,4,0,0_okno_n2
1437655,2,0,0_okno_n2
1437739,1,1,1_pozaokno_n2
1437785,0,0,0_okno_n2
1437889,4,0,0_okno_n1
1437966,1,0,0_okno_n2
1438033,1,0,0_okno_n2
1438081,3,0,0_okno_n2
1438229,3,0,0_okno_n1
1438307,4,0,0_okno_n3-4
1438338,0,0,0_okno_n1
1438360,2,0,0_okno_n2
1438406,2,0,0_okno_n2
1438413,3,0,0_okno_n2
1438422,1,0,0_okno_n1
1438551,0,0,0_okno_n1
1438589,0,0,0_okno_n3-4
1438631,3,1,1_pozaokno_n3-4
1438699,2,0,0_okno_n1
1438722,1,0,0_okno_n3-4
1438731,0,0,0_okno_n3-4
1438758,0,0,0_okno_n2
1438778,0,0,0_okno_n2
1438926,2,0,0_okno_n1
1438952,4,0,0_okno_n2
1439003,0,0,0_okno_n2
1439059,0,0,0_okno_n1
1439065,3,0,0_okno_n2
1439083,4,0,0_okno_n1
1439089,3,0,0_okno_n1
1439125,0,0,0_okno_n2
1439149,0,0,0_okno_n1
1439172,4,0,0_okno_n1
1439208,2,1,1_pozaokno_n2
1439212,1,0,0_okno_n1
1439220,2,0,0_okno_n3-4
1439274,3,0,0_okno_n5+
1439310,4,0,0_okno_n1
1439319,3,0,0_okno_n2
1439321,4,0,0_okno_n1
1439324,4,1,1_pozaokno_n1
1439367,3,0,0_okno_n1
1439401,3,0,0_okno_n2
1439434,2,0,0_okno_n3-4
1439458,1,0,0_okno_n1
1439558,3,0,0_okno_n1
1439631,2,0,0_okno_n1
1439693,3,0,0_okno_n2
1439718,2,0,0_okno_n1
1439737,3,0,0_okno_n3-4
1439768,1,0,0_okno_n3-4
1439833,1,0,0_okno_n1
1439855,0,0,0_okno_n3-4
1439926,3,0,0_okno_n2
1439972,3,0,0_okno_n1
1440050,0,0,0_okno_n1
1440073,2,0,0_okno_n5+
1440130,4,0,0_okno_n1
1440238,4,0,0_okno_n1
1440242,1,0,0_okno_n1
1440247,2,0,0_okno_n5+
1440265,1,0,0_okno_n1
1440314,0,0,0_okno_n1
1440402,0,0,0_okno_n1
1440426,1,0,0_okno_n1
1440498,3,0,0_okno_n1
1440525,1,0,0_okno_n2
1440536,0,0,0_okno_n1
1440543,4,0,0_okno_n1
1440656,4,0,0_okno_n5+
1440700,1,0,0_okno_n2
1440766,1,0,0_okno_n1
1440777,3,0,0_okno_n2
1440815,4,0,0_okno_n1
1440940,0,1,1_pozaokno_n2
1440983,3,0,0_okno_n1
1441066,3,0,0_okno_n1
1441127,1,0,0_okno_n2
1441146,1,0,0_okno_n1
1441283,0,0,0_okno_n3-4
1441298,4,0,0_okno_n1
1441440,0,0,0_okno_n2
1441459,2,0,0_okno_n3-4
1441478,1,0,0_okno_n1
1441489,3,0,0_okno_n3-4
1441592,2,0,0_okno_n1
1441624,1,0,0_okno_n5+
1441697,3,0,0_okno_n1
1441738,3,0,0_okno_n1
1441744,1,0,0_okno_n3-4
1441842,0,0,0_okno_n1
1441857,3,0,0_okno_n1
1441860,0,0,0_okno_n1
1441875,3,0,0_okno_n5+
1441904,1,0,0_okno_n1
1441936,4,0,0_okno_n1
1441967,4,0,0_okno_n1
1441985,4,0,0_okno_n2
1441999,4,0,0_okno_n3-4
1442023,0,0,0_okno_n5+
1442053,3,1,1_pozaokno_n3-4
1442129,0,0,0_okno_n3-4
1442131,0,0,0_okno_n1
1442233,2,0,0_okno_n1
1442285,2,0,0_okno_n1
1442539,2,1,1_pozaokno_n3-4
1442540,2,1,1_pozaokno_n5+
1442544,1,0,0_okno_n3-4
1442569,0,0,0_okno_n1
1442583,2,0,0_okno_n3-4
1442756,0,0,0_okno_n1
1442961,0,0,0_okno_n2
1443109,2,0,0_okno_n2
1443115,3,0,0_okno_n3-4
1443230,1,0,0_okno_n1
1443351,2,1,1_pozaokno_n3-4
1443390,4,0,0_okno_n1
1443661,1,0,0_okno_n1
1443696,4,0,0_okno_n3-4
1443775,0,1,1_pozaokno_n5+
1443778,0,0,0_okno_n1
1443784,0,1,1_pozaokno_n5+
1443927,1,0,0_okno_n1
1443954,4,0,0_okno_n2
1444037,1,1,1_pozaokno_n1
1444128,4,0,0_okno_n2
1444213,2,0,0_okno_n1
1444318,1,0,0_okno_n1
1444331,3,0,0_okno_n1
1444342,0,0,0_okno_n1
1444425,3,0,0_okno_n1
1444457,1,0,0_okno_n2
1444545,4,0,0_okno_n2
1444590,4,0,0_okno_n2
1444658,2,0,0_okno_n1
1444745,0,0,0_okno_n1
1444748,3,0,0_okno_n1
1444775,2,0,0_okno_n1
1444838,1,0,0_okno_n1
1444889,3,0,0_okno_n3-4
1445082,4,0,0_okno_n1
1445199,3,0,0_okno_n1
1445253,2,0,0_okno_n2
1445260,2,0,0_okno_n1
1445350,4,0,0_okno_n1
1445355,2,0,0_okno_n1
1445391,4,0,0_okno_n3-4
1445406,0,0,0_okno_n1
1445550,4,0,0_okno_n3-4
1445636,4,0,0_okno_n2
1445654,3,0,0_okno_n2
1445675,2,0,0_okno_n1
1445745,2,0,0_okno_n1
1445780,4,0,0_okno_n2
1445837,4,0,0_okno_n2
1445858,0,0,0_okno_n1
1445956,2,1,1_pozaokno_n1
1445961,2,0,0_okno_n1
1446036,2,0,0_okno_n1
1446173,0,0,0_okno_n2
1446179,2,1,1_pozaokno_n5+
1446180,0,1,1_pozaokno_n3-4
1446204,2,0,0_okno_n1
1446252,0,0,0_okno_n3-4
1446304,4,0,0_okno_n1
1446335,2,0,0_okno_n1
1446581,0,0,0_okno_n1
1446591,4,0,0_okno_n1
1446652,1,0,0_okno_n1
1446698,1,0,0_okno_n5+
1446706,1,0,0_okno_n1
1446709,1,0,0_okno_n5+
1446747,1,0,0_okno_n1
1446822,2,0,0_okno_n1
1446895,2,0,0_okno_n2
1446922,3,0,0_okno_n1
1446924,1,0,0_okno_n1
1447022,1,1,1_pozaokno_n2
1447134,0,0,0_okno_n1
1447214,0,0,0_okno_n2
1447229,3,0,0_okno_n2
1447254,3,0,0_okno_n1
1447287,4,0,0_okno_n1
1447381,3,0,0_okno_n1
1447485,4,0,0_okno_n1
1447536,2,0,0_okno_n2
1447545,1,0,0_okno_n1
1447565,1,0,0_okno_n1
1447642,4,0,0_okno_n3-4
1447648,1,0,0_okno_n1
1447654,2,0,0_okno_n1
1447691,3,0,0_okno_n1
1447694,1,0,0_okno_n1
1447839,1,0,0_okno_n1
1447856,1,0,0_okno_n2
1447867,3,0,0_okno_n1
1447885,0,0,0_okno_n2
1447889,0,0,0_okno_n5+
1447911,3,0,0_okno_n1
1447965,0,0,0_okno_n2
1447976,2,0,0_okno_n1
1447983,1,0,0_okno_n1
1448075,2,0,0_okno_n1
1448210,4,0,0_okno_n2
1448241,4,0,0_okno_n2
1448336,3,0,0_okno_n3-4
1448345,3,0,0_okno_n1
1448474,0,0,0_okno_n3-4
1448498,1,0,0_okno_n1
1448534,1,0,0_okno_n3-4
1448544,2,0,0_okno_n5+
1448655,4,0,0_okno_n1
1448713,2,0,0_okno_n1
1448714,4,0,0_okno_n1
1448727,2,0,0_okno_n2
1448840,0,0,0_okno_n1
1448862,1,0,0_okno_n2
1449053,0,0,0_okno_n3-4
1449058,1,0,0_okno_n1
1449105,0,0,0_okno_n1
1449126,1,1,1_pozaokno_n5+
1449158,1,0,0_okno_n5+
1449171,4,0,0_okno_n5+
1449197,3,0,0_okno_n1
1449319,1,0,0_okno_n2
1449340,3,0,0_okno_n1
1449350,0,0,0_okno_n1
1449410,4,0,0_okno_n1
1449466,2,0,0_okno_n1
1449537,1,0,0_okno_n1
1449585,2,0,0_okno_n1
1449627,1,0,0_okno_n3-4
1449780,2,0,0_okno_n3-4
1449797,2,0,0_okno_n1
1449799,2,0,0_okno_n2
1449838,3,0,0_okno_n3-4
1449855,2,1,1_pozaokno_n1
1449872,1,0,0_okno_n1
1450006,0,1,1_pozaokno_n5+
1450054,0,0,0_okno_n3-4
1450084,4,0,0_okno_n1
1450107,2,0,0_okno_n1
1450344,4,0,0_okno_n5+
1450345,4,0,0_okno_n2
1450356,0,0,0_okno_n1
1450378,4,1,1_pozaokno_n1
1450394,0,0,0_okno_n3-4
1450426,4,0,0_okno_n1
1450548,2,0,0_okno_n2
1450594,3,0,0_okno_n1
1450616,3,0,0_okno_n1
1450691,2,0,0_okno_n1
1450693,2,0,0_okno_n1
1450716,4,1,1_pozaokno_n5+
1450726,1,0,0_okno_n2
1450756,3,0,0_okno_n1
1450780,0,0,0_okno_n3-4
1450848,4,0,0_okno_n1
1450949,4,0,0_okno_n1
1450982,1,0,0_okno_n1
1451104,3,0,0_okno_n1
1451208,3,0,0_okno_n1
1451318,4,0,0_okno_n2
1451329,4,0,0_okno_n1
1451331,0,0,0_okno_n2
1451445,3,0,0_okno_n1
1451527,4,0,0_okno_n1
1451617,0,1,1_pozaokno_n1
1451627,1,0,0_okno_n1
1451910,3,0,0_okno_n1
1451925,4,0,0_okno_n1
1452025,2,0,0_okno_n1
1452039,4,0,0_okno_n1
1452075,3,0,0_okno_n1
1452180,3,0,0_okno_n1
1452290,0,0,0_okno_n3-4
1452307,0,0,0_okno_n1
1452318,0,0,0_okno_n2
1452436,3,0,0_okno_n1
1452470,0,0,0_okno_n3-4
1452563,0,0,0_okno_n1
1452627,4,0,0_okno_n1
1452740,2,0,0_okno_n1
1452786,4,0,0_okno_n1
1452788,2,0,0_okno_n2
1452818,0,0,0_okno_n1
1452867,3,0,0_okno_n1
1452944,1,0,0_okno_n1
1452983,4,0,0_okno_n1
1452993,0,0,0_okno_n1
1453076,3,0,0_okno_n1
1453091,2,0,0_okno_n1
1453108,1,0,0_okno_n1
1453110,1,0,0_okno_n1
1453115,2,0,0_okno_n2
1453151,3,0,0_okno_n1
1453220,4,0,0_okno_n1
1453238,1,0,0_okno_n1
1453507,1,0,0_okno_n2
1453516,3,0,0_okno_n1
1453530,3,0,0_okno_n1
1453591,0,0,0_okno_n1
1453624,0,0,0_okno_n1
1453659,3,0,0_okno_n1
1453740,2,0,0_okno_n2
1453826,3,1,1_pozaokno_n1
1453869,4,1,1_pozaokno_n1
1454067,3,0,0_okno_n1
1454093,0,0,0_okno_n2
1454134,4,0,0_okno_n1
1454180,3,0,0_okno_n1
1454279,2,0,0_okno_n1
1454422,0,0,0_okno_n2
1454543,0,0,0_okno_n1
1454628,3,0,0_okno_n3-4
1454687,0,0,0_okno_n1
1454691,0,0,0_okno_n1
1454709,2,0,0_okno_n5+
1454897,1,0,0_okno_n1
1454911,3,0,0_okno_n1
1455005,4,0,0_okno_n1
1455047,3,0,0_okno_n2
1455072,2,0,0_okno_n3-4
1455085,0,0,0_okno_n1
1455185,0,0,0_okno_n3-4
1455201,4,0,0_okno_n5+
1455247,1,0,0_okno_n1
1455369,3,0,0_okno_n3-4
1455381,3,0,0_okno_n1
1455412,4,0,0_okno_n3-4
1455475,3,0,0_okno_n1
1455502,4,0,0_okno_n3-4
1455547,4,0,0_okno_n1
1455622,0,0,0_okno_n1
1455808,2,0,0_okno_n2
1455869,4,0,0_okno_n1
1455922,2,0,0_okno_n1
1456071,4,0,0_okno_n2
1456101,3,0,0_okno_n1
1456102,1,0,0_okno_n1
1456170,3,0,0_okno_n1
1456179,2,0,0_okno_n3-4
1456235,2,0,0_okno_n1
1456264,2,0,0_okno_n1
1456266,1,0,0_okno_n3-4
1456350,1,0,0_okno_n1
1456550,2,0,0_okno_n1
1456616,4,0,0_okno_n5+
1456647,2,0,0_okno_n1
1456650,3,0,0_okno_n1
1456721,2,0,0_okno_n1
1456725,1,0,0_okno_n1
1456728,1,0,0_okno_n1
1456745,3,0,0_okno_n1
1456756,3,0,0_okno_n1
1456808,2,0,0_okno_n3-4
1457094,2,0,0_okno_n1
1457107,4,0,0_okno_n2
1457140,1,0,0_okno_n1
1457155,2,1,1_pozaokno_n3-4
1457170,1,0,0_okno_n1
1457239,4,0,0_okno_n3-4
1457261,4,0,0_okno_n2
1457336,1,0,0_okno_n2
1457351,3,0,0_okno_n2
1457371,4,0,0_okno_n2
1457392,0,0,0_okno_n1
1457394,3,0,0_okno_n1
1457398,3,0,0_okno_n5+
1457541,1,0,0_okno_n1
1457591,3,0,0_okno_n2
1457646,4,0,0_okno_n1
1457653,1,0,0_okno_n2
1457661,2,0,0_okno_n3-4
1457825,0,0,0_okno_n1
1457842,1,0,0_okno_n3-4
1457926,1,0,0_okno_n1
1458049,1,0,0_okno_n1
1458053,1,0,0_okno_n2
1458143,2,0,0_okno_n3-4
1458277,4,0,0_okno_n1
1458328,2,0,0_okno_n1
1458413,2,0,0_okno_n1
1458568,3,0,0_okno_n2
1458588,0,0,0_okno_n1
1458741,2,0,0_okno_n2
1458787,1,0,0_okno_n1
1458806,2,0,0_okno_n2
1458827,0,0,0_okno_n3-4
1458886,0,0,0_okno_n1
1458891,4,0,0_okno_n2
1458941,2,0,0_okno_n2
1458967,4,0,0_okno_n2
1458972,3,0,0_okno_n1
1459073,4,0,0_okno_n1
1459095,3,0,0_okno_n2
1459096,3,0,0_okno_n1
1459245,3,0,0_okno_n2
1459421,3,0,0_okno_n1
1459484,4,0,0_okno_n2
1459561,4,0,0_okno_n3-4
1459565,1,0,0_okno_n2
1459583,4,0,0_okno_n2
1459613,1,0,0_okno_n1
1459702,0,0,0_okno_n1
1459740,1,0,0_okno_n2
1459905,1,0,0_okno_n1
1459906,2,1,1_pozaokno_n2
1459921,1,0,0_okno_n2
1459922,4,0,0_okno_n2
1459923,1,1,1_pozaokno_n2
1459933,4,0,0_okno_n1
1460017,4,0,0_okno_n3-4
1460192,0,0,0_okno_n1
1460202,4,0,0_okno_n2
1460208,0,0,0_okno_n1
1460322,4,0,0_okno_n1
1460380,0,0,0_okno_n1
1460424,1,0,0_okno_n1
1460483,2,0,0_okno_n1
1460596,4,0,0_okno_n2
1460656,0,0,0_okno_n1
1460723,2,0,0_okno_n1
1460751,0,0,0_okno_n3-4
1460764,2,1,1_pozaokno_n1
1460810,1,0,0_okno_n1
1460823,4,0,0_okno_n3-4
1460841,1,0,0_okno_n1
1460889,4,0,0_okno_n3-4
1460893,3,0,0_okno_n1
1460897,3,0,0_okno_n2
1460910,1,0,0_okno_n1
1460932,4,0,0_okno_n1
1460980,3,0,0_okno_n1
1461053,1,0,0_okno_n1
1461070,4,0,0_okno_n1
1461115,0,0,0_okno_n1
1461137,2,0,0_okno_n2
1461146,3,0,0_okno_n1
1461162,2,1,1_pozaokno_n1
1461299,0,0,0_okno_n3-4
1461337,0,0,0_okno_n1
1461338,0,1,1_pozaokno_n3-4
1461344,1,0,0_okno_n1
1461368,3,0,0_okno_n1
1461392,3,0,0_okno_n1
1461394,1,0,0_okno_n1
1461398,4,0,0_okno_n3-4
1461454,3,0,0_okno_n1
1461465,4,0,0_okno_n1
1461467,0,0,0_okno_n2
1461513,1,0,0_okno_n1
1461522,2,0,0_okno_n2
1461579,0,0,0_okno_n1
1461599,4,1,1_okno_n1
1461645,1,0,0_okno_n1
1461716,2,1,1_pozaokno_n5+
1461799,2,0,0_okno_n1
1461852,3,0,0_okno_n1
1461867,1,0,0_okno_n1
1461875,3,0,0_okno_n1
1461935,0,0,0_okno_n2
1461941,0,0,0_okno_n3-4
1461981,2,0,0_okno_n2
1461983,2,0,0_okno_n1
1462009,2,1,1_okno_n1
1462016,3,0,0_okno_n3-4
1462088,1,0,0_okno_n5+
1462251,4,0,0_okno_n1
1462258,4,0,0_okno_n1
1462288,4,0,0_okno_n1
1462592,4,0,0_okno_n2
1462600,2,0,0_okno_n1
1462673,1,0,0_okno_n1
1462690,0,0,0_okno_n1
1462767,2,0,0_okno_n1
1462803,0,0,0_okno_n2
1462846,2,0,0_okno_n2
1462849,0,0,0_okno_n2
1462851,4,0,0_okno_n1
1462881,4,0,0_okno_n1
1463084,2,1,1_pozaokno_n2
1463173,0,0,0_okno_n1
1463272,3,0,0_okno_n2
1463299,2,0,0_okno_n1
1463344,1,0,0_okno_n1
1463354,0,0,0_okno_n1
1463470,4,0,0_okno_n2
1463472,4,0,0_okno_n3-4
1463488,4,0,0_okno_n1
1463505,0,0,0_okno_n2
1463564,1,0,0_okno_n1
1463576,0,0,0_okno_n1
1463577,4,0,0_okno_n1
1463613,3,1,1_pozaokno_n1
1463644,3,0,0_okno_n3-4
1463666,0,0,0_okno_n1
1463669,3,0,0_okno_n2
1463693,2,0,0_okno_n2
1463698,1,0,0_okno_n1
1463722,3,0,0_okno_n1
1463877,3,0,0_okno_n1
1463903,2,0,0_okno_n1
1463995,1,0,0_okno_n1
1464020,4,0,0_okno_n1
1464040,1,0,0_okno_n1
1464051,1,0,0_okno_n2
1464059,2,0,0_okno_n5+
1464076,2,0,0_okno_n1
1464084,2,0,0_okno_n2
1464221,0,0,0_okno_n2
1464251,1,0,0_okno_n3-4
1464268,0,0,0_okno_n1
1464276,0,0,0_okno_n1
1464325,1,0,0_okno_n1
1464349,0,0,0_okno_n1
1464367,3,0,0_okno_n1
1464372,3,0,0_okno_n1
1464374,3,0,0_okno_n1
1464380,0,0,0_okno_n1
1464399,0,0,0_okno_n1
1464429,2,0,0_okno_n1
1464440,4,0,0_okno_n1
1464443,4,0,0_okno_n3-4
1464457,0,0,0_okno_n1
1464506,4,0,0_okno_n2
1464548,3,0,0_okno_n5+
1464594,0,0,0_okno_n1
1464603,1,0,0_okno_n5+
1464624,3,0,0_okno_n1
1464687,3,0,0_okno_n1
1464736,1,1,1_pozaokno_n2
1464774,3,0,0_okno_n1
1464816,3,0,0_okno_n1
1464818,0,0,0_okno_n2
1464843,0,0,0_okno_n1
1464858,0,0,0_okno_n1
1464863,3,0,0_okno_n2
1464870,3,1,1_pozaokno_n2
1464904,0,0,0_okno_n2
1464946,3,1,1_pozaokno_n1
1464959,4,0,0_okno_n5+
1465033,3,0,0_okno_n3-4
1465038,1,0,0_okno_n1
1465187,4,0,0_okno_n3-4
1465190,3,0,0_okno_n1
1465200,1,0,0_okno_n1
1465217,0,0,0_okno_n1
1465319,1,0,0_okno_n1
1465373,2,0,0_okno_n3-4
1465425,3,0,0_okno_n1
1465435,1,0,0_okno_n2
1465512,4,0,0_okno_n3-4
1465519,2,0,0_okno_n1
1465595,4,0,0_okno_n2
1465621,1,0,0_okno_n1
1465623,3,0,0_okno_n2
1465647,2,0,0_okno_n1
1465788,1,0,0_okno_n1
1465796,3,0,0_okno_n1
1465872,3,1,1_pozaokno_n1
1465873,0,0,0_okno_n2
1465879,2,0,0_okno_n1
1465882,1,0,0_okno_n1
1465888,1,0,0_okno_n1
1465902,1,0,0_okno_n3-4
1465954,4,1,1_pozaokno_n3-4
1466032,0,0,0_okno_n1
1466034,3,0,0_okno_n1
1466219,2,0,0_okno_n3-4
1466293,2,0,0_okno_n1
1466333,2,0,0_okno_n1
1466472,1,0,0_okno_n1
1466679,4,0,0_okno_n1
1466683,4,0,0_okno_n1
1466733,3,0,0_okno_n3-4
1466744,3,0,0_okno_n1
1466838,0,0,0_okno_n1
1466875,2,0,0_okno_n1
1466985,1,0,0_okno_n1
1466997,0,0,0_okno_n1
1467033,3,0,0_okno_n1
1467087,4,0,0_okno_n1
1467156,4,0,0_okno_n3-4
1467195,3,0,0_okno_n3-4
1467320,1,0,0_okno_n2
1467413,1,0,0_okno_n2
1467437,2,0,0_okno_n1
1467450,4,1,1_pozaokno_n1
1467453,0,0,0_okno_n1
1467503,4,1,1_pozaokno_n2
1467555,4,0,0_okno_n1
1467559,2,0,0_okno_n1
1467616,4,0,0_okno_n2
1467727,3,0,0_okno_n5+
1467777,4,0,0_okno_n1
1467804,2,0,0_okno_n1
1467865,2,0,0_okno_n2
1467872,2,0,0_okno_n1
1467921,0,0,0_okno_n1
1467998,1,0,0_okno_n2
1468010,3,0,0_okno_n1
1468016,4,0,0_okno_n2
1468096,0,0,0_okno_n2
1468123,3,0,0_okno_n1
1468162,0,0,0_okno_n1
1468207,0,1,1_pozaokno_n3-4
1468239,1,0,0_okno_n1
1468382,2,0,0_okno_n5+
1468443,3,0,0_okno_n1
1468485,0,0,0_okno_n2
1468504,4,0,0_okno_n1
1468584,3,0,0_okno_n2
1468665,3,0,0_okno_n1
1468698,2,0,0_okno_n1
1468700,2,0,0_okno_n1
1468734,3,0,0_okno_n2
1468738,1,0,0_okno_n2
1468756,1,0,0_okno_n1
1468795,4,0,0_okno_n1
1468841,3,0,0_okno_n1
1468867,4,0,0_okno_n2
1468936,1,0,0_okno_n5+
1468943,4,0,0_okno_n2
1468957,2,0,0_okno_n2
1468981,3,0,0_okno_n1
1468982,3,0,0_okno_n1
1469003,3,0,0_okno_n2
1469055,3,0,0_okno_n1
1469114,2,0,0_okno_n5+
1469214,1,0,0_okno_n2
1469223,0,0,0_okno_n2
1469302,0,0,0_okno_n1
1469384,0,0,0_okno_n2
1469436,4,0,0_okno_n1
1469466,4,0,0_okno_n3-4
1469551,4,0,0_okno_n1
1469568,1,0,0_okno_n2
1469598,3,0,0_okno_n1
1469602,2,0,0_okno_n5+
1469618,1,0,0_okno_n1
1469634,1,0,0_okno_n1
1469738,3,0,0_okno_n3-4
1469775,3,0,0_okno_n2
1469806,2,0,0_okno_n3-4
1469842,3,0,0_okno_n2
1469872,2,0,0_okno_n1
1469894,1,0,0_okno_n2
1469935,3,0,0_okno_n1
1469946,4,0,0_okno_n2
1469964,0,0,0_okno_n1
1470012,4,0,0_okno_n1
1470041,1,0,0_okno_n1
1470056,1,0,0_okno_n1
1470178,1,0,0_okno_n2
1470230,0,0,0_okno_n1
1470240,1,0,0_okno_n1
1470280,0,0,0_okno_n3-4
1470295,2,0,0_okno_n1
1470321,3,0,0_okno_n1
1470336,1,0,0_okno_n1
1470402,2,0,0_okno_n2
1470415,3,0,0_okno_n2
1470581,0,0,0_okno_n1
1470616,3,0,0_okno_n2
1470623,3,0,0_okno_n2
1470654,2,0,0_okno_n3-4
1470717,4,0,0_okno_n1
1470748,2,0,0_okno_n2
1470778,0,0,0_okno_n1
1470814,1,0,0_okno_n2
1470858,2,0,0_okno_n2
1470925,4,1,1_pozaokno_n3-4
1470937,1,0,0_okno_n1
1470982,4,0,0_okno_n1
1470984,3,0,0_okno_n2
1470992,1,1,1_pozaokno_n2
1471023,3,0,0_okno_n3-4
1471103,1,0,0_okno_n2
1471122,2,0,0_okno_n2
1471171,0,0,0_okno_n2
1471198,3,0,0_okno_n1
1471314,4,0,0_okno_n2
1471377,1,0,0_okno_n1
1471392,1,0,0_okno_n1
1471476,2,0,0_okno_n1
1471477,4,0,0_okno_n2
1471497,1,0,0_okno_n1
1471504,2,0,0_okno_n1
1471521,2,0,0_okno_n1
1471528,0,0,0_okno_n1
1471560,2,0,0_okno_n1
1471587,2,0,0_okno_n3-4
1471627,4,1,1_pozaokno_n2
1471676,1,0,0_okno_n3-4
1471693,4,0,0_okno_n2
1471883,0,0,0_okno_n3-4
1471902,1,0,0_okno_n2
1471969,2,0,0_okno_n1
1471974,2,0,0_okno_n1
1472033,0,0,0_okno_n1
1472057,1,0,0_okno_n1
1472060,0,1,1_pozaokno_n3-4
1472335,1,0,0_okno_n1
1472354,3,0,0_okno_n1
1472355,0,0,0_okno_n1
1472376,0,0,0_okno_n1
1472408,4,0,0_okno_n1
1472426,0,0,0_okno_n1
1472444,3,0,0_okno_n1
1472460,4,0,0_okno_n1
1472518,0,0,0_okno_n1
1472535,4,0,0_okno_n1
1472565,1,0,0_okno_n1
1472588,2,0,0_okno_n1
1472703,1,1,1_pozaokno_n3-4
1472729,0,0,0_okno_n1
1472745,1,0,0_okno_n2
1472809,3,0,0_okno_n3-4
1472873,2,1,1_pozaokno_n2
1472915,3,0,0_okno_n1
1472970,1,0,0_okno_n3-4
1472985,1,0,0_okno_n2
1473010,4,0,0_okno_n1
1473115,3,0,0_okno_n2
1473220,3,0,0_okno_n1
1473229,1,0,0_okno_n2
1473234,1,0,0_okno_n1
1473238,0,0,0_okno_n1
1473278,4,0,0_okno_n1
1473380,0,0,0_okno_n1
1473399,0,0,0_okno_n2
1473404,1,0,0_okno_n1
1473466,4,0,0_okno_n1
1473490,2,0,0_okno_n1
1473547,2,0,0_okno_n3-4
1473551,0,0,0_okno_n1
1473561,3,0,0_okno_n1
1473591,4,0,0_okno_n2
1473607,1,0,0_okno_n1
1473618,3,1,1_pozaokno_n2
1473658,3,0,0_okno_n1
1473671,3,0,0_okno_n1
1473693,0,0,0_okno_n1
1473713,1,0,0_okno_n5+
1473776,1,0,0_okno_n2
1473871,1,1,1_pozaokno_n5+
1473936,4,0,0_okno_n1
1473953,0,0,0_okno_n1
1474046,1,0,0_okno_n1
1474065,3,0,0_okno_n1
1474090,1,0,0_okno_n1
1474095,4,0,0_okno_n1
1474109,1,0,0_okno_n3-4
1474111,4,0,0_okno_n1
1474124,3,0,0_okno_n2
1474163,1,0,0_okno_n3-4
1474174,2,0,0_okno_n1
1474179,0,0,0_okno_n1
1474189,1,0,0_okno_n2
1474290,2,0,0_okno_n1
1474361,2,0,0_okno_n2
1474491,0,0,0_okno_n1
1474524,1,0,0_okno_n1
1474535,3,0,0_okno_n1
1474582,4,0,0_okno_n1
1474583,4,0,0_okno_n1
1474611,2,0,0_okno_n2
1474641,1,0,0_okno_n1
1474705,2,0,0_okno_n1
1474777,2,0,0_okno_n1
1474787,4,0,0_okno_n5+
1474797,0,0,0_okno_n1
1474848,0,0,0_okno_n1
1474877,1,0,0_okno_n1
1474894,4,0,0_okno_n2
1474935,3,0,0_okno_n2
1474969,0,0,0_okno_n1
1475046,3,0,0_okno_n1
1475091,1,0,0_okno_n1
1475092,0,0,0_okno_n1
1475195,1,0,0_okno_n1
1475239,3,0,0_okno_n3-4
1475339,0,0,0_okno_n2
1475343,0,0,0_okno_n1
1475362,1,0,0_okno_n1
1475397,0,0,0_okno_n1
1475454,0,0,0_okno_n1
1475458,3,0,0_okno_n1
1475471,2,0,0_okno_n1
1475542,0,0,0_okno_n3-4
1475592,1,0,0_okno_n2
1475645,4,0,0_okno_n2
1475646,4,0,0_okno_n1
1475750,2,0,0_okno_n1
1475754,3,0,0_okno_n1
1475770,1,0,0_okno_n1
1475773,0,0,0_okno_n1
1475783,4,0,0_okno_n2
1475821,1,0,0_okno_n1
1475846,3,0,0_okno_n1
1475864,1,0,0_okno_n1
1475867,2,0,0_okno_n2
1475871,4,0,0_okno_n1
1475885,3,0,0_okno_n1
1475987,0,0,0_okno_n1
1476000,4,1,1_pozaokno_n2
1476031,4,0,0_okno_n5+
1476041,2,0,0_okno_n1
1476051,0,0,0_okno_n5+
1476082,4,0,0_okno_n5+
1476107,0,0,0_okno_n1
1476116,0,0,0_okno_n1
1476152,4,0,0_okno_n1
1476160,2,0,0_okno_n1
1476171,3,0,0_okno_n2
1476176,4,0,0_okno_n2
1476248,4,0,0_okno_n2
1476314,3,0,0_okno_n1
1476390,0,0,0_okno_n1
1476391,4,0,0_okno_n3-4
1476448,0,0,0_okno_n1
1476462,2,0,0_okno_n5+
1476479,3,0,0_okno_n1
1476538,0,0,0_okno_n2
1476595,1,0,0_okno_n2
1476601,1,0,0_okno_n1
1476602,2,0,0_okno_n1
1476666,2,0,0_okno_n3-4
1476683,1,0,0_okno_n1
1476714,2,0,0_okno_n2
1476738,4,0,0_okno_n1
1476760,2,0,0_okno_n1
1476822,3,0,0_okno_n1
1476825,3,0,0_okno_n3-4
1476874,0,0,0_okno_n5+
1476876,3,0,0_okno_n1
1476894,2,0,0_okno_n3-4
1476908,3,0,0_okno_n1
1476915,0,0,0_okno_n2
1476921,4,0,0_okno_n3-4
1476926,3,0,0_okno_n3-4
1476932,4,0,0_okno_n1
1476963,1,0,0_okno_n1
1476967,3,0,0_okno_n1
1476996,2,0,0_okno_n1
1477031,1,0,0_okno_n1
1477041,1,0,0_okno_n1
1477061,4,0,0_okno_n1
1477072,4,0,0_okno_n1
1477091,1,0,0_okno_n1
1477125,0,0,0_okno_n1
1477132,1,0,0_okno_n1
1477134,3,0,0_okno_n1
1477215,4,0,0_okno_n1
1477241,0,0,0_okno_n2
1477293,1,0,0_okno_n1
1477303,4,0,0_okno_n2
1477353,4,0,0_okno_n5+
1477378,0,0,0_okno_n2
1477388,3,0,0_okno_n1
1477457,3,0,0_okno_n1
1477505,0,0,0_okno_n3-4
1477554,1,0,0_okno_n3-4
1477680,4,0,0_okno_n1
1477681,1,0,0_okno_n1
1477722,0,0,0_okno_n1
1477743,1,0,0_okno_n2
1477747,2,0,0_okno_n2
1477799,4,0,0_okno_n1
1477810,0,0,0_okno_n3-4
1477851,1,0,0_okno_n1
1477857,0,0,0_okno_n2
1477871,3,0,0_okno_n1
1477880,1,0,0_okno_n5+
1477889,1,0,0_okno_n1
1477969,4,0,0_okno_n1
1478010,3,0,0_okno_n1
1478076,4,0,0_okno_n3-4
1478130,2,0,0_okno_n1
1478133,3,0,0_okno_n2
1478143,0,0,0_okno_n1
1478192,0,0,0_okno_n1
1478294,1,0,0_okno_n1
1478299,0,0,0_okno_n3-4
1478329,0,0,0_okno_n1
1478448,1,0,0_okno_n1
1478547,2,0,0_okno_n1
1478600,2,0,0_okno_n1
1478602,1,0,0_okno_n2
1478611,1,0,0_okno_n1
1478657,3,0,0_okno_n1
1478663,1,0,0_okno_n1
1478715,3,0,0_okno_n5+
1478725,1,1,1_pozaokno_n2
1478829,2,0,0_okno_n2
1478843,2,0,0_okno_n1
1478849,3,0,0_okno_n1
1478894,2,0,0_okno_n1
1478968,0,0,0_okno_n3-4
1478993,1,0,0_okno_n2
1479001,1,0,0_okno_n2
1479097,0,0,0_okno_n1
1479134,4,0,0_okno_n1
1479145,1,0,0_okno_n1
1479177,1,0,0_okno_n3-4
1479185,2,0,0_okno_n1
1479306,2,0,0_okno_n3-4
1479320,2,0,0_okno_n3-4
1479352,3,0,0_okno_n1
1479386,4,0,0_okno_n1
1479459,4,0,0_okno_n5+
1479495,1,0,0_okno_n1
1479539,4,0,0_okno_n1
1479593,2,0,0_okno_n1
1479608,2,0,0_okno_n1
1479710,4,0,0_okno_n1
1479744,2,0,0_okno_n2
1479792,2,0,0_okno_n5+
1479813,1,0,0_okno_n1
1479847,2,0,0_okno_n1
1479890,4,0,0_okno_n1
1480073,1,0,0_okno_n3-4
1480089,4,0,0_okno_n2
1480095,0,0,0_okno_n1
1480449,1,0,0_okno_n1
1480530,3,0,0_okno_n1
1480534,1,0,0_okno_n2
1480557,1,0,0_okno_n1
1480653,2,0,0_okno_n1
1480741,3,0,0_okno_n1
1480754,4,0,0_okno_n2
1480835,1,0,0_okno_n1
1480851,2,0,0_okno_n1
1480902,3,0,0_okno_n1
1480904,3,0,0_okno_n1
1480913,0,0,0_okno_n1
1480930,4,0,0_okno_n1
1481070,4,0,0_okno_n1
1481097,2,0,0_okno_n2
1481224,0,0,0_okno_n1
1481300,0,0,0_okno_n2
1481441,1,0,0_okno_n2
1481457,0,0,0_okno_n1
1481460,2,0,0_okno_n1
1481496,2,0,0_okno_n2
1481516,1,0,0_okno_n1
1481619,3,0,0_okno_n1
1481631,3,0,0_okno_n2
1481735,3,0,0_okno_n1
1481740,3,0,0_okno_n2
1481765,1,0,0_okno_n2
1481768,1,0,0_okno_n1
1481825,2,0,0_okno_n1
1481834,4,0,0_okno_n1
1481863,2,0,0_okno_n1
1481877,4,0,0_okno_n1
1481937,3,0,0_okno_n1
1481987,0,0,0_okno_n2
1482127,0,0,0_okno_n1
1482228,3,0,0_okno_n1
1482261,2,0,0_okno_n1
1482286,4,0,0_okno_n1
1482298,1,0,0_okno_n2
1482380,4,0,0_okno_n1
1482398,1,0,0_okno_n1
1482433,1,0,0_okno_n2
1482459,2,0,0_okno_n3-4
1482473,1,0,0_okno_n1
1482483,0,0,0_okno_n1
1482499,0,0,0_okno_n1
1482545,3,0,0_okno_n1
1482612,2,0,0_okno_n2
1482654,2,0,0_okno_n2
1482855,0,0,0_okno_n1
1482945,1,0,0_okno_n1
1482962,1,0,0_okno_n1
1482970,2,0,0_okno_n1
1482993,3,0,0_okno_n1
1483039,1,0,0_okno_n1
1483066,4,0,0_okno_n1
1483067,3,0,0_okno_n1
1483103,4,0,0_okno_n1
1483180,1,0,0_okno_n1
1483182,1,0,0_okno_n1
1483194,3,0,0_okno_n1
1483325,2,0,0_okno_n2
1483381,1,0,0_okno_n3-4
1483387,0,0,0_okno_n2
1483423,4,0,0_okno_n2
1483424,2,0,0_okno_n1
1483469,3,0,0_okno_n1
1483505,3,0,0_okno_n2
1483521,2,0,0_okno_n2
1483543,2,0,0_okno_n2
1483574,4,0,0_okno_n1
1483584,3,0,0_okno_n3-4
1483591,2,0,0_okno_n2
1483662,2,0,0_okno_n2
1483665,0,0,0_okno_n1
1483667,2,0,0_okno_n1
1483679,1,0,0_okno_n1
1483715,1,0,0_okno_n1
1483732,1,0,0_okno_n1
1483753,1,0,0_okno_n1
1483759,3,0,0_okno_n1
1483835,1,0,0_okno_n1
1483850,1,0,0_okno_n1
1483875,1,0,0_okno_n1
1483903,2,0,0_okno_n1
1483925,0,0,0_okno_n1
1483949,1,1,1_pozaokno_n1
1483970,4,0,0_okno_n1
1484155,1,0,0_okno_n3-4
1484230,2,0,0_okno_n1
1484231,3,0,0_okno_n1
1484255,0,0,0_okno_n1
1484360,2,0,0_okno_n1
1484372,1,0,0_okno_n3-4
1484379,0,0,0_okno_n2
1484424,3,0,0_okno_n1
1484445,3,0,0_okno_n1
1484460,1,0,0_okno_n1
1484475,2,0,0_okno_n1
1484476,3,0,0_okno_n2
1484488,1,0,0_okno_n1
1484496,2,0,0_okno_n1
1484497,3,0,0_okno_n1
1484538,1,0,0_okno_n1
1484544,0,0,0_okno_n1
1484546,4,0,0_okno_n3-4
1484596,1,0,0_okno_n1
1484626,4,0,0_okno_n1
1484644,4,1,1_pozaokno_n1
1484680,4,0,0_okno_n1
1484681,0,0,0_okno_n1
1484698,3,0,0_okno_n1
1484714,2,0,0_okno_n1
1484732,0,0,0_okno_n1
1484736,0,0,0_okno_n1
1484745,0,0,0_okno_n1
1484748,0,0,0_okno_n1
1484759,2,0,0_okno_n1
1484769,2,0,0_okno_n1
1484820,2,0,0_okno_n1
1484899,0,0,0_okno_n1
1484904,3,0,0_okno_n1
1484920,2,0,0_okno_n1
1484942,2,0,0_okno_n1
1485012,3,0,0_okno_n2
1485020,4,0,0_okno_n5+
1485028,3,0,0_okno_n1
1485066,0,0,0_okno_n3-4
1485160,0,0,0_okno_n1
1485198,4,0,0_okno_n3-4
1485338,4,0,0_okno_n1
1485368,2,0,0_okno_n1
1485388,1,0,0_okno_n1
1485394,4,0,0_okno_n1
1485443,1,0,0_okno_n1
1485617,0,0,0_okno_n2
1485721,0,0,0_okno_n2
1485723,2,0,0_okno_n3-4
1485888,2,0,0_okno_n1
1485927,3,1,1_pozaokno_n5+
1485945,0,0,0_okno_n1
1485963,4,0,0_okno_n1
1485998,3,0,0_okno_n3-4
1486030,0,0,0_okno_n5+
1486044,4,0,0_okno_n1
1486075,2,0,0_okno_n1
1486216,4,0,0_okno_n1
1486336,3,0,0_okno_n2
1486473,2,0,0_okno_n1
1486493,0,0,0_okno_n1
1486505,0,0,0_okno_n3-4
1486510,0,0,0_okno_n3-4
1486566,3,0,0_okno_n2
1486580,1,0,0_okno_n1
1486590,0,0,0_okno_n1
1486680,2,0,0_okno_n1
1486741,2,0,0_okno_n3-4
1486901,1,0,0_okno_n1
1486903,1,0,0_okno_n1
1486912,3,0,0_okno_n1
1486990,0,0,0_okno_n2
1487013,4,0,0_okno_n3-4
1487040,4,0,0_okno_n1
1487123,2,0,0_okno_n1
1487124,1,0,0_okno_n1
1487153,2,0,0_okno_n1
1487175,3,0,0_okno_n2
1487193,0,0,0_okno_n2
1487198,4,0,0_okno_n2
1487358,1,0,0_okno_n1
1487371,1,0,0_okno_n1
1487400,3,0,0_okno_n1
1487493,4,0,0_okno_n2
1487623,1,0,0_okno_n3-4
1487647,1,0,0_okno_n1
1487675,1,0,0_okno_n3-4
1487758,0,0,0_okno_n1
1487856,4,0,0_okno_n1
1487886,0,0,0_okno_n3-4
1487924,4,0,0_okno_n1
1487946,2,0,0_okno_n1
1487956,4,0,0_okno_n1
1488004,0,0,0_okno_n1
1488022,0,0,0_okno_n3-4
1488051,4,0,0_okno_n2
1488090,4,0,0_okno_n1
1488117,3,0,0_okno_n1
1488133,0,0,0_okno_n1
1488179,4,0,0_okno_n1
1488183,2,0,0_okno_n1
1488289,0,0,0_okno_n3-4
1488297,2,0,0_okno_n1
1488341,1,0,0_okno_n1
1488381,1,0,0_okno_n2
1488416,3,0,0_okno_n1
1488421,3,0,0_okno_n3-4
1488439,0,0,0_okno_n1
1488517,3,0,0_okno_n1
1488593,2,0,0_okno_n1
1488613,4,0,0_okno_n1
1488639,0,0,0_okno_n2
1488721,1,0,0_okno_n1
1488812,0,0,0_okno_n1
1488862,0,0,0_okno_n1
1488960,1,0,0_okno_n1
1489001,3,0,0_okno_n3-4
1489056,1,0,0_okno_n1
1489063,2,0,0_okno_n2
1489081,0,0,0_okno_n1
1489183,4,0,0_okno_n3-4
1489195,1,0,0_okno_n3-4
1489218,1,0,0_okno_n1
1489291,3,0,0_okno_n1
1489402,1,0,0_okno_n1
1489427,4,0,0_okno_n1
1489448,1,1,1_pozaokno_n2
1489458,2,0,0_okno_n1
1489535,1,1,1_pozaokno_n3-4
1489551,1,0,0_okno_n2
1489586,1,0,0_okno_n1
1489598,0,0,0_okno_n2
1489607,4,0,0_okno_n2
1489623,3,0,0_okno_n1
1489672,3,0,0_okno_n1
1489822,4,0,0_okno_n1
1489849,0,0,0_okno_n1
1489917,4,0,0_okno_n3-4
1489931,4,0,0_okno_n1
1489945,0,0,0_okno_n2
1489981,3,0,0_okno_n1
1490063,2,0,0_okno_n1
1490065,4,0,0_okno_n3-4
1490085,0,0,0_okno_n2
1490087,2,0,0_okno_n5+
1490118,3,0,0_okno_n3-4
1490126,1,0,0_okno_n2
1490159,0,0,0_okno_n1
1490212,1,0,0_okno_n1
1490218,2,0,0_okno_n1
1490233,4,0,0_okno_n1
1490237,2,0,0_okno_n1
1490240,2,0,0_okno_n2
1490292,3,0,0_okno_n2
1490298,1,0,0_okno_n1
1490340,3,1,1_pozaokno_n2
1490414,4,0,0_okno_n1
1490447,4,0,0_okno_n2
1490450,0,0,0_okno_n1
1490471,4,0,0_okno_n1
1490482,0,0,0_okno_n1
1490541,4,0,0_okno_n1
1490760,3,0,0_okno_n2
1490770,3,0,0_okno_n2
1490772,4,0,0_okno_n1
1490823,2,0,0_okno_n1
1490951,2,0,0_okno_n2
1490954,2,0,0_okno_n3-4
1491041,4,0,0_okno_n1
1491054,3,1,1_pozaokno_n1
1491071,0,0,0_okno_n1
1491087,0,0,0_okno_n1
1491136,3,0,0_okno_n3-4
1491252,4,0,0_okno_n1
1491302,1,0,0_okno_n1
1491309,4,0,0_okno_n1
1491350,2,1,1_pozaokno_n3-4
1491373,1,0,0_okno_n1
1491386,3,0,0_okno_n5+
1491392,2,0,0_okno_n1
1491420,4,0,0_okno_n1
1491422,4,0,0_okno_n1
1491440,1,0,0_okno_n1
1491488,3,0,0_okno_n1
1491495,3,0,0_okno_n1
1491497,3,0,0_okno_n2
1491534,0,0,0_okno_n2
1491630,3,0,0_okno_n1
1491748,4,0,0_okno_n1
1491958,1,0,0_okno_n1
1491979,2,0,0_okno_n3-4
1491991,4,1,1_okno_n1
1492038,1,0,0_okno_n1
1492050,3,0,0_okno_n3-4
1492110,4,0,0_okno_n1
1492115,2,0,0_okno_n1
1492118,2,0,0_okno_n2
1492145,3,0,0_okno_n5+
1492157,4,0,0_okno_n1
1492260,3,0,0_okno_n1
1492369,0,0,0_okno_n1
1492380,3,0,0_okno_n1
1492389,3,0,0_okno_n2
1492505,2,0,0_okno_n2
1492580,1,0,0_okno_n1
1492714,3,0,0_okno_n3-4
1492843,0,0,0_okno_n1
1492879,1,0,0_okno_n1
1492920,0,0,0_okno_n3-4
1492936,1,0,0_okno_n1
1492962,1,0,0_okno_n2
1492992,3,0,0_okno_n1
1493002,0,0,0_okno_n5+
1493173,4,0,0_okno_n3-4
1493279,2,0,0_okno_n1
1493306,1,0,0_okno_n1
1493333,4,0,0_okno_n1
1493364,1,0,0_okno_n1
1493397,1,0,0_okno_n2
1493480,1,0,0_okno_n2
1493521,4,0,0_okno_n1
1493614,4,0,0_okno_n3-4
1493643,2,0,0_okno_n1
1493729,0,0,0_okno_n1
1493863,0,0,0_okno_n2
1494025,4,0,0_okno_n1
1494042,0,0,0_okno_n1
1494053,2,1,1_pozaokno_n5+
1494075,4,0,0_okno_n1
1494084,4,0,0_okno_n1
1494193,1,0,0_okno_n2
1494244,2,0,0_okno_n3-4
1494287,4,0,0_okno_n1
1494322,2,0,0_okno_n5+
1494333,2,0,0_okno_n3-4
1494335,3,0,0_okno_n1
1494434,3,1,1_pozaokno_n1
1494460,4,0,0_okno_n2
1494466,0,0,0_okno_n1
1494480,4,0,0_okno_n1
1494483,2,0,0_okno_n1
1494490,0,0,0_okno_n2
1494547,2,0,0_okno_n2
1494582,1,0,0_okno_n3-4
1494706,2,1,1_pozaokno_n1
1494783,1,0,0_okno_n1
1494803,1,0,0_okno_n1
1495116,3,0,0_okno_n1
1495185,1,0,0_okno_n1
1495201,3,0,0_okno_n1
1495250,2,0,0_okno_n3-4
1495277,3,0,0_okno_n1
1495320,0,0,0_okno_n3-4
1495321,2,0,0_okno_n1
1495391,1,0,0_okno_n2
1495392,3,1,1_pozaokno_n3-4
1495426,0,0,0_okno_n2
1495444,1,0,0_okno_n1
1495480,3,0,0_okno_n5+
1495491,3,0,0_okno_n1
1495533,3,0,0_okno_n2
1495662,2,0,0_okno_n3-4
1495702,0,0,0_okno_n2
1495790,3,0,0_okno_n1
1495807,0,0,0_okno_n5+
1495834,3,0,0_okno_n1
1495861,0,1,1_pozaokno_n2
1495889,1,0,0_okno_n1
1495904,2,1,1_pozaokno_n3-4
1495963,2,0,0_okno_n1
1495977,2,0,0_okno_n1
1495987,0,0,0_okno_n2
1496065,1,0,0_okno_n1
1496098,4,0,0_okno_n1
1496120,0,0,0_okno_n1
1496165,1,0,0_okno_n1
1496181,3,0,0_okno_n1
1496211,1,0,0_okno_n2
1496217,3,0,0_okno_n1
1496229,1,0,0_okno_n5+
1496360,0,0,0_okno_n1
1496373,0,0,0_okno_n1
1496395,2,0,0_okno_n1
1496477,4,0,0_okno_n1
1496498,3,0,0_okno_n1
1496501,3,0,0_okno_n1
1496565,0,0,0_okno_n1
1496612,2,0,0_okno_n3-4
1496624,1,0,0_okno_n1
1496697,3,0,0_okno_n1
1496711,2,0,0_okno_n3-4
1496794,2,0,0_okno_n2
1496849,2,0,0_okno_n2
1496858,4,0,0_okno_n1
1496884,1,0,0_okno_n1
1496923,4,0,0_okno_n1
1496969,4,0,0_okno_n1
1496979,3,0,0_okno_n3-4
1496983,0,0,0_okno_n1
1497025,3,0,0_okno_n1
1497057,3,0,0_okno_n5+
1497061,1,0,0_okno_n1
1497095,1,0,0_okno_n1
1497115,4,0,0_okno_n2
1497143,2,0,0_okno_n1
1497168,1,0,0_okno_n5+
1497170,0,0,0_okno_n1
1497251,1,0,0_okno_n2
1497254,1,0,0_okno_n1
1497255,2,0,0_okno_n1
1497282,0,0,0_okno_n5+
1497306,1,0,0_okno_n1
1497327,3,0,0_okno_n5+
1497346,1,0,0_okno_n1
1497351,3,0,0_okno_n1
1497392,1,0,0_okno_n1
1497421,0,0,0_okno_n2
1497428,4,0,0_okno_n1
1497431,0,0,0_okno_n1
1497587,4,0,0_okno_n1
1497590,1,0,0_okno_n2
1497623,4,0,0_okno_n1
1497638,1,0,0_okno_n3-4
1497640,0,0,0_okno_n2
1497646,0,0,0_okno_n2
1497686,0,0,0_okno_n5+
1497704,2,0,0_okno_n1
1497749,3,0,0_okno_n2
1497771,4,0,0_okno_n1
1497853,4,0,0_okno_n1
1497923,3,0,0_okno_n1
1497925,1,0,0_okno_n1
1497959,2,0,0_okno_n1
1497971,2,0,0_okno_n1
1497998,4,0,0_okno_n2
1498004,2,0,0_okno_n3-4
1498058,1,0,0_okno_n1
1498065,4,0,0_okno_n1
1498075,4,0,0_okno_n1
1498144,4,0,0_okno_n2
1498273,4,0,0_okno_n1
1498314,2,0,0_okno_n2
1498319,1,0,0_okno_n1
1498321,2,0,0_okno_n5+
1498493,1,0,0_okno_n2
1498494,3,0,0_okno_n1
1498547,3,1,1_pozaokno_n5+
1498555,3,0,0_okno_n1
1498556,1,0,0_okno_n1
1498557,3,0,0_okno_n1
1498586,2,0,0_okno_n2
1498594,3,0,0_okno_n1
1498595,4,0,0_okno_n2
1498596,4,0,0_okno_n1
1498654,2,0,0_okno_n1
1498795,0,0,0_okno_n2
1498817,1,0,0_okno_n1
1498834,2,0,0_okno_n1
1498858,2,0,0_okno_n1
1498895,3,0,0_okno_n3-4
1498907,1,0,0_okno_n5+
1498956,1,0,0_okno_n2
1498983,4,0,0_okno_n1
1498997,0,0,0_okno_n2
1499179,0,0,0_okno_n2
1499214,2,0,0_okno_n2
1499225,0,0,0_okno_n2
1499309,2,0,0_okno_n1
1499333,3,0,0_okno_n1
1499370,1,0,0_okno_n1
1499396,2,0,0_okno_n1
1499441,3,0,0_okno_n1
1499473,3,0,0_okno_n1
1499556,3,0,0_okno_n1
1499664,4,0,0_okno_n5+
1499680,3,0,0_okno_n1
1499712,2,0,0_okno_n2
1499726,2,0,0_okno_n1
1499810,1,1,1_pozaokno_n3-4
1499873,1,0,0_okno_n1
1500070,0,0,0_okno_n5+
1500173,2,0,0_okno_n2
1500188,3,0,0_okno_n1
1500222,0,0,0_okno_n1
1500268,3,0,0_okno_n1
1500318,3,0,0_okno_n2
1500322,3,0,0_okno_n1
1500445,4,0,0_okno_n1
1500554,1,0,0_okno_n1
1500673,1,0,0_okno_n1
1500674,4,0,0_okno_n1
1500680,4,0,0_okno_n3-4
1500715,2,1,1_pozaokno_n1
1500799,2,0,0_okno_n5+
1500800,1,0,0_okno_n1
1500816,4,0,0_okno_n1
1500931,0,0,0_okno_n3-4
1500959,1,0,0_okno_n2
1500993,2,0,0_okno_n1
1501092,1,0,0_okno_n3-4
1501157,2,0,0_okno_n1
1501158,4,0,0_okno_n1
1501274,0,0,0_okno_n3-4
1501312,4,0,0_okno_n1
1501325,0,0,0_okno_n1
1501437,0,0,0_okno_n1
1501445,4,0,0_okno_n1
1501574,2,0,0_okno_n2
1501597,1,0,0_okno_n1
1501601,3,0,0_okno_n1
1501705,1,0,0_okno_n1
1501734,3,1,1_pozaokno_n2
1501737,4,0,0_okno_n3-4
1501849,2,1,1_pozaokno_n1
1501880,3,0,0_okno_n1
1502066,2,0,0_okno_n1
1502137,1,0,0_okno_n5+
1502175,0,0,0_okno_n1
1502182,1,0,0_okno_n1
1502274,1,0,0_okno_n1
1502277,2,0,0_okno_n1
1502342,4,0,0_okno_n1
1502409,0,0,0_okno_n1
1502410,4,1,1_pozaokno_n2
1502498,2,0,0_okno_n5+
1502501,3,0,0_okno_n1
1502510,0,0,0_okno_n2
1502659,4,0,0_okno_n2
1502804,0,0,0_okno_n1
1502876,2,0,0_okno_n1
1502959,2,0,0_okno_n1
1502985,4,0,0_okno_n1
1503040,1,1,1_pozaokno_n2
1503064,0,0,0_okno_n3-4
1503188,1,0,0_okno_n1
1503199,1,0,0_okno_n1
1503346,0,0,0_okno_n5+
1503377,3,0,0_okno_n1
1503437,3,0,0_okno_n1
1503467,4,0,0_okno_n1
1503500,3,0,0_okno_n1
1503565,4,0,0_okno_n1
1503722,1,0,0_okno_n1
1503806,0,0,0_okno_n1
1503987,2,0,0_okno_n1
1504113,3,0,0_okno_n1
1504122,4,0,0_okno_n1
1504194,1,0,0_okno_n2
1504215,2,0,0_okno_n5+
1504216,0,1,1_pozaokno_n1
1504241,3,0,0_okno_n1
1504265,1,0,0_okno_n3-4
1504297,0,0,0_okno_n1
1504322,3,0,0_okno_n1
1504378,0,0,0_okno_n1
1504404,0,0,0_okno_n3-4
1504457,4,0,0_okno_n1
1504554,1,0,0_okno_n1
1504569,4,0,0_okno_n1
1504611,4,0,0_okno_n1
1504639,2,0,0_okno_n1
1504764,2,0,0_okno_n1
1504775,0,0,0_okno_n2
1504808,2,0,0_okno_n2
1504863,0,1,1_pozaokno_n1
1504865,2,0,0_okno_n1
1504879,0,0,0_okno_n1
1504899,3,0,0_okno_n1
1504959,4,0,0_okno_n1
1505032,0,1,1_pozaokno_n1
1505042,4,0,0_okno_n2
1505062,1,0,0_okno_n3-4
1505151,4,0,0_okno_n1
1505178,2,0,0_okno_n5+
1505237,3,0,0_okno_n2
1505238,1,0,0_okno_n1
1505376,4,0,0_okno_n1
1505388,1,0,0_okno_n1
1505401,1,0,0_okno_n1
1505410,0,0,0_okno_n1
1505422,3,0,0_okno_n2
1505453,3,0,0_okno_n3-4
1505493,4,0,0_okno_n1
1505504,0,0,0_okno_n1
1505510,3,0,0_okno_n3-4
1505524,3,1,1_okno_n2
1505706,0,0,0_okno_n2
1505712,0,0,0_okno_n1
1505813,2,0,0_okno_n1
1505881,1,0,0_okno_n2
1505964,2,0,0_okno_n3-4
1506005,2,0,0_okno_n1
1506106,4,0,0_okno_n5+
1506142,0,0,0_okno_n1
1506157,0,0,0_okno_n3-4
1506181,3,0,0_okno_n1
1506238,3,1,1_pozaokno_n5+
1506340,2,0,0_okno_n1
1506358,1,0,0_okno_n1
1506365,3,0,0_okno_n1
1506389,1,0,0_okno_n1
1506441,0,0,0_okno_n1
1506462,2,1,1_pozaokno_n2
1506468,1,0,0_okno_n1
1506484,2,0,0_okno_n5+
1506494,3,0,0_okno_n1
1506504,0,0,0_okno_n2
1506530,2,0,0_okno_n1
1506580,3,0,0_okno_n2
1506626,3,0,0_okno_n3-4
1506668,1,0,0_okno_n1
1506678,4,0,0_okno_n1
1506736,1,0,0_okno_n1
1506804,3,0,0_okno_n5+
1506822,1,0,0_okno_n2
1506840,1,0,0_okno_n1
1506841,0,0,0_okno_n1
1506974,4,0,0_okno_n5+
1507010,1,0,0_okno_n1
1507013,3,0,0_okno_n2
1507032,1,0,0_okno_n2
1507075,2,0,0_okno_n1
1507082,0,0,0_okno_n2
1507097,4,0,0_okno_n1
1507124,3,0,0_okno_n1
1507139,3,0,0_okno_n1
1507142,1,0,0_okno_n1
1507241,3,0,0_okno_n1
1507365,0,0,0_okno_n1
1507537,2,0,0_okno_n1
1507574,4,0,0_okno_n5+
1507697,2,0,0_okno_n2
1507716,1,0,0_okno_n1
1507734,0,0,0_okno_n2
1507754,4,1,1_pozaokno_n1
1507763,4,0,0_okno_n1
1507812,2,0,0_okno_n1
1507850,0,0,0_okno_n1
1507891,2,0,0_okno_n1
1507912,0,0,0_okno_n1
1507979,1,0,0_okno_n1
1508011,3,0,0_okno_n2
1508060,1,0,0_okno_n1
1508090,0,0,0_okno_n1
1508097,0,0,0_okno_n2
1508130,1,0,0_okno_n2
1508138,3,0,0_okno_n1
1508217,2,0,0_okno_n1
1508259,0,0,0_okno_n2
1508289,2,0,0_okno_n2
1508387,2,0,0_okno_n2
1508403,0,1,1_pozaokno_n2
1508409,0,0,0_okno_n1
1508451,4,0,0_okno_n3-4
1508460,0,0,0_okno_n1
1508468,2,0,0_okno_n1
1508497,1,0,0_okno_n1
1508568,3,0,0_okno_n3-4
1508578,0,1,1_okno_n5+
1508599,1,0,0_okno_n1
1508644,4,0,0_okno_n3-4
1508672,3,0,0_okno_n1
1508737,1,0,0_okno_n5+
1508809,1,0,0_okno_n2
1508813,2,0,0_okno_n1
1508861,2,0,0_okno_n2
1508915,1,0,0_okno_n1
1508940,4,0,0_okno_n1
1508947,4,0,0_okno_n1
1508981,2,0,0_okno_n1
1509080,0,0,0_okno_n1
1509089,1,0,0_okno_n1
1509098,0,0,0_okno_n1
1509179,1,1,1_pozaokno_n5+
1509185,3,0,0_okno_n1
1509217,4,1,1_pozaokno_n2
1509249,1,0,0_okno_n3-4
1509253,3,0,0_okno_n1
1509297,1,0,0_okno_n1
1509322,1,0,0_okno_n1
1509371,0,0,0_okno_n2
1509417,2,0,0_okno_n1
1509508,3,0,0_okno_n1
1509629,1,0,0_okno_n1
1509725,4,0,0_okno_n5+
1509840,2,0,0_okno_n1
1509930,2,0,0_okno_n2
1509941,0,0,0_okno_n1
1509965,1,0,0_okno_n1
1510012,2,0,0_okno_n2
1510046,3,0,0_okno_n2
1510345,4,0,0_okno_n3-4
1510380,2,0,0_okno_n2
1510420,0,0,0_okno_n3-4
1510570,2,0,0_okno_n1
1510705,0,0,0_okno_n1
1510756,1,0,0_okno_n2
1510840,3,0,0_okno_n2
1510881,0,0,0_okno_n1
1511025,3,0,0_okno_n2
1511041,0,0,0_okno_n2
1511085,3,0,0_okno_n2
1511096,3,0,0_okno_n1
1511102,1,0,0_okno_n5+
1511126,2,0,0_okno_n1
1511171,2,0,0_okno_n2
1511220,4,0,0_okno_n2
1511272,4,0,0_okno_n2
1511369,2,0,0_okno_n1
1511416,4,0,0_okno_n2
1511467,3,0,0_okno_n1
1511481,4,0,0_okno_n2
1511540,2,0,0_okno_n3-4
1511605,4,0,0_okno_n1
1511674,2,0,0_okno_n2
1511701,4,0,0_okno_n1
1511827,4,0,0_okno_n1
1511984,0,0,0_okno_n3-4
1512004,3,0,0_okno_n1
1512130,0,0,0_okno_n1
1512188,0,0,0_okno_n1
1512320,0,0,0_okno_n1
1512390,3,0,0_okno_n3-4
1512393,2,0,0_okno_n5+
1512404,1,0,0_okno_n1
1512413,4,0,0_okno_n1
1512488,2,0,0_okno_n1
1512489,0,0,0_okno_n1
1512500,4,0,0_okno_n1
1512568,1,0,0_okno_n1
1512622,0,0,0_okno_n2
1512637,1,0,0_okno_n1
1512690,1,0,0_okno_n2
1512796,1,1,1_pozaokno_n2
1512802,2,0,0_okno_n3-4
1512835,2,0,0_okno_n1
1512865,1,0,0_okno_n1
1512995,3,0,0_okno_n2
1513044,2,0,0_okno_n5+
1513062,0,0,0_okno_n1
1513066,0,0,0_okno_n2
1513123,4,0,0_okno_n5+
1513156,0,1,1_pozaokno_n2
1513164,3,0,0_okno_n1
1513283,1,0,0_okno_n1
1513286,2,0,0_okno_n1
1513321,0,0,0_okno_n1
1513322,4,0,0_okno_n1
1513325,2,0,0_okno_n2
1513339,1,0,0_okno_n1
1513348,1,1,1_pozaokno_n3-4
1513376,3,0,0_okno_n1
1513477,4,0,0_okno_n1
1513565,4,0,0_okno_n1
1513647,4,0,0_okno_n1
1513702,2,0,0_okno_n1
1513708,3,0,0_okno_n2
1513710,2,0,0_okno_n3-4
1513772,3,0,0_okno_n1
1513800,2,0,0_okno_n2
1513819,3,0,0_okno_n3-4
1513821,4,0,0_okno_n3-4
1513854,1,0,0_okno_n1
1513904,3,0,0_okno_n5+
1514003,2,0,0_okno_n3-4
1514006,3,0,0_okno_n1
1514009,0,0,0_okno_n1
1514058,0,0,0_okno_n2
1514110,4,0,0_okno_n1
1514180,0,0,0_okno_n2
1514210,2,0,0_okno_n2
1514271,2,0,0_okno_n1
1514308,4,0,0_okno_n2
1514320,2,0,0_okno_n3-4
1514339,2,0,0_okno_n1
1514374,0,0,0_okno_n5+
1514410,2,0,0_okno_n5+
1514459,4,0,0_okno_n1
1514482,0,0,0_okno_n3-4
1514494,4,0,0_okno_n1
1514503,0,1,1_pozaokno_n1
1514514,3,0,0_okno_n2
1514662,3,0,0_okno_n2
1514729,2,0,0_okno_n1
1514826,2,0,0_okno_n1
1514829,2,0,0_okno_n2
1514945,2,0,0_okno_n1
1514946,0,0,0_okno_n1
1514995,3,0,0_okno_n5+
1515100,2,0,0_okno_n1
1515104,2,0,0_okno_n1
1515178,3,1,1_pozaokno_n2
1515180,3,0,0_okno_n1
1515270,3,0,0_okno_n3-4
1515273,4,0,0_okno_n1
1515310,2,0,0_okno_n1
1515333,2,0,0_okno_n1
1515349,2,1,1_pozaokno_n5+
1515409,4,0,0_okno_n1
1515449,4,0,0_okno_n2
1515482,4,0,0_okno_n5+
1515546,0,0,0_okno_n2
1515717,1,1,1_pozaokno_n3-4
1515825,1,0,0_okno_n1
1515847,2,0,0_okno_n1
1515978,1,0,0_okno_n1
1515993,3,0,0_okno_n1
1516024,3,0,0_okno_n1
1516037,1,0,0_okno_n1
1516045,2,0,0_okno_n5+
1516073,0,1,1_pozaokno_n2
1516080,2,0,0_okno_n2
1516130,4,1,1_pozaokno_n2
1516154,4,0,0_okno_n1
1516303,3,0,0_okno_n1
1516360,4,0,0_okno_n1
1516403,3,0,0_okno_n1
1516430,3,0,0_okno_n2
1516459,1,0,0_okno_n1
1516522,1,0,0_okno_n2
1516649,2,0,0_okno_n3-4
1516720,3,0,0_okno_n1
1516817,0,0,0_okno_n2
1516820,3,0,0_okno_n1
1516878,0,0,0_okno_n2
1516998,4,0,0_okno_n1
1516999,2,0,0_okno_n2
1517076,3,0,0_okno_n3-4
1517107,3,0,0_okno_n2
1517297,2,0,0_okno_n2
1517326,1,0,0_okno_n1
1517434,1,0,0_okno_n5+
1517562,1,0,0_okno_n5+
1517585,1,0,0_okno_n1
1517608,2,0,0_okno_n1
1517733,3,0,0_okno_n2
1517744,1,0,0_okno_n2
1517754,0,0,0_okno_n1
1517761,2,0,0_okno_n1
1517827,0,0,0_okno_n1
1517860,1,0,0_okno_n1
1517868,2,0,0_okno_n1
1517869,2,0,0_okno_n1
1518026,4,0,0_okno_n1
1518043,2,0,0_okno_n1
1518181,2,0,0_okno_n1
1518207,1,0,0_okno_n1
1518215,3,0,0_okno_n5+
1518233,2,0,0_okno_n1
1518248,2,0,0_okno_n3-4
1518254,3,0,0_okno_n1
1518259,0,0,0_okno_n1
1518275,2,0,0_okno_n1
1518303,1,0,0_okno_n2
1518332,2,0,0_okno_n1
1518523,3,0,0_okno_n1
1518542,0,1,1_pozaokno_n3-4
1518671,2,1,1_okno_n5+
1518908,1,0,0_okno_n1
1519113,1,0,0_okno_n5+
1519347,4,0,0_okno_n1
1519447,3,1,1_pozaokno_n1
1519475,0,0,0_okno_n1
1519485,1,0,0_okno_n2
1519487,1,0,0_okno_n3-4
1519508,0,0,0_okno_n3-4
1519566,2,0,0_okno_n5+
1519603,0,0,0_okno_n1
1519614,1,0,0_okno_n2
1519778,0,0,0_okno_n1
1519796,0,0,0_okno_n2
1519840,0,0,0_okno_n5+
1519850,3,0,0_okno_n1
1519898,2,0,0_okno_n3-4
1519990,3,0,0_okno_n1
1519994,1,0,0_okno_n2
1520092,0,1,1_pozaokno_n2
1520101,2,0,0_okno_n1
1520197,4,0,0_okno_n1
1520325,0,1,1_pozaokno_n2
1520419,4,0,0_okno_n1
1520456,3,0,0_okno_n1
1520476,2,0,0_okno_n5+
1520490,3,0,0_okno_n2
1520531,0,0,0_okno_n1
1520577,4,0,0_okno_n1
1520705,2,0,0_okno_n1
1520762,0,0,0_okno_n2
1520771,2,0,0_okno_n2
1520776,0,0,0_okno_n2
1520779,4,0,0_okno_n1
1520917,1,0,0_okno_n2
1520950,4,0,0_okno_n1
1521041,2,0,0_okno_n1
1521095,3,1,1_pozaokno_n5+
1521140,2,0,0_okno_n1
1521286,1,0,0_okno_n1
1521338,3,0,0_okno_n1
1521391,0,0,0_okno_n1
1521403,1,0,0_okno_n1
1521424,1,0,0_okno_n1
1521545,3,0,0_okno_n1
1521547,1,0,0_okno_n1
1521569,3,0,0_okno_n2
1521593,4,0,0_okno_n1
1521612,1,0,0_okno_n1
1521621,0,0,0_okno_n1
1521628,1,0,0_okno_n2
1521661,0,0,0_okno_n1
1521938,0,0,0_okno_n1
1521970,2,0,0_okno_n3-4
1522001,0,0,0_okno_n1
1522006,0,0,0_okno_n2
1522097,1,0,0_okno_n1
1522153,2,0,0_okno_n1
1522187,3,0,0_okno_n5+
1522188,2,0,0_okno_n3-4
1522231,0,0,0_okno_n3-4
1522316,1,0,0_okno_n2
1522360,1,0,0_okno_n1
1522365,2,0,0_okno_n1
1522411,1,0,0_okno_n2
1522429,1,0,0_okno_n1
1522540,4,0,0_okno_n1
1522612,2,0,0_okno_n1
1522844,0,0,0_okno_n1
1522845,0,0,0_okno_n2
1522905,2,0,0_okno_n1
1523013,3,0,0_okno_n2
1523039,1,0,0_okno_n1
1523047,2,0,0_okno_n3-4
1523050,4,1,1_pozaokno_n5+
1523060,3,0,0_okno_n1
1523165,1,0,0_okno_n3-4
1523184,3,1,1_pozaokno_n2
1523299,0,0,0_okno_n1
1523309,0,0,0_okno_n1
1523339,1,0,0_okno_n1
1523358,2,0,0_okno_n1
1523399,0,0,0_okno_n1
1523432,4,0,0_okno_n1
1523440,1,0,0_okno_n1
1523488,0,0,0_okno_n1
1523599,2,0,0_okno_n2
1523601,1,0,0_okno_n1
1523604,1,0,0_okno_n1
1523614,0,0,0_okno_n1
1523651,2,0,0_okno_n1
1523668,0,0,0_okno_n1
1523682,0,0,0_okno_n1
1523696,2,1,1_pozaokno_n2
1523750,3,0,0_okno_n1
1523765,4,0,0_okno_n1
1523771,2,0,0_okno_n1
1523811,4,1,1_pozaokno_n1
1523862,1,0,0_okno_n1
1523937,0,0,0_okno_n1
1524029,2,0,0_okno_n1
1524074,4,1,1_pozaokno_n5+
1524197,2,0,0_okno_n1
1524236,4,0,0_okno_n2
1524336,2,0,0_okno_n1
1524578,0,0,0_okno_n1
1524687,4,0,0_okno_n1
1524757,3,1,1_pozaokno_n5+
1524790,4,0,0_okno_n1
1524804,1,1,1_pozaokno_n5+
1524831,1,0,0_okno_n5+
1524839,3,0,0_okno_n1
1525072,0,0,0_okno_n1
1525242,1,0,0_okno_n1
1525251,3,0,0_okno_n1
1525291,4,0,0_okno_n3-4
1525301,0,1,1_pozaokno_n3-4
1525456,3,0,0_okno_n1
1525565,1,0,0_okno_n2
1525567,4,0,0_okno_n2
1525596,3,0,0_okno_n1
1525599,4,0,0_okno_n1
1525615,2,0,0_okno_n1
1525634,0,0,0_okno_n2
1525688,4,1,1_pozaokno_n2
1525698,4,0,0_okno_n1
1525717,1,1,1_pozaokno_n5+
1525718,0,1,1_pozaokno_n1
1525841,4,0,0_okno_n5+
1525865,0,0,0_okno_n2
1525974,0,0,0_okno_n1
1525989,3,0,0_okno_n3-4
1526057,1,0,0_okno_n2
1526065,1,0,0_okno_n5+
1526083,1,0,0_okno_n1
1526111,3,0,0_okno_n1
1526116,0,0,0_okno_n3-4
1526280,1,0,0_okno_n2
1526297,2,0,0_okno_n2
1526498,3,0,0_okno_n2
1526611,4,0,0_okno_n1
1526615,2,0,0_okno_n1
1526639,4,0,0_okno_n1
1526647,3,0,0_okno_n1
1526748,4,0,0_okno_n2
1526835,1,0,0_okno_n1
1526860,0,0,0_okno_n1
1527148,1,0,0_okno_n1
1527240,4,0,0_okno_n1
1527320,4,0,0_okno_n1
1527374,4,0,0_okno_n3-4
1527423,4,1,1_pozaokno_n3-4
1527428,4,0,0_okno_n2
1527625,3,0,0_okno_n1
1527760,0,0,0_okno_n2
1527779,1,0,0_okno_n2
1527794,2,0,0_okno_n3-4
1527828,4,0,0_okno_n1
1528018,3,0,0_okno_n2
1528251,4,0,0_okno_n3-4
1528259,0,0,0_okno_n1
1528301,3,0,0_okno_n1
1528331,0,0,0_okno_n2
1528372,2,0,0_okno_n2
1528392,0,0,0_okno_n2
1528413,4,0,0_okno_n1
1528463,2,0,0_okno_n1
1528481,3,0,0_okno_n1
1528488,4,0,0_okno_n2
1528592,3,0,0_okno_n1
1528617,4,0,0_okno_n2
1528626,1,0,0_okno_n2
1528645,1,0,0_okno_n1
1528677,2,0,0_okno_n1
1528681,1,0,0_okno_n3-4
1528740,0,0,0_okno_n1
1528842,1,1,1_pozaokno_n5+
1528908,4,0,0_okno_n1
1528911,1,0,0_okno_n1
1528993,1,0,0_okno_n2
1529013,1,0,0_okno_n3-4
1529130,4,0,0_okno_n1
1529207,1,1,1_pozaokno_n2
1529234,1,0,0_okno_n1
1529266,3,0,0_okno_n3-4
1529274,3,0,0_okno_n2
1529338,2,0,0_okno_n5+
1529353,1,0,0_okno_n2
1529355,1,1,1_pozaokno_n1
1529421,0,0,0_okno_n1
1529426,3,0,0_okno_n1
1529482,2,0,0_okno_n1
1529638,0,0,0_okno_n1
1529655,2,0,0_okno_n1
1529675,3,0,0_okno_n1
1529699,3,0,0_okno_n1
1529730,2,0,0_okno_n1
1529764,2,1,1_pozaokno_n5+
1529871,4,0,0_okno_n3-4
1529887,1,0,0_okno_n1
1529933,1,0,0_okno_n2
1529961,4,0,0_okno_n1
1529971,3,0,0_okno_n1
1530056,2,0,0_okno_n1
1530077,1,0,0_okno_n3-4
1530084,4,0,0_okno_n1
1530116,1,0,0_okno_n1
1530122,2,0,0_okno_n1
1530123,2,0,0_okno_n1
1530225,4,0,0_okno_n1
1530268,0,0,0_okno_n3-4
1530329,0,0,0_okno_n3-4
1530331,2,0,0_okno_n2
1530359,1,0,0_okno_n5+
1530383,4,0,0_okno_n1
1530386,1,0,0_okno_n1
1530469,4,0,0_okno_n2
1530471,0,0,0_okno_n5+
1530529,0,0,0_okno_n1
1530740,4,0,0_okno_n2
1530752,4,0,0_okno_n1
1530848,0,0,0_okno_n2
1530882,0,0,0_okno_n2
1530901,3,0,0_okno_n3-4
1530917,2,0,0_okno_n1
1530998,0,0,0_okno_n1
1531075,2,0,0_okno_n2
1531121,4,0,0_okno_n1
1531148,1,0,0_okno_n1
1531247,2,0,0_okno_n1
1531255,4,0,0_okno_n1
1531499,2,0,0_okno_n2
1531594,2,0,0_okno_n2
1531599,2,0,0_okno_n1
1531647,3,0,0_okno_n2
1531696,0,0,0_okno_n2
1531770,0,0,0_okno_n1
1531782,1,0,0_okno_n1
1531882,0,0,0_okno_n3-4
1531895,0,0,0_okno_n1
1531915,4,0,0_okno_n1
1531918,1,1,1_pozaokno_n5+
1532008,0,0,0_okno_n3-4
1532034,0,0,0_okno_n1
1532040,1,0,0_okno_n1
1532071,3,0,0_okno_n3-4
1532186,3,0,0_okno_n1
1532200,3,0,0_okno_n2
1532238,4,0,0_okno_n2
1532261,2,0,0_okno_n1
1532406,0,0,0_okno_n1
1532428,0,0,0_okno_n2
1532446,1,0,0_okno_n2
1532447,2,0,0_okno_n2
1532565,4,0,0_okno_n2
1532600,1,0,0_okno_n5+
1532662,3,0,0_okno_n1
1532711,3,0,0_okno_n2
1532716,1,0,0_okno_n1
1532853,1,0,0_okno_n1
1532865,4,0,0_okno_n1
1532879,0,0,0_okno_n1
1532896,3,0,0_okno_n3-4
1532903,1,0,0_okno_n2
1532931,3,1,1_pozaokno_n2
1532941,2,0,0_okno_n1
1533002,0,1,1_pozaokno_n2
1533004,1,0,0_okno_n5+
1533014,4,1,1_pozaokno_n1
1533016,2,0,0_okno_n1
1533197,3,0,0_okno_n1
1533290,3,0,0_okno_n1
1533310,4,0,0_okno_n1
1533497,0,0,0_okno_n5+
1533539,0,0,0_okno_n1
1533639,0,0,0_okno_n2
1533655,3,0,0_okno_n3-4
1533709,1,0,0_okno_n1
1533736,1,0,0_okno_n1
1533738,4,0,0_okno_n3-4
1533751,3,0,0_okno_n3-4
1534147,3,0,0_okno_n1
1534187,0,0,0_okno_n1
1534200,2,0,0_okno_n2
1534203,1,0,0_okno_n1
1534274,2,0,0_okno_n2
1534517,4,0,0_okno_n1
1534668,3,0,0_okno_n3-4
1534682,0,0,0_okno_n2
1534786,2,1,1_pozaokno_n5+
1534811,3,1,1_okno_n2
1534816,0,0,0_okno_n3-4
1534904,1,0,0_okno_n1
1534986,0,0,0_okno_n1
1534999,0,1,1_pozaokno_n2
1535138,0,0,0_okno_n1
1535196,4,0,0_okno_n3-4
1535228,3,1,1_pozaokno_n1
1535249,0,0,0_okno_n1
1535270,1,0,0_okno_n2
1535337,3,0,0_okno_n1
1535341,4,0,0_okno_n1
1535342,1,0,0_okno_n2
1535371,1,0,0_okno_n1
1535398,1,0,0_okno_n2
1535443,4,0,0_okno_n1
1535533,1,0,0_okno_n1
1535545,0,0,0_okno_n2
1535559,0,0,0_okno_n3-4
1535598,3,0,0_okno_n2
1535634,4,0,0_okno_n3-4
1535641,2,1,1_pozaokno_n2
1535696,1,0,0_okno_n2
1535697,0,0,0_okno_n1
1535720,0,0,0_okno_n1
1535732,4,0,0_okno_n1
1535771,4,0,0_okno_n1
1535817,3,0,0_okno_n1
1535971,1,0,0_okno_n1
1536051,3,0,0_okno_n2
1536060,1,0,0_okno_n2
1536158,2,0,0_okno_n1
1536213,3,0,0_okno_n1
1536226,3,0,0_okno_n1
1536248,3,0,0_okno_n1
1536290,2,0,0_okno_n1
1536321,3,0,0_okno_n2
1536402,1,0,0_okno_n1
1536462,2,0,0_okno_n1
1536683,3,0,0_okno_n1
1536709,1,0,0_okno_n1
1536735,4,0,0_okno_n1
1536744,1,0,0_okno_n2
1536790,4,0,0_okno_n3-4
1536865,0,0,0_okno_n1
1536890,1,0,0_okno_n1
1536948,2,0,0_okno_n1
1536966,0,0,0_okno_n1
1536974,1,0,0_okno_n2
1537020,3,0,0_okno_n5+
1537073,2,0,0_okno_n5+
1537154,2,0,0_okno_n3-4
1537161,3,0,0_okno_n2
1537175,3,0,0_okno_n1
1537185,2,0,0_okno_n2
1537220,3,0,0_okno_n3-4
1537268,2,0,0_okno_n3-4
1537318,4,0,0_okno_n1
1537319,3,1,1_pozaokno_n1
1537340,4,0,0_okno_n3-4
1537374,3,0,0_okno_n2
1537387,1,1,1_pozaokno_n2
1537395,4,0,0_okno_n2
1537399,0,0,0_okno_n1
1537470,1,0,0_okno_n1
1537514,0,0,0_okno_n1
1537560,4,0,0_okno_n3-4
1537574,1,0,0_okno_n2
1537579,4,0,0_okno_n2
1537585,1,0,0_okno_n2
1537590,0,0,0_okno_n1
1537709,4,0,0_okno_n5+
1537718,2,0,0_okno_n1
1537776,2,0,0_okno_n1
1537844,4,0,0_okno_n2
1537938,1,0,0_okno_n5+
1537979,4,0,0_okno_n1
1538025,2,0,0_okno_n1
1538032,1,0,0_okno_n3-4
1538046,4,0,0_okno_n5+
1538161,3,0,0_okno_n3-4
1538169,0,0,0_okno_n2
1538273,1,0,0_okno_n5+
1538297,1,0,0_okno_n3-4
1538305,1,0,0_okno_n2
1538306,2,0,0_okno_n2
1538452,2,1,1_pozaokno_n2
1538563,0,0,0_okno_n3-4
1538566,2,0,0_okno_n1
1538605,4,0,0_okno_n3-4
1538628,2,0,0_okno_n1
1538658,1,0,0_okno_n1
1538669,1,0,0_okno_n1
1538824,3,0,0_okno_n2
1538827,3,0,0_okno_n2
1538965,2,0,0_okno_n1
1538976,0,1,1_pozaokno_n3-4
1539018,2,0,0_okno_n1
1539123,4,0,0_okno_n3-4
1539152,1,0,0_okno_n1
1539222,0,0,0_okno_n1
1539226,1,0,0_okno_n1
1539237,3,0,0_okno_n1
1539241,0,0,0_okno_n2
1539268,0,1,1_pozaokno_n3-4
1539478,0,0,0_okno_n1
1539490,0,0,0_okno_n1
1539516,3,0,0_okno_n1
1539548,3,0,0_okno_n2
1539587,0,0,0_okno_n1
1539650,2,0,0_okno_n1
1539691,2,0,0_okno_n2
1539767,1,0,0_okno_n1
1539781,0,0,0_okno_n1
1539808,4,0,0_okno_n2
1539871,4,0,0_okno_n1
1539887,3,0,0_okno_n1
1539999,1,0,0_okno_n1
1540011,0,0,0_okno_n1
1540054,0,1,1_pozaokno_n5+
1540103,2,0,0_okno_n1
1540121,0,0,0_okno_n2
1540146,2,0,0_okno_n1
1540184,4,0,0_okno_n1
1540185,0,0,0_okno_n2
1540339,1,0,0_okno_n3-4
1540500,3,0,0_okno_n1
1540512,0,0,0_okno_n2
1540634,2,0,0_okno_n1
1540684,1,0,0_okno_n1
1540698,2,0,0_okno_n1
1540783,1,0,0_okno_n2
1540824,1,0,0_okno_n1
1540890,1,0,0_okno_n1
1540980,0,0,0_okno_n3-4
1541055,3,0,0_okno_n1
1541070,1,0,0_okno_n3-4
1541083,0,0,0_okno_n1
1541195,0,0,0_okno_n1
1541214,2,0,0_okno_n1
1541309,0,0,0_okno_n1
1541420,0,0,0_okno_n2
1541437,3,0,0_okno_n1
1541722,2,0,0_okno_n1
1541723,2,0,0_okno_n3-4
1541793,0,0,0_okno_n2
1541855,4,0,0_okno_n1
1541891,3,0,0_okno_n2
1541934,4,0,0_okno_n5+
1541987,2,1,1_pozaokno_n5+
1542043,3,0,0_okno_n1
1542125,0,0,0_okno_n1
1542131,3,0,0_okno_n1
1542146,0,0,0_okno_n1
1542169,0,0,0_okno_n1
1542187,0,0,0_okno_n3-4
1542236,1,0,0_okno_n1
1542295,2,0,0_okno_n1
1542353,0,1,1_pozaokno_n1
1542455,3,1,1_pozaokno_n3-4
1542514,0,0,0_okno_n2
1542595,0,0,0_okno_n1
1542603,4,0,0_okno_n1
1542666,4,0,0_okno_n3-4
1542845,1,0,0_okno_n1
1542896,0,0,0_okno_n1
1542939,2,0,0_okno_n3-4
1543038,3,0,0_okno_n1
1543101,1,0,0_okno_n3-4
1543119,2,1,1_pozaokno_n1
1543256,2,0,0_okno_n2
1543309,1,0,0_okno_n1
1543321,4,0,0_okno_n3-4
1543393,4,0,0_okno_n2
1543427,3,0,0_okno_n2
1543502,0,0,0_okno_n1
1543506,4,0,0_okno_n1
1543509,0,0,0_okno_n1
1543513,3,0,0_okno_n3-4
1543622,2,0,0_okno_n2
1543674,0,0,0_okno_n1
1543676,1,0,0_okno_n1
1543889,1,0,0_okno_n1
1543890,1,0,0_okno_n1
1543893,1,0,0_okno_n2
1543977,2,0,0_okno_n1
1544003,3,0,0_okno_n3-4
1544022,0,0,0_okno_n1
1544033,1,0,0_okno_n2
1544251,1,0,0_okno_n1
1544256,3,0,0_okno_n1
1544340,2,0,0_okno_n1
1544417,4,0,0_okno_n1
1544434,0,0,0_okno_n5+
1544451,4,0,0_okno_n2
1544510,0,0,0_okno_n1
1544626,1,1,1_pozaokno_n2
1544707,1,0,0_okno_n1
1544739,1,0,0_okno_n2
1544766,4,0,0_okno_n2
1544777,0,0,0_okno_n2
1544814,3,0,0_okno_n3-4
1544825,0,0,0_okno_n1
1544826,4,0,0_okno_n1
1544851,3,0,0_okno_n1
1545081,2,0,0_okno_n1
1545158,1,0,0_okno_n1
1545179,3,0,0_okno_n3-4
1545273,4,0,0_okno_n1
1545314,3,0,0_okno_n2
1545331,1,0,0_okno_n2
1545349,4,0,0_okno_n2
1545364,4,0,0_okno_n3-4
1545373,2,0,0_okno_n1
1545428,3,0,0_okno_n1
1545557,1,0,0_okno_n5+
1545586,2,0,0_okno_n1
1545614,3,0,0_okno_n2
1545616,4,0,0_okno_n1
1545662,4,0,0_okno_n2
1545796,1,0,0_okno_n2
1545803,4,0,0_okno_n1
1545815,0,0,0_okno_n1
1545836,0,0,0_okno_n1
1545840,0,1,1_pozaokno_n2
1545913,0,1,1_pozaokno_n3-4
1546028,4,0,0_okno_n3-4
1546082,2,0,0_okno_n1
1546090,3,0,0_okno_n1
1546186,3,0,0_okno_n1
1546230,1,0,0_okno_n1
1546232,3,0,0_okno_n2
1546269,4,0,0_okno_n1
1546363,1,1,1_pozaokno_n2
1546417,0,0,0_okno_n2
1546434,3,0,0_okno_n2
1546464,0,0,0_okno_n1
1546490,4,0,0_okno_n1
1546519,4,0,0_okno_n1
1546520,1,0,0_okno_n1
1546531,2,0,0_okno_n2
1546586,3,0,0_okno_n2
1546637,0,0,0_okno_n2
1546656,3,0,0_okno_n1
1546742,1,0,0_okno_n1
1546791,0,0,0_okno_n3-4
1546847,2,0,0_okno_n2
1546904,1,0,0_okno_n3-4
1546946,1,0,0_okno_n1
1546982,0,0,0_okno_n1
1547157,0,0,0_okno_n3-4
1547229,4,0,0_okno_n3-4
1547263,1,0,0_okno_n5+
1547299,2,0,0_okno_n3-4
1547350,4,0,0_okno_n3-4
1547459,3,0,0_okno_n1
1547488,3,0,0_okno_n1
1547506,2,0,0_okno_n2
1547519,3,0,0_okno_n2
1547615,3,0,0_okno_n1
1547799,4,1,1_pozaokno_n3-4
1547867,1,0,0_okno_n2
1547880,0,1,1_pozaokno_n2
1547910,3,0,0_okno_n1
1547965,1,0,0_okno_n3-4
1548139,3,0,0_okno_n1
1548141,1,0,0_okno_n2
1548145,0,0,0_okno_n1
1548176,0,1,1_pozaokno_n5+
1548261,3,0,0_okno_n1
1548274,1,0,0_okno_n1
1548279,1,0,0_okno_n3-4
1548405,3,0,0_okno_n3-4
1548435,2,0,0_okno_n1
1548483,1,0,0_okno_n1
1548506,0,0,0_okno_n3-4
1548682,2,0,0_okno_n1
1548720,3,0,0_okno_n2
1548743,0,0,0_okno_n3-4
1548792,4,0,0_okno_n1
1548822,3,0,0_okno_n2
1548934,1,0,0_okno_n1
1548979,2,0,0_okno_n1
1549024,3,0,0_okno_n1
1549143,4,0,0_okno_n1
1549229,3,0,0_okno_n2
1549247,1,0,0_okno_n1
1549259,1,1,1_pozaokno_n3-4
1549430,3,0,0_okno_n1
1549496,3,0,0_okno_n3-4
1549579,2,0,0_okno_n2
1549616,2,0,0_okno_n2
1549629,0,0,0_okno_n2
1549674,3,0,0_okno_n1
1549697,1,0,0_okno_n1
1549823,1,0,0_okno_n1
1549846,2,0,0_okno_n1
1549865,4,0,0_okno_n1
1549901,2,0,0_okno_n1
1549922,4,0,0_okno_n2
1549923,2,0,0_okno_n1
1549958,4,0,0_okno_n5+
1549985,3,0,0_okno_n1
1550022,3,0,0_okno_n5+
1550099,4,0,0_okno_n1
1550124,0,0,0_okno_n2
1550457,1,0,0_okno_n1
1550505,3,0,0_okno_n5+
1550625,1,0,0_okno_n1
1550643,1,0,0_okno_n1
1550646,3,0,0_okno_n1
1550688,0,0,0_okno_n1
1550698,1,1,1_pozaokno_n5+
1550737,3,0,0_okno_n1
1550755,3,0,0_okno_n1
1550782,4,0,0_okno_n1
1550795,2,0,0_okno_n1
1550837,1,0,0_okno_n1
1550842,1,0,0_okno_n2
1550843,1,0,0_okno_n2
1550876,4,0,0_okno_n1
1550952,1,0,0_okno_n1
1550963,0,0,0_okno_n5+
1551029,0,0,0_okno_n5+
1551031,4,0,0_okno_n1
1551153,4,0,0_okno_n1
1551179,0,0,0_okno_n1
1551322,4,0,0_okno_n1
1551356,1,0,0_okno_n1
1551366,0,0,0_okno_n2
1551369,0,0,0_okno_n2
1551426,4,0,0_okno_n1
1551435,0,0,0_okno_n1
1551505,0,0,0_okno_n2
1551533,2,0,0_okno_n1
1551551,0,0,0_okno_n2
1551735,4,0,0_okno_n3-4
1551773,4,0,0_okno_n2
1551809,3,0,0_okno_n1
1551811,3,0,0_okno_n1
1551821,3,0,0_okno_n3-4
1551927,1,0,0_okno_n1
1552006,3,0,0_okno_n1
1552040,0,0,0_okno_n1
1552063,4,0,0_okno_n3-4
1552070,2,0,0_okno_n1
1552138,4,0,0_okno_n1
1552166,0,0,0_okno_n2
1552198,2,0,0_okno_n5+
1552204,3,0,0_okno_n1
1552214,1,0,0_okno_n2
1552371,3,0,0_okno_n3-4
1552405,4,0,0_okno_n2
1552432,0,0,0_okno_n5+
1552440,3,0,0_okno_n1
1552443,3,0,0_okno_n1
1552497,4,0,0_okno_n3-4
1552514,0,0,0_okno_n2
1552762,1,0,0_okno_n1
1552793,2,0,0_okno_n1
1552799,1,0,0_okno_n2
1553002,0,0,0_okno_n1
1553015,0,0,0_okno_n1
1553089,1,0,0_okno_n1
1553130,3,0,0_okno_n1
1553131,2,0,0_okno_n3-4
1553143,3,0,0_okno_n3-4
1553224,1,0,0_okno_n1
1553316,0,0,0_okno_n1
1553370,2,0,0_okno_n1
1553418,1,0,0_okno_n1
1553449,1,0,0_okno_n2
1553472,0,1,1_pozaokno_n3-4
1553558,4,0,0_okno_n1
1553624,1,0,0_okno_n5+
1553630,0,0,0_okno_n1
1553747,3,0,0_okno_n1
1553794,0,0,0_okno_n1
1553936,0,0,0_okno_n1
1553945,3,0,0_okno_n1
1554080,4,0,0_okno_n1
1554263,0,0,0_okno_n2
1554268,2,0,0_okno_n1
1554555,0,0,0_okno_n2
1554557,1,0,0_okno_n1
1554673,3,0,0_okno_n1
1554760,1,0,0_okno_n1
1554815,0,0,0_okno_n2
1554818,2,0,0_okno_n1
1554826,1,0,0_okno_n2
1554907,4,0,0_okno_n2
1554953,0,0,0_okno_n1
1555111,2,0,0_okno_n2
1555167,0,0,0_okno_n5+
1555215,2,0,0_okno_n2
1555304,0,0,0_okno_n1
1555308,0,0,0_okno_n1
1555319,0,0,0_okno_n1
1555321,4,0,0_okno_n1
1555367,3,0,0_okno_n2
1555368,2,0,0_okno_n1
1555463,4,0,0_okno_n1
1555464,1,0,0_okno_n2
1555635,1,0,0_okno_n1
1555639,0,0,0_okno_n1
1555644,1,0,0_okno_n1
1555684,1,0,0_okno_n3-4
1555712,0,0,0_okno_n1
1555720,1,0,0_okno_n1
1555743,0,0,0_okno_n1
1555759,2,0,0_okno_n1
1555806,1,0,0_okno_n1
1555826,2,1,1_pozaokno_n5+
1555994,0,0,0_okno_n3-4
1556063,0,0,0_okno_n1
1556110,3,0,0_okno_n2
1556246,3,0,0_okno_n3-4
1556309,3,0,0_okno_n1
1556414,0,0,0_okno_n5+
1556416,0,1,1_pozaokno_n5+
1556432,3,0,0_okno_n2
1556536,1,0,0_okno_n2
1556626,2,1,1_okno_n1
1556662,2,0,0_okno_n2
1556671,4,0,0_okno_n1
1556699,0,0,0_okno_n1
1556714,4,1,1_pozaokno_n5+
1556765,4,0,0_okno_n3-4
1556795,4,0,0_okno_n3-4
1556816,2,0,0_okno_n1
1556939,0,0,0_okno_n1
1557035,0,0,0_okno_n2
1557077,0,0,0_okno_n1
1557190,3,0,0_okno_n1
1557332,1,0,0_okno_n2
1557333,4,0,0_okno_n2
1557355,0,0,0_okno_n1
1557390,1,0,0_okno_n1
1557475,1,0,0_okno_n1
1557477,3,0,0_okno_n3-4
1557519,1,0,0_okno_n1
1557670,1,0,0_okno_n1
1557683,4,0,0_okno_n2
1557703,2,0,0_okno_n1
1557749,0,0,0_okno_n2
1557754,3,0,0_okno_n1
1557776,2,0,0_okno_n2
1557795,3,0,0_okno_n1
1557814,1,0,0_okno_n1
1557820,3,0,0_okno_n1
1557919,4,0,0_okno_n1
1557961,4,0,0_okno_n5+
1557980,2,0,0_okno_n1
1557984,2,0,0_okno_n1
1558034,3,0,0_okno_n2
1558093,0,0,0_okno_n1
1558104,4,0,0_okno_n1
1558123,0,0,0_okno_n1
1558135,3,0,0_okno_n1
1558200,3,0,0_okno_n2
1558258,2,0,0_okno_n5+
1558285,1,0,0_okno_n1
1558348,2,0,0_okno_n5+
1558377,1,0,0_okno_n2
1558476,3,0,0_okno_n1
1558549,0,0,0_okno_n1
1558628,1,0,0_okno_n1
1558657,4,0,0_okno_n2
1558680,1,1,1_pozaokno_n1
1558694,3,0,0_okno_n1
1558708,2,0,0_okno_n5+
1558764,0,0,0_okno_n2
1558821,0,0,0_okno_n5+
1558830,4,0,0_okno_n3-4
1558833,1,0,0_okno_n1
1558876,4,0,0_okno_n5+
1558910,1,0,0_okno_n1
1559062,2,0,0_okno_n1
1559092,2,0,0_okno_n5+
1559100,2,0,0_okno_n1
1559105,1,1,1_pozaokno_n5+
1559116,2,0,0_okno_n1
1559142,3,0,0_okno_n3-4
1559199,2,0,0_okno_n1
1559208,1,0,0_okno_n1
1559276,3,0,0_okno_n1
1559322,3,0,0_okno_n1
1559389,3,0,0_okno_n1
1559426,2,0,0_okno_n2
1559440,3,0,0_okno_n2
1559547,2,0,0_okno_n1
1559550,0,0,0_okno_n3-4
1559568,3,0,0_okno_n1
1559582,1,0,0_okno_n1
1559583,1,0,0_okno_n3-4
1559610,2,0,0_okno_n1
1559674,0,1,1_pozaokno_n2
1559685,0,1,1_pozaokno_n1
1559872,0,0,0_okno_n1
1559911,3,0,0_okno_n1
1559995,0,0,0_okno_n1
1560038,4,0,0_okno_n1
1560064,1,0,0_okno_n5+
1560216,1,0,0_okno_n1
1560320,2,0,0_okno_n3-4
1560410,2,0,0_okno_n5+
1560425,2,0,0_okno_n1
1560447,1,0,0_okno_n1
1560539,2,0,0_okno_n1
1560583,1,0,0_okno_n1
1560707,1,0,0_okno_n1
1560751,1,0,0_okno_n1
1560752,4,0,0_okno_n1
1561017,2,0,0_okno_n1
1561062,4,0,0_okno_n3-4
1561169,0,1,1_pozaokno_n1
1561215,2,0,0_okno_n1
1561271,0,1,1_pozaokno_n2
1561340,3,0,0_okno_n1
1561500,1,0,0_okno_n1
1561598,1,0,0_okno_n5+
1561622,3,0,0_okno_n1
1561664,1,0,0_okno_n1
1561776,4,0,0_okno_n1
1561825,0,0,0_okno_n2
1561939,0,0,0_okno_n1
1562040,0,0,0_okno_n1
1562046,2,0,0_okno_n3-4
1562081,4,0,0_okno_n1
1562213,2,0,0_okno_n2
1562300,4,0,0_okno_n1
1562308,0,0,0_okno_n2
1562565,2,0,0_okno_n1
1562707,2,0,0_okno_n1
1562738,3,0,0_okno_n3-4
1562747,4,0,0_okno_n1
1562750,2,0,0_okno_n2
1562800,0,0,0_okno_n2
1562896,3,0,0_okno_n1
1562928,3,0,0_okno_n1
1562953,3,0,0_okno_n3-4
1562992,4,0,0_okno_n3-4
1563020,4,0,0_okno_n1
1563107,0,0,0_okno_n2
1563114,3,0,0_okno_n1
1563192,1,0,0_okno_n1
1563237,0,0,0_okno_n2
1563253,4,0,0_okno_n3-4
1563271,1,1,1_pozaokno_n1
1563385,2,0,0_okno_n2
1563445,0,1,1_pozaokno_n2
1563456,4,0,0_okno_n1
1563576,2,0,0_okno_n1
1563581,3,0,0_okno_n1
1563584,0,0,0_okno_n1
1563745,1,0,0_okno_n1
1563747,3,0,0_okno_n2
1563824,2,1,1_pozaokno_n5+
1563858,0,0,0_okno_n1
1563895,4,0,0_okno_n3-4
1563923,4,0,0_okno_n1
1563939,0,0,0_okno_n1
1563964,2,0,0_okno_n1
1564048,1,0,0_okno_n1
1564053,4,0,0_okno_n5+
1564064,2,0,0_okno_n1
1564220,0,0,0_okno_n1
1564342,2,0,0_okno_n3-4
1564385,4,0,0_okno_n2
1564391,2,0,0_okno_n1
1564493,3,0,0_okno_n2
1564535,3,0,0_okno_n5+
1564580,2,0,0_okno_n2
1564590,1,0,0_okno_n1
1564614,1,0,0_okno_n3-4
1564766,4,0,0_okno_n1
1564792,2,0,0_okno_n1
1564797,2,0,0_okno_n1
1564820,2,0,0_okno_n1
1564841,4,0,0_okno_n5+
1564844,1,0,0_okno_n1
1564900,3,1,1_pozaokno_n3-4
1565000,1,0,0_okno_n2
1565080,0,0,0_okno_n1
1565418,2,0,0_okno_n2
1565485,1,0,0_okno_n2
1565550,4,0,0_okno_n1
1565565,3,0,0_okno_n1
1565671,0,0,0_okno_n1
1565678,2,0,0_okno_n5+
1565684,4,0,0_okno_n1
1565686,0,0,0_okno_n5+
1565718,1,0,0_okno_n2
1565749,0,0,0_okno_n1
1565850,4,0,0_okno_n1
1565907,0,0,0_okno_n1
1566057,1,0,0_okno_n2
1566068,1,0,0_okno_n1
1566135,2,0,0_okno_n1
1566181,2,0,0_okno_n1
1566258,3,0,0_okno_n1
1566332,1,0,0_okno_n1
1566339,4,0,0_okno_n2
1566346,1,0,0_okno_n1
1566350,4,1,1_pozaokno_n3-4
1566524,0,0,0_okno_n1
1566598,1,1,1_pozaokno_n3-4
1566603,4,0,0_okno_n2
1566656,4,0,0_okno_n2
1566682,3,0,0_okno_n1
1566685,1,0,0_okno_n2
1566708,3,0,0_okno_n2
1566718,1,0,0_okno_n5+
1566756,0,0,0_okno_n5+
1566791,3,0,0_okno_n1
1566915,3,0,0_okno_n2
1567016,3,0,0_okno_n1
1567200,3,0,0_okno_n2
1567209,0,0,0_okno_n1
1567277,4,0,0_okno_n1
1567372,3,0,0_okno_n3-4
1567395,0,0,0_okno_n1
1567464,3,0,0_okno_n5+
1567639,3,0,0_okno_n3-4
1567709,4,0,0_okno_n1
1567849,2,0,0_okno_n1
1567898,4,0,0_okno_n3-4
1567936,0,0,0_okno_n2
1567961,2,0,0_okno_n1
1568166,2,0,0_okno_n2
1568195,0,0,0_okno_n1
1568208,0,0,0_okno_n1
1568314,1,1,1_pozaokno_n2
1568455,1,0,0_okno_n1
1568478,2,0,0_okno_n2
1568541,3,0,0_okno_n1
1568641,4,0,0_okno_n2
1568663,2,0,0_okno_n1
1568665,1,0,0_okno_n2
1568691,0,0,0_okno_n1
1568744,3,0,0_okno_n1
1568751,2,0,0_okno_n1
1568760,2,0,0_okno_n1
1568761,4,0,0_okno_n3-4
1568999,3,1,1_pozaokno_n2
1569164,0,0,0_okno_n3-4
1569207,1,0,0_okno_n2
1569265,1,0,0_okno_n1
1569311,0,0,0_okno_n2
1569366,0,0,0_okno_n1
1569396,3,0,0_okno_n3-4
1569436,4,0,0_okno_n2
1569521,0,1,1_pozaokno_n3-4
1569545,1,0,0_okno_n1
1569671,1,0,0_okno_n1
1569839,4,0,0_okno_n1
1569925,1,0,0_okno_n5+
1569942,3,0,0_okno_n1
1570005,3,0,0_okno_n1
1570039,4,0,0_okno_n5+
1570053,0,0,0_okno_n1
1570065,1,0,0_okno_n1
1570130,3,0,0_okno_n1
1570177,4,0,0_okno_n1
1570192,2,0,0_okno_n2
1570210,1,0,0_okno_n1
1570262,3,1,1_pozaokno_n2
1570267,0,0,0_okno_n1
1570295,2,0,0_okno_n5+
1570324,3,0,0_okno_n1
1570347,2,0,0_okno_n1
1570384,3,0,0_okno_n1
1570497,2,0,0_okno_n1
1570503,1,0,0_okno_n5+
1570603,1,0,0_okno_n1
1570661,1,0,0_okno_n1
1570692,2,0,0_okno_n1
1570717,3,0,0_okno_n1
1570773,1,0,0_okno_n1
1570796,0,0,0_okno_n1
1570801,2,0,0_okno_n2
1570802,3,0,0_okno_n3-4
1570896,3,0,0_okno_n2
1570967,4,0,0_okno_n1
1570974,4,0,0_okno_n3-4
1570984,0,0,0_okno_n1
1571021,3,0,0_okno_n3-4
1571033,0,0,0_okno_n1
1571047,2,0,0_okno_n1
1571074,3,0,0_okno_n1
1571153,1,1,1_pozaokno_n2
1571194,2,0,0_okno_n1
1571307,1,0,0_okno_n1
1571354,0,0,0_okno_n2
1571428,4,0,0_okno_n1
1571490,0,0,0_okno_n2
1571540,4,0,0_okno_n3-4
1571823,4,0,0_okno_n1
1571836,3,0,0_okno_n5+
1571838,2,0,0_okno_n1
1572054,4,0,0_okno_n5+
1572098,2,0,0_okno_n1
1572157,3,0,0_okno_n1
1572217,2,0,0_okno_n5+
1572219,2,0,0_okno_n1
1572259,0,0,0_okno_n1
1572290,4,0,0_okno_n1
1572357,1,0,0_okno_n1
1572520,1,0,0_okno_n5+
1572579,4,0,0_okno_n1
1572601,0,0,0_okno_n1
1572619,4,0,0_okno_n5+
1572674,1,0,0_okno_n3-4
1572716,0,0,0_okno_n5+
1572913,4,0,0_okno_n1
1572926,0,0,0_okno_n1
1572967,2,0,0_okno_n5+
1573083,1,0,0_okno_n5+
1573221,3,0,0_okno_n1
1573251,3,0,0_okno_n3-4
1573299,1,0,0_okno_n1
1573361,0,0,0_okno_n3-4
1573414,2,0,0_okno_n1
1573620,3,0,0_okno_n2
1573791,3,0,0_okno_n1
1573794,3,0,0_okno_n2
1573824,4,0,0_okno_n1
1573863,0,0,0_okno_n5+
1573905,4,0,0_okno_n1
1573954,4,0,0_okno_n3-4
1574016,2,0,0_okno_n2
1574076,2,0,0_okno_n2
1574088,0,1,1_pozaokno_n2
1574148,3,0,0_okno_n1
1574203,1,0,0_okno_n1
1574239,2,0,0_okno_n1
1574249,2,0,0_okno_n1
1574442,3,0,0_okno_n3-4
1574529,4,0,0_okno_n1
1574674,3,0,0_okno_n2
1574758,4,0,0_okno_n2
1574816,0,0,0_okno_n2
1574817,1,0,0_okno_n3-4
1575105,3,0,0_okno_n1
1575116,0,0,0_okno_n1
1575163,1,0,0_okno_n2
1575198,0,0,0_okno_n5+
1575206,3,0,0_okno_n1
1575229,0,0,0_okno_n3-4
1575232,2,0,0_okno_n3-4
1575432,4,0,0_okno_n2
1575433,4,0,0_okno_n1
1575444,2,0,0_okno_n1
1575513,3,0,0_okno_n1
1575594,1,0,0_okno_n1
1575627,0,1,1_pozaokno_n3-4
1575704,2,0,0_okno_n1
1575800,0,0,0_okno_n1
1575824,1,0,0_okno_n1
1576212,1,0,0_okno_n2
1576223,3,0,0_okno_n1
1576482,1,0,0_okno_n2
1576491,4,0,0_okno_n3-4
1576530,2,0,0_okno_n1
1576615,4,0,0_okno_n2
1576713,0,0,0_okno_n2
1576723,1,0,0_okno_n1
1576738,4,0,0_okno_n1
1576890,2,0,0_okno_n1
1576963,3,0,0_okno_n1
1576980,1,0,0_okno_n1
1577019,2,0,0_okno_n2
1577026,0,0,0_okno_n2
1577079,2,0,0_okno_n1
1577207,1,0,0_okno_n1
1577276,0,0,0_okno_n2
1577279,2,0,0_okno_n2
1577292,0,0,0_okno_n1
1577305,0,0,0_okno_n3-4
1577337,0,0,0_okno_n3-4
1577365,3,0,0_okno_n1
1577376,3,0,0_okno_n1
1577379,3,0,0_okno_n1
1577455,2,0,0_okno_n2
1577471,0,1,1_pozaokno_n1
1577624,2,0,0_okno_n1
1577642,2,0,0_okno_n1
1577669,4,0,0_okno_n1
1577771,1,0,0_okno_n3-4
1577779,1,0,0_okno_n1
1577781,1,0,0_okno_n5+
1577820,0,0,0_okno_n2
1577832,3,0,0_okno_n1
1577856,4,0,0_okno_n3-4
1577861,0,0,0_okno_n2
1577904,0,0,0_okno_n1
1577928,0,0,0_okno_n1
1577952,0,0,0_okno_n2
1577981,4,0,0_okno_n1
1578006,3,0,0_okno_n5+
1578047,4,0,0_okno_n2
1578211,0,0,0_okno_n1
1578344,3,0,0_okno_n2
1578526,2,0,0_okno_n1
1578534,3,1,1_okno_n1
1578637,3,0,0_okno_n3-4
1578638,0,0,0_okno_n1
1578784,1,0,0_okno_n3-4
1579003,1,0,0_okno_n3-4
1579056,4,0,0_okno_n2
1579108,1,0,0_okno_n1
1579159,4,0,0_okno_n3-4
1579162,3,1,1_pozaokno_n2
1579210,2,1,1_pozaokno_n3-4
1579240,2,0,0_okno_n2
1579305,1,0,0_okno_n3-4
1579511,2,0,0_okno_n1
1579590,2,0,0_okno_n3-4
1579676,3,0,0_okno_n1
1579850,0,0,0_okno_n2
1579852,4,0,0_okno_n1
1579853,2,0,0_okno_n2
1580185,4,0,0_okno_n2
1580260,3,0,0_okno_n1
1580299,2,0,0_okno_n2
1580391,3,0,0_okno_n1
1580453,0,0,0_okno_n1
1580506,4,0,0_okno_n1
1580566,0,0,0_okno_n1
1580586,3,0,0_okno_n1
1580681,1,0,0_okno_n1
1580694,3,0,0_okno_n1
1580712,2,0,0_okno_n2
1580762,1,1,1_pozaokno_n3-4
1580795,4,0,0_okno_n2
1580877,3,0,0_okno_n1
1580917,2,0,0_okno_n2
1581001,0,0,0_okno_n1
1581013,1,0,0_okno_n2
1581044,2,0,0_okno_n1
1581073,0,0,0_okno_n1
1581152,3,0,0_okno_n1
1581238,0,0,0_okno_n1
1581272,1,0,0_okno_n1
1581370,4,0,0_okno_n3-4
1581388,4,0,0_okno_n1
1581450,2,0,0_okno_n3-4
1581505,2,0,0_okno_n5+
1581519,2,0,0_okno_n1
1581525,2,0,0_okno_n1
1581562,4,0,0_okno_n1
1581654,4,0,0_okno_n1
1581659,0,0,0_okno_n3-4
1581702,4,0,0_okno_n2
1581834,2,0,0_okno_n1
1581966,4,0,0_okno_n2
1582102,0,0,0_okno_n1
1582113,4,0,0_okno_n1
1582138,1,0,0_okno_n1
1582161,3,0,0_okno_n2
1582204,4,0,0_okno_n1
1582214,3,0,0_okno_n3-4
1582221,3,0,0_okno_n1
1582224,4,0,0_okno_n1
1582262,1,0,0_okno_n1
1582355,2,0,0_okno_n3-4
1582378,2,0,0_okno_n1
1582454,3,0,0_okno_n1
1582493,2,0,0_okno_n1
1582517,3,0,0_okno_n2
1582522,2,0,0_okno_n1
1582536,2,1,1_pozaokno_n1
1582567,0,0,0_okno_n1
1582574,0,0,0_okno_n1
1582587,4,0,0_okno_n1
1582724,1,0,0_okno_n2
1582729,2,0,0_okno_n2
1582730,3,0,0_okno_n1
1582808,4,0,0_okno_n3-4
1582860,4,0,0_okno_n5+
1582957,2,0,0_okno_n2
1582968,4,0,0_okno_n1
1583024,4,0,0_okno_n1
1583061,1,0,0_okno_n1
1583096,2,0,0_okno_n1
1583155,0,0,0_okno_n1
1583224,2,0,0_okno_n3-4
1583264,0,0,0_okno_n1
1583373,0,0,0_okno_n1
1583389,1,1,1_pozaokno_n1
1583406,3,0,0_okno_n2
1583415,0,0,0_okno_n1
1583421,0,0,0_okno_n3-4
1583440,3,0,0_okno_n1
1583465,4,0,0_okno_n3-4
1583475,4,0,0_okno_n1
1583525,1,0,0_okno_n1
1583552,4,0,0_okno_n5+
1583570,2,0,0_okno_n1
1583571,1,0,0_okno_n1
1583610,1,1,1_pozaokno_n5+
1583702,1,0,0_okno_n1
1583703,3,0,0_okno_n3-4
1583721,0,0,0_okno_n1
1583733,3,0,0_okno_n1
1583808,4,1,1_pozaokno_n3-4
1583852,3,0,0_okno_n2
1583889,0,0,0_okno_n1
1583960,1,0,0_okno_n1
1583962,2,0,0_okno_n2
1583968,3,0,0_okno_n1
1583969,4,0,0_okno_n1
1583984,2,0,0_okno_n1
1583990,0,0,0_okno_n1
1584190,2,0,0_okno_n1
1584199,1,0,0_okno_n1
1584293,4,0,0_okno_n1
1584337,4,0,0_okno_n3-4
1584342,0,0,0_okno_n3-4
1584373,1,0,0_okno_n2
1584475,3,0,0_okno_n1
1584502,3,0,0_okno_n1
1584532,4,0,0_okno_n2
1584566,2,0,0_okno_n1
1584695,2,0,0_okno_n3-4
1584704,2,1,1_pozaokno_n1
1584830,1,0,0_okno_n3-4
1584956,1,0,0_okno_n1
1585020,4,0,0_okno_n3-4
1585040,4,0,0_okno_n1
1585055,1,0,0_okno_n5+
1585066,4,0,0_okno_n2
1585107,4,0,0_okno_n3-4
1585108,1,0,0_okno_n5+
1585144,0,0,0_okno_n5+
1585178,1,0,0_okno_n2
1585191,2,1,1_pozaokno_n2
1585236,4,0,0_okno_n2
1585274,0,0,0_okno_n1
1585440,1,0,0_okno_n1
1585444,1,0,0_okno_n1
1585490,2,0,0_okno_n1
1585533,2,0,0_okno_n1
1585668,1,0,0_okno_n2
1585688,3,0,0_okno_n2
1585709,4,0,0_okno_n2
1585722,3,0,0_okno_n1
1585725,0,0,0_okno_n1
1585748,0,0,0_okno_n1
1585755,0,0,0_okno_n2
1585842,0,0,0_okno_n1
1585976,1,0,0_okno_n1
1585980,3,0,0_okno_n1
1585993,3,0,0_okno_n1
1586000,1,0,0_okno_n1
1586019,2,0,0_okno_n1
1586033,3,0,0_okno_n1
1586130,1,0,0_okno_n3-4
1586227,3,0,0_okno_n3-4
1586295,3,1,1_pozaokno_n3-4
1586325,0,0,0_okno_n1
1586332,1,0,0_okno_n3-4
1586361,0,0,0_okno_n1
1586384,4,0,0_okno_n2
1586455,4,0,0_okno_n1
1586624,0,0,0_okno_n3-4
1586752,3,0,0_okno_n2
1586809,4,0,0_okno_n3-4
1586850,1,0,0_okno_n1
1586879,1,0,0_okno_n1
1586888,3,0,0_okno_n1
1586971,3,0,0_okno_n3-4
1586973,4,0,0_okno_n2
1587083,1,0,0_okno_n1
1587122,3,0,0_okno_n1
1587132,2,0,0_okno_n2
1587135,1,1,1_pozaokno_n5+
1587215,3,0,0_okno_n5+
1587237,3,0,0_okno_n1
1587319,2,0,0_okno_n1
1587375,0,0,0_okno_n5+
1587399,1,0,0_okno_n1
1587519,1,0,0_okno_n3-4
1587631,0,0,0_okno_n1
1587695,4,0,0_okno_n3-4
1587697,2,0,0_okno_n5+
1587713,3,0,0_okno_n3-4
1587714,4,0,0_okno_n2
1587846,4,0,0_okno_n1
1587890,2,1,1_pozaokno_n3-4
1587906,3,0,0_okno_n1
1587907,3,0,0_okno_n1
1587909,1,0,0_okno_n1
1587916,3,0,0_okno_n1
1587984,1,0,0_okno_n1
1588042,3,0,0_okno_n1
1588133,3,0,0_okno_n5+
1588232,4,0,0_okno_n2
1588282,2,0,0_okno_n1
1588290,2,0,0_okno_n1
1588332,1,0,0_okno_n1
1588344,3,0,0_okno_n1
1588404,0,0,0_okno_n2
1588498,1,0,0_okno_n1
1588611,0,0,0_okno_n1
1588651,0,0,0_okno_n1
1588749,0,0,0_okno_n1
1588772,4,0,0_okno_n1
1588824,0,0,0_okno_n1
1588831,0,0,0_okno_n2
1588893,4,0,0_okno_n5+
1588905,1,0,0_okno_n2
1588917,3,0,0_okno_n1
1588946,3,0,0_okno_n2
1588948,0,0,0_okno_n2
1589110,2,1,1_pozaokno_n5+
1589140,4,0,0_okno_n1
1589204,4,0,0_okno_n3-4
1589278,4,0,0_okno_n2
1589290,2,0,0_okno_n1
1589298,0,0,0_okno_n2
1589340,2,0,0_okno_n3-4
1589436,0,0,0_okno_n2
1589481,2,0,0_okno_n1
1589500,3,0,0_okno_n1
1589606,4,0,0_okno_n2
1589625,3,0,0_okno_n2
1589761,4,0,0_okno_n3-4
1589889,2,0,0_okno_n3-4
1589996,4,0,0_okno_n2
1590009,3,0,0_okno_n3-4
1590013,4,0,0_okno_n3-4
1590032,2,0,0_okno_n1
1590243,1,0,0_okno_n3-4
1590278,0,0,0_okno_n1
1590448,4,0,0_okno_n1
1590450,0,0,0_okno_n1
1590510,0,0,0_okno_n1
1590577,3,0,0_okno_n1
1590657,1,0,0_okno_n1
1590669,1,0,0_okno_n1
1590789,2,0,0_okno_n2
1590908,0,0,0_okno_n3-4
1591035,1,0,0_okno_n1
1591221,2,0,0_okno_n3-4
1591278,4,0,0_okno_n1
1591281,1,0,0_okno_n1
1591331,3,0,0_okno_n1
1591357,4,0,0_okno_n2
1591429,1,0,0_okno_n3-4
1591457,1,0,0_okno_n1
1591510,0,0,0_okno_n1
1591539,2,0,0_okno_n1
1591543,3,0,0_okno_n1
1591567,0,0,0_okno_n5+
1591705,3,1,1_pozaokno_n1
1591732,0,0,0_okno_n1
1591782,1,0,0_okno_n2
1591828,1,0,0_okno_n1
1591842,2,0,0_okno_n1
1591864,0,0,0_okno_n3-4
1591877,2,0,0_okno_n1
1591927,0,0,0_okno_n1
1591970,0,0,0_okno_n1
1592008,4,0,0_okno_n1
1592031,2,0,0_okno_n5+
1592141,4,0,0_okno_n1
1592195,3,0,0_okno_n1
1592297,0,0,0_okno_n1
1592357,2,0,0_okno_n1
1592425,2,0,0_okno_n2
1592447,4,0,0_okno_n1
1592449,3,1,1_pozaokno_n3-4
1592467,4,0,0_okno_n1
1592476,2,0,0_okno_n1
1592593,0,0,0_okno_n1
1592598,3,0,0_okno_n1
1592649,2,0,0_okno_n1
1592806,2,0,0_okno_n1
1592838,0,0,0_okno_n1
1592841,2,0,0_okno_n5+
1592941,0,0,0_okno_n1
1593016,3,0,0_okno_n1
1593165,2,0,0_okno_n3-4
1593175,1,0,0_okno_n2
1593211,1,0,0_okno_n1
1593212,1,0,0_okno_n2
1593250,2,0,0_okno_n1
1593263,4,0,0_okno_n1
1593276,0,0,0_okno_n5+
1593277,0,0,0_okno_n2
1593286,0,0,0_okno_n3-4
1593297,0,0,0_okno_n2
1593308,0,0,0_okno_n1
1593314,3,0,0_okno_n1
1593319,1,1,1_pozaokno_n2
1593360,4,0,0_okno_n5+
1593468,4,0,0_okno_n3-4
1593586,3,0,0_okno_n2
1593676,3,0,0_okno_n1
1593680,3,0,0_okno_n2
1593692,0,0,0_okno_n2
1593714,1,0,0_okno_n1
1593748,0,0,0_okno_n1
1593796,3,0,0_okno_n1
1593813,0,0,0_okno_n5+
1593907,1,0,0_okno_n1
1593917,2,0,0_okno_n3-4
1593985,1,0,0_okno_n5+
1594064,2,0,0_okno_n1
1594079,3,0,0_okno_n3-4
1594138,0,0,0_okno_n1
1594140,4,0,0_okno_n1
1594209,3,0,0_okno_n2
1594288,4,0,0_okno_n2
1594333,4,0,0_okno_n1
1594453,4,0,0_okno_n1
1594497,1,0,0_okno_n1
1594540,3,0,0_okno_n1
1594596,0,0,0_okno_n5+
1594599,1,0,0_okno_n1
1594601,3,0,0_okno_n2
1594688,1,0,0_okno_n1
1594791,2,0,0_okno_n2
1594796,3,0,0_okno_n1
1594806,0,1,1_pozaokno_n1
1594924,2,0,0_okno_n2
1594943,1,0,0_okno_n1
1594993,1,0,0_okno_n3-4
1595003,4,0,0_okno_n1
1595065,2,0,0_okno_n1
1595076,0,0,0_okno_n2
1595095,1,0,0_okno_n3-4
1595187,1,0,0_okno_n2
1595361,3,0,0_okno_n3-4
1595377,1,0,0_okno_n3-4
1595391,4,0,0_okno_n1
1595416,0,0,0_okno_n1
1595436,0,0,0_okno_n1
1595557,2,0,0_okno_n2
1595602,3,0,0_okno_n1
1595684,2,0,0_okno_n1
1595758,4,0,0_okno_n2
1595803,4,0,0_okno_n3-4
1595820,2,0,0_okno_n2
1595894,2,0,0_okno_n2
1595896,0,0,0_okno_n1
1595906,1,0,0_okno_n1
1595925,4,0,0_okno_n2
1596093,1,0,0_okno_n1
1596110,2,0,0_okno_n1
1596124,0,0,0_okno_n3-4
1596177,2,0,0_okno_n1
1596194,3,0,0_okno_n1
1596195,3,0,0_okno_n1
1596336,1,0,0_okno_n1
1596338,4,0,0_okno_n2
1596350,1,0,0_okno_n3-4
1596424,4,0,0_okno_n3-4
1596449,4,0,0_okno_n3-4
1596455,0,0,0_okno_n3-4
1596471,0,0,0_okno_n2
1596493,1,0,0_okno_n1
1596508,2,0,0_okno_n1
1596532,2,0,0_okno_n1
1596570,4,0,0_okno_n1
1596627,1,0,0_okno_n1
1596644,3,0,0_okno_n2
1596655,3,0,0_okno_n1
1596666,4,0,0_okno_n2
1596690,1,0,0_okno_n1
1596775,0,0,0_okno_n1
1596792,0,0,0_okno_n2
1596849,3,0,0_okno_n2
1596895,0,0,0_okno_n2
1596945,1,0,0_okno_n3-4
1597036,3,0,0_okno_n1
1597050,2,0,0_okno_n1
1597072,1,0,0_okno_n1
1597081,3,0,0_okno_n1
1597106,1,0,0_okno_n2
1597128,4,0,0_okno_n3-4
1597177,2,0,0_okno_n1
1597373,0,0,0_okno_n1
1597394,1,0,0_okno_n1
1597408,4,0,0_okno_n3-4
1597439,3,0,0_okno_n1
1597556,4,0,0_okno_n3-4
1597561,4,0,0_okno_n1
1597581,0,0,0_okno_n3-4
1597603,1,1,1_pozaokno_n3-4
1597644,3,0,0_okno_n1
1597682,4,0,0_okno_n2
1597763,1,0,0_okno_n1
1597801,3,0,0_okno_n1
1598053,3,0,0_okno_n1
1598092,4,0,0_okno_n1
1598179,0,0,0_okno_n1
1598301,0,0,0_okno_n2
1598313,1,0,0_okno_n1
1598317,4,0,0_okno_n2
1598319,3,0,0_okno_n1
1598328,2,0,0_okno_n1
1598331,1,1,1_pozaokno_n1
1598608,4,0,0_okno_n1
1598643,4,0,0_okno_n1
1598745,3,1,1_pozaokno_n1
1598770,1,1,1_pozaokno_n5+
1598876,1,0,0_okno_n2
1598897,1,0,0_okno_n1
1598968,3,1,1_pozaokno_n2
1599021,2,0,0_okno_n1
1599171,1,0,0_okno_n2
1599231,1,0,0_okno_n2
1599392,1,0,0_okno_n1
1599437,2,0,0_okno_n3-4
1599443,2,0,0_okno_n2
1599508,1,0,0_okno_n1
1599532,0,0,0_okno_n2
1599665,3,0,0_okno_n1
1599925,2,0,0_okno_n1
1599956,4,0,0_okno_n1
1599995,3,0,0_okno_n1
1599996,0,0,0_okno_n1
1600023,1,0,0_okno_n3-4
1600036,0,0,0_okno_n1
1600122,4,0,0_okno_n1
1600204,4,0,0_okno_n3-4
1600281,1,0,0_okno_n1
1600312,2,0,0_okno_n1
1600380,1,0,0_okno_n1
1600472,3,0,0_okno_n2
1600477,3,0,0_okno_n2
1600538,1,1,1_pozaokno_n1
1600549,3,0,0_okno_n1
1600572,4,0,0_okno_n1
1600590,2,0,0_okno_n2
1600606,3,0,0_okno_n2
1600713,0,0,0_okno_n2
1600715,1,0,0_okno_n1
1600779,2,0,0_okno_n3-4
1600835,4,1,1_pozaokno_n1
1600868,2,0,0_okno_n1
1600890,4,1,1_pozaokno_n1
1600925,4,0,0_okno_n1
1600931,0,0,0_okno_n1
1600970,4,0,0_okno_n1
1601016,4,0,0_okno_n5+
1601184,1,0,0_okno_n2
1601235,1,0,0_okno_n1
1601250,0,0,0_okno_n2
1601251,2,0,0_okno_n5+
1601291,0,0,0_okno_n1
1601303,0,0,0_okno_n1
1601305,2,0,0_okno_n3-4
1601308,2,0,0_okno_n3-4
1601349,1,0,0_okno_n1
1601357,3,0,0_okno_n2
1601359,3,0,0_okno_n2
1601430,3,1,1_pozaokno_n3-4
1601440,0,0,0_okno_n1
1601516,4,0,0_okno_n2
1601940,0,0,0_okno_n2
1601953,0,0,0_okno_n1
1602040,0,0,0_okno_n1
1602126,0,0,0_okno_n1
1602246,0,0,0_okno_n1
1602259,0,1,1_pozaokno_n5+
1602355,0,0,0_okno_n1
1602380,2,0,0_okno_n1
1602382,0,0,0_okno_n3-4
1602413,0,0,0_okno_n2
1602505,4,0,0_okno_n1
1602522,0,0,0_okno_n3-4
1602570,2,0,0_okno_n1
1602717,4,0,0_okno_n2
1602735,2,0,0_okno_n3-4
1602864,4,0,0_okno_n1
1602891,4,0,0_okno_n1
1602904,1,0,0_okno_n1
1602991,3,0,0_okno_n2
1603087,3,0,0_okno_n2
1603126,3,1,1_pozaokno_n2
1603249,2,0,0_okno_n2
1603465,2,0,0_okno_n3-4
1603564,2,0,0_okno_n3-4
1603568,3,0,0_okno_n3-4
1603571,2,1,1_pozaokno_n1
1603586,3,0,0_okno_n1
1603662,3,0,0_okno_n1
1603669,4,0,0_okno_n1
1603729,3,0,0_okno_n3-4
1603758,4,0,0_okno_n3-4
1603805,1,0,0_okno_n3-4
1603870,1,0,0_okno_n1
1603908,2,0,0_okno_n1
1604033,3,0,0_okno_n1
1604122,3,0,0_okno_n3-4
1604126,1,0,0_okno_n1
1604189,1,0,0_okno_n1
1604234,3,0,0_okno_n1
1604290,4,0,0_okno_n2
1604322,3,0,0_okno_n1
1604323,0,0,0_okno_n1
1604338,2,0,0_okno_n1
1604421,1,0,0_okno_n1
1604445,0,0,0_okno_n1
1604451,3,0,0_okno_n1
1604452,4,0,0_okno_n1
1604478,4,0,0_okno_n2
1604481,0,0,0_okno_n3-4
1604629,1,0,0_okno_n3-4
1604634,1,0,0_okno_n1
1604693,2,0,0_okno_n1
1604711,0,0,0_okno_n1
1604741,0,0,0_okno_n1
1604761,2,0,0_okno_n1
1604861,4,1,1_pozaokno_n5+
1604873,3,0,0_okno_n1
1604899,0,0,0_okno_n1
1604920,1,0,0_okno_n1
1605052,1,0,0_okno_n3-4
1605088,4,0,0_okno_n1
1605149,2,0,0_okno_n3-4
1605206,3,0,0_okno_n1
1605213,4,0,0_okno_n2
1605238,0,0,0_okno_n3-4
1605257,4,0,0_okno_n2
1605263,4,0,0_okno_n2
1605340,2,0,0_okno_n1
1605703,1,0,0_okno_n1
1605770,3,0,0_okno_n1
1605954,1,0,0_okno_n1
1605996,0,0,0_okno_n2
1606003,3,0,0_okno_n1
1606085,4,0,0_okno_n1
1606088,3,0,0_okno_n1
1606148,0,0,0_okno_n1
1606155,4,0,0_okno_n1
1606156,0,0,0_okno_n1
1606158,3,0,0_okno_n1
1606165,2,0,0_okno_n1
1606281,2,0,0_okno_n1
1606290,1,0,0_okno_n2
1606320,0,0,0_okno_n1
1606385,2,0,0_okno_n1
1606481,1,0,0_okno_n1
1606507,4,0,0_okno_n2
1606546,3,0,0_okno_n1
1606642,1,0,0_okno_n3-4
1606716,2,0,0_okno_n3-4
1606748,2,0,0_okno_n1
1606845,3,0,0_okno_n1
1606903,1,0,0_okno_n3-4
1606976,4,0,0_okno_n5+
1607078,1,0,0_okno_n1
1607182,3,0,0_okno_n1
1607224,0,0,0_okno_n3-4
1607391,3,0,0_okno_n1
1607394,2,0,0_okno_n1
1607434,3,0,0_okno_n1
1607551,1,0,0_okno_n3-4
1607603,4,0,0_okno_n1
1607637,2,0,0_okno_n1
1607661,3,0,0_okno_n1
1607705,2,0,0_okno_n1
1607724,1,0,0_okno_n3-4
1607730,2,0,0_okno_n1
1607738,2,0,0_okno_n1
1607826,1,0,0_okno_n3-4
1607854,3,0,0_okno_n1
1607936,4,0,0_okno_n1
1607977,1,0,0_okno_n2
1608033,0,0,0_okno_n2
1608106,0,0,0_okno_n1
1608125,2,0,0_okno_n1
1608161,4,0,0_okno_n1
1608177,0,0,0_okno_n1
1608219,3,0,0_okno_n3-4
1608251,3,0,0_okno_n1
1608351,3,0,0_okno_n1
1608448,4,0,0_okno_n2
1608462,1,0,0_okno_n1
1608464,1,0,0_okno_n1
1608467,4,0,0_okno_n1
1608468,1,0,0_okno_n5+
1608473,0,0,0_okno_n1
1608587,1,0,0_okno_n1
1608691,3,0,0_okno_n5+
1608742,1,0,0_okno_n2
1608774,0,0,0_okno_n3-4
1608823,1,0,0_okno_n3-4
1608951,1,0,0_okno_n2
1608966,4,0,0_okno_n1
1608991,0,0,0_okno_n1
1609090,0,0,0_okno_n1
1609095,1,0,0_okno_n2
1609189,1,0,0_okno_n1
1609213,3,0,0_okno_n1
1609239,2,0,0_okno_n1
1609251,4,0,0_okno_n1
1609324,2,0,0_okno_n1
1609395,2,0,0_okno_n1
1609517,2,0,0_okno_n2
1609542,1,0,0_okno_n1
1609548,2,0,0_okno_n1
1609574,2,0,0_okno_n1
1609591,4,0,0_okno_n1
1609760,2,0,0_okno_n2
1609776,1,0,0_okno_n1
1609809,0,0,0_okno_n1
1609844,4,0,0_okno_n1
1609846,3,0,0_okno_n1
1609958,3,0,0_okno_n1
1610070,1,0,0_okno_n2
1610107,4,0,0_okno_n2
1610169,0,0,0_okno_n3-4
1610176,0,0,0_okno_n1
1610203,4,0,0_okno_n3-4
1610215,2,0,0_okno_n2
1610356,0,0,0_okno_n1
1610360,4,0,0_okno_n1
1610412,1,0,0_okno_n1
1610600,4,0,0_okno_n1
1610633,3,0,0_okno_n2
1610716,3,0,0_okno_n2
1610878,0,0,0_okno_n2
1610962,4,0,0_okno_n1
1610976,3,0,0_okno_n3-4
1610984,4,0,0_okno_n1
1610987,2,0,0_okno_n3-4
1611075,0,1,1_pozaokno_n1
1611077,4,0,0_okno_n3-4
1611089,0,0,0_okno_n2
1611103,0,0,0_okno_n1
1611252,2,0,0_okno_n1
1611271,0,1,1_pozaokno_n3-4
1611296,3,0,0_okno_n1
1611312,3,0,0_okno_n1
1611396,4,0,0_okno_n2
1611451,0,0,0_okno_n1
1611624,1,0,0_okno_n2
1611752,4,0,0_okno_n5+
1611783,4,0,0_okno_n1
1611886,1,0,0_okno_n1
1611933,4,0,0_okno_n1
1612241,2,0,0_okno_n1
1612243,2,0,0_okno_n1
1612288,0,0,0_okno_n1
1612355,3,0,0_okno_n2
1612436,1,0,0_okno_n5+
1612439,0,0,0_okno_n1
1612446,1,0,0_okno_n1
1612598,3,0,0_okno_n2
1612612,4,0,0_okno_n1
1612648,3,0,0_okno_n1
1612671,2,0,0_okno_n2
1612701,4,0,0_okno_n1
1612763,3,0,0_okno_n3-4
1612764,4,0,0_okno_n1
1612864,1,0,0_okno_n2
1612887,1,0,0_okno_n1
1612960,1,0,0_okno_n1
1612970,3,0,0_okno_n1
1613166,3,0,0_okno_n2
1613243,1,0,0_okno_n1
1613277,1,0,0_okno_n1
1613302,4,0,0_okno_n1
1613320,4,0,0_okno_n2
1613361,3,0,0_okno_n1
1613431,3,0,0_okno_n1
1613500,0,0,0_okno_n1
1613517,1,0,0_okno_n1
1613579,4,0,0_okno_n1
1613580,2,0,0_okno_n3-4
1613624,0,0,0_okno_n1
1613675,2,0,0_okno_n1
1613694,2,0,0_okno_n2
1613712,1,0,0_okno_n1
1613792,4,0,0_okno_n3-4
1613802,3,0,0_okno_n1
1613811,2,0,0_okno_n1
1613850,4,0,0_okno_n1
1613902,3,0,0_okno_n1
1614043,4,0,0_okno_n5+
1614047,3,1,1_pozaokno_n1
1614075,1,0,0_okno_n3-4
1614100,3,0,0_okno_n1
1614129,4,0,0_okno_n1
1614162,4,0,0_okno_n1
1614233,4,0,0_okno_n1
1614249,3,0,0_okno_n1
1614362,1,0,0_okno_n1
1614377,2,0,0_okno_n1
1614381,2,0,0_okno_n1
1614414,4,0,0_okno_n1
1614426,3,0,0_okno_n1
1614442,2,0,0_okno_n1
1614448,3,0,0_okno_n2
1614454,2,0,0_okno_n1
1614506,2,0,0_okno_n2
1614508,2,0,0_okno_n3-4
1614572,2,0,0_okno_n1
1614616,2,0,0_okno_n1
1614759,2,0,0_okno_n1
1614900,1,0,0_okno_n1
1614952,3,0,0_okno_n1
1614969,0,0,0_okno_n1
1615062,2,0,0_okno_n1
1615118,0,0,0_okno_n2
1615224,3,0,0_okno_n2
1615439,1,0,0_okno_n2
1615494,0,0,0_okno_n1
1615679,4,0,0_okno_n5+
1615705,1,0,0_okno_n2
1615725,4,0,0_okno_n1
1615742,4,1,1_pozaokno_n5+
1615772,4,0,0_okno_n1
1615782,4,0,0_okno_n1
1615836,2,0,0_okno_n1
1615889,4,0,0_okno_n2
1615955,2,0,0_okno_n5+
1615986,3,0,0_okno_n1
1615994,0,0,0_okno_n1
1616000,2,0,0_okno_n1
1616010,0,0,0_okno_n3-4
1616019,0,0,0_okno_n3-4
1616044,4,0,0_okno_n1
1616055,2,1,1_pozaokno_n2
1616057,1,0,0_okno_n1
1616093,2,0,0_okno_n2
1616117,1,0,0_okno_n1
1616121,2,0,0_okno_n1
1616182,1,0,0_okno_n3-4
1616286,0,0,0_okno_n1
1616343,2,0,0_okno_n1
1616516,3,0,0_okno_n2
1616582,0,0,0_okno_n1
1616600,2,0,0_okno_n2
1616671,2,0,0_okno_n5+
1616695,0,0,0_okno_n2
1616702,0,0,0_okno_n1
1616721,1,0,0_okno_n1
1616834,3,0,0_okno_n1
1616853,4,0,0_okno_n3-4
1616883,2,0,0_okno_n1
1617063,1,0,0_okno_n2
1617070,1,0,0_okno_n5+
1617198,3,0,0_okno_n2
1617232,2,0,0_okno_n1
1617342,1,0,0_okno_n3-4
1617550,1,0,0_okno_n5+
1617554,0,0,0_okno_n2
1617575,3,0,0_okno_n1
1617619,2,0,0_okno_n2
1617630,2,0,0_okno_n1
1617784,1,0,0_okno_n1
1617794,2,0,0_okno_n1
1617795,4,1,1_pozaokno_n1
1617843,0,0,0_okno_n1
1617928,4,0,0_okno_n1
1617986,4,0,0_okno_n2
1617998,0,0,0_okno_n1
1618068,3,0,0_okno_n1
1618083,0,0,0_okno_n1
1618121,3,0,0_okno_n1
1618253,2,0,0_okno_n3-4
1618299,3,0,0_okno_n3-4
1618399,0,0,0_okno_n2
1618429,3,0,0_okno_n3-4
1618437,2,0,0_okno_n1
1618457,3,0,0_okno_n1
1618552,1,0,0_okno_n1
1618608,3,0,0_okno_n1
1618620,4,0,0_okno_n1
1618678,3,0,0_okno_n1
1618679,0,1,1_pozaokno_n1
1618700,4,0,0_okno_n2
1618706,1,0,0_okno_n2
1618792,1,0,0_okno_n3-4
1618826,1,0,0_okno_n1
1618939,0,0,0_okno_n1
1618977,1,0,0_okno_n1
1618997,3,1,1_pozaokno_n1
1619013,3,0,0_okno_n2
1619027,1,0,0_okno_n1
1619115,4,0,0_okno_n2
1619119,2,0,0_okno_n2
1619227,2,0,0_okno_n2
1619263,0,0,0_okno_n1
1619341,3,0,0_okno_n1
1619347,0,0,0_okno_n3-4
1619371,4,0,0_okno_n2
1619375,2,0,0_okno_n3-4
1619387,1,0,0_okno_n2
1619410,4,0,0_okno_n2
1619427,0,0,0_okno_n1
1619486,2,0,0_okno_n5+
1619488,3,0,0_okno_n2
1619538,4,0,0_okno_n1
1619588,3,0,0_okno_n1
1619628,0,0,0_okno_n1
1619629,2,0,0_okno_n1
1619695,3,0,0_okno_n1
1619698,0,0,0_okno_n1
1619736,2,0,0_okno_n1
1619738,2,0,0_okno_n3-4
1619773,0,0,0_okno_n1
1619797,3,0,0_okno_n1
1619801,1,0,0_okno_n1
1619804,0,0,0_okno_n2
1619896,0,0,0_okno_n1
1619967,2,0,0_okno_n3-4
1619974,2,0,0_okno_n2
1620039,3,0,0_okno_n1
1620087,4,0,0_okno_n1
1620132,4,0,0_okno_n2
1620141,3,0,0_okno_n2
1620143,0,0,0_okno_n1
1620182,2,0,0_okno_n1
1620202,1,0,0_okno_n3-4
1620345,0,0,0_okno_n1
1620352,1,0,0_okno_n1
1620424,3,0,0_okno_n1
1620581,2,0,0_okno_n1
1620625,2,0,0_okno_n1
1620687,4,0,0_okno_n1
1620703,0,1,1_pozaokno_n2
1620779,3,0,0_okno_n1
1620813,0,0,0_okno_n1
1620863,4,0,0_okno_n2
1620906,4,0,0_okno_n1
1620935,4,0,0_okno_n2
1620942,3,0,0_okno_n2
1620955,4,0,0_okno_n1
1620958,3,0,0_okno_n1
1621005,0,1,1_pozaokno_n3-4
1621112,4,0,0_okno_n1
1621132,1,0,0_okno_n2
1621203,2,0,0_okno_n1
1621251,4,0,0_okno_n1
1621253,2,0,0_okno_n1
1621348,3,0,0_okno_n1
1621438,3,0,0_okno_n3-4
1621488,2,0,0_okno_n1
1621662,3,0,0_okno_n1
1621749,1,0,0_okno_n1
1621832,0,0,0_okno_n1
1621845,2,0,0_okno_n1
1621877,4,1,1_pozaokno_n2
1621972,2,0,0_okno_n5+
1622001,1,0,0_okno_n2
1622019,2,0,0_okno_n2
1622045,0,0,0_okno_n1
1622098,0,0,0_okno_n1
1622171,1,1,1_pozaokno_n2
1622183,3,0,0_okno_n1
1622273,0,0,0_okno_n1
1622341,0,0,0_okno_n1
1622390,2,1,1_pozaokno_n3-4
1622662,1,0,0_okno_n5+
1622739,4,1,1_pozaokno_n5+
1622754,1,0,0_okno_n1
1622765,0,0,0_okno_n5+
1622775,1,0,0_okno_n1
1622827,0,1,1_pozaokno_n3-4
1622832,4,0,0_okno_n2
1622842,1,0,0_okno_n3-4
1622882,2,0,0_okno_n1
1622901,4,0,0_okno_n1
1622949,1,1,1_pozaokno_n3-4
1623007,1,0,0_okno_n5+
1623040,4,0,0_okno_n2
1623092,4,0,0_okno_n1
1623094,3,0,0_okno_n1
1623152,2,0,0_okno_n1
1623164,2,0,0_okno_n1
1623192,1,0,0_okno_n5+
1623257,0,0,0_okno_n3-4
1623369,2,0,0_okno_n2
1623382,4,0,0_okno_n3-4
1623407,1,0,0_okno_n1
1623480,1,0,0_okno_n3-4
1623501,0,0,0_okno_n1
1623763,4,0,0_okno_n2
1623772,4,0,0_okno_n1
1623831,3,0,0_okno_n3-4
1623862,4,0,0_okno_n1
1624000,2,0,0_okno_n5+
1624031,4,1,1_pozaokno_n2
1624032,2,1,1_pozaokno_n1
1624104,4,0,0_okno_n2
1624181,0,0,0_okno_n1
1624184,2,0,0_okno_n3-4
1624208,1,1,1_pozaokno_n2
1624362,4,0,0_okno_n2
1624446,2,0,0_okno_n1
1624447,4,0,0_okno_n2
1624511,2,0,0_okno_n2
1624536,0,1,1_pozaokno_n1
1624598,0,0,0_okno_n2
1624605,3,0,0_okno_n2
1624684,1,0,0_okno_n2
1624708,3,1,1_pozaokno_n3-4
1624760,3,0,0_okno_n2
1624830,4,0,0_okno_n1
1624852,4,0,0_okno_n1
1624869,1,0,0_okno_n1
1624874,2,1,1_pozaokno_n5+
1625058,0,0,0_okno_n2
1625177,4,0,0_okno_n5+
1625186,0,0,0_okno_n2
1625216,4,0,0_okno_n1
1625317,3,0,0_okno_n1
1625393,4,0,0_okno_n1
1625515,4,0,0_okno_n1
1625633,3,0,0_okno_n1
1625643,0,0,0_okno_n3-4
1625826,1,0,0_okno_n5+
1625848,0,0,0_okno_n2
1625879,0,0,0_okno_n1
1625937,3,0,0_okno_n1
1625951,1,1,1_pozaokno_n3-4
1625967,4,0,0_okno_n3-4
1625982,2,0,0_okno_n2
1626059,2,0,0_okno_n2
1626318,1,0,0_okno_n5+
1626407,0,0,0_okno_n1
1626434,1,0,0_okno_n1
1626497,4,0,0_okno_n1
1626505,3,0,0_okno_n1
1626608,2,0,0_okno_n2
1626620,3,1,1_pozaokno_n5+
1626759,3,0,0_okno_n1
1626772,3,0,0_okno_n2
1626792,0,0,0_okno_n1
1626807,1,0,0_okno_n1
1626854,4,0,0_okno_n1
1626859,2,0,0_okno_n1
1626871,3,0,0_okno_n1
1626911,3,0,0_okno_n2
1626944,2,0,0_okno_n5+
1627030,4,0,0_okno_n5+
1627086,3,1,1_pozaokno_n2
1627152,1,0,0_okno_n2
1627210,3,0,0_okno_n3-4
1627324,4,0,0_okno_n1
1627393,4,0,0_okno_n1
1627485,0,0,0_okno_n1
1627515,0,0,0_okno_n3-4
1627533,2,0,0_okno_n1
1627548,0,0,0_okno_n2
1627659,0,0,0_okno_n1
1627660,2,0,0_okno_n2
1627663,3,0,0_okno_n1
1627667,4,0,0_okno_n3-4
1627821,4,0,0_okno_n2
1627884,3,0,0_okno_n1
1627898,3,0,0_okno_n2
1627939,4,0,0_okno_n2
1627979,1,0,0_okno_n1
1628006,3,0,0_okno_n1
1628159,1,0,0_okno_n1
1628256,2,0,0_okno_n1
1628320,4,0,0_okno_n1
1628473,4,0,0_okno_n2
1628477,3,0,0_okno_n2
1628545,1,0,0_okno_n5+
1628563,4,0,0_okno_n2
1628570,3,0,0_okno_n1
1628597,3,0,0_okno_n1
1628633,4,0,0_okno_n3-4
1628694,2,0,0_okno_n3-4
1628762,4,0,0_okno_n1
1628816,0,0,0_okno_n1
1628841,1,0,0_okno_n1
1628907,3,0,0_okno_n1
1628930,1,0,0_okno_n1
1629003,4,0,0_okno_n1
1629030,1,0,0_okno_n1
1629096,3,0,0_okno_n1
1629208,0,0,0_okno_n1
1629253,4,0,0_okno_n1
1629405,4,0,0_okno_n2
1629422,4,0,0_okno_n1
1629531,4,0,0_okno_n1
1629552,1,0,0_okno_n3-4
1629702,2,0,0_okno_n2
1629713,0,0,0_okno_n1
1629726,4,0,0_okno_n3-4
1629775,0,0,0_okno_n2
1630001,3,0,0_okno_n1
1630043,2,0,0_okno_n1
1630068,2,0,0_okno_n1
1630113,4,0,0_okno_n1
1630173,2,0,0_okno_n1
1630190,4,0,0_okno_n1
1630252,0,0,0_okno_n5+
1630312,0,0,0_okno_n2
1630358,4,0,0_okno_n3-4
1630365,3,0,0_okno_n2
1630474,1,0,0_okno_n1
1630546,0,0,0_okno_n1
1630644,1,0,0_okno_n1
1630779,3,1,1_pozaokno_n5+
1630853,0,0,0_okno_n1
1630855,2,0,0_okno_n1
1630996,0,0,0_okno_n1
1631009,2,0,0_okno_n2
1631013,4,0,0_okno_n1
1631052,2,0,0_okno_n1
1631083,2,0,0_okno_n1
1631122,1,0,0_okno_n1
1631124,3,0,0_okno_n1
1631138,2,0,0_okno_n3-4
1631279,0,0,0_okno_n2
1631328,3,0,0_okno_n2
1631385,3,0,0_okno_n2
1631442,1,0,0_okno_n1
1631535,2,0,0_okno_n3-4
1631588,2,0,0_okno_n2
1631625,2,0,0_okno_n1
1631641,0,0,0_okno_n2
1631712,2,0,0_okno_n3-4
1631796,1,0,0_okno_n1
1632004,4,0,0_okno_n2
1632008,1,0,0_okno_n1
1632034,0,0,0_okno_n2
1632119,4,1,1_pozaokno_n3-4
1632181,0,0,0_okno_n1
1632189,1,0,0_okno_n3-4
1632264,4,0,0_okno_n3-4
1632353,4,0,0_okno_n1
1632479,3,0,0_okno_n2
1632556,3,0,0_okno_n1
1632562,1,0,0_okno_n2
1632577,2,0,0_okno_n1
1632606,1,0,0_okno_n3-4
1632654,2,0,0_okno_n2
1632678,1,0,0_okno_n1
1632826,0,0,0_okno_n2
1632880,3,0,0_okno_n1
1632953,3,0,0_okno_n1
1632960,4,0,0_okno_n2
1632981,2,0,0_okno_n3-4
1633015,0,0,0_okno_n1
1633026,2,0,0_okno_n2
1633049,3,0,0_okno_n2
1633098,1,0,0_okno_n3-4
1633140,2,0,0_okno_n2
1633144,2,1,1_pozaokno_n2
1633224,2,0,0_okno_n1
1633281,4,0,0_okno_n1
1633329,0,0,0_okno_n1
1633419,1,0,0_okno_n2
1633464,2,0,0_okno_n2
1633486,4,0,0_okno_n5+
1633487,0,0,0_okno_n3-4
1633502,1,0,0_okno_n1
1633555,0,0,0_okno_n1
1633617,4,0,0_okno_n1
1633676,1,0,0_okno_n1
1633750,4,0,0_okno_n5+
1633907,0,0,0_okno_n1
1633914,0,0,0_okno_n3-4
1633924,0,0,0_okno_n1
1634001,0,0,0_okno_n1
1634049,1,0,0_okno_n1
1634105,1,0,0_okno_n2
1634293,1,0,0_okno_n1
1634509,0,0,0_okno_n1
1634732,4,0,0_okno_n1
1634740,3,0,0_okno_n1
1634781,3,0,0_okno_n5+
1635049,2,1,1_pozaokno_n1
1635167,1,0,0_okno_n1
1635269,2,0,0_okno_n2
1635297,3,0,0_okno_n2
1635306,2,0,0_okno_n1
1635318,1,0,0_okno_n1
1635432,3,0,0_okno_n1
1635476,2,0,0_okno_n2
1635561,2,0,0_okno_n3-4
1635610,2,0,0_okno_n2
1635678,4,0,0_okno_n1
1635680,0,0,0_okno_n1
1635783,0,0,0_okno_n1
1635789,3,0,0_okno_n1
1635858,3,1,1_pozaokno_n1
1635915,4,0,0_okno_n1
1635973,0,0,0_okno_n1
1636111,3,0,0_okno_n1
1636113,4,0,0_okno_n1
1636135,0,0,0_okno_n1
1636163,3,0,0_okno_n2
1636173,2,0,0_okno_n1
1636203,4,0,0_okno_n1
1636204,0,0,0_okno_n1
1636208,4,0,0_okno_n1
1636234,4,0,0_okno_n2
1636322,1,0,0_okno_n2
1636359,2,0,0_okno_n1
1636367,4,0,0_okno_n3-4
1636372,0,0,0_okno_n1
1636450,3,0,0_okno_n1
1636523,2,0,0_okno_n2
1636528,1,0,0_okno_n1
1636546,0,0,0_okno_n1
1636573,2,0,0_okno_n1
1636742,2,0,0_okno_n2
1636773,1,0,0_okno_n1
1636998,2,1,1_pozaokno_n3-4
1637192,4,0,0_okno_n1
1637204,2,0,0_okno_n2
1637210,1,0,0_okno_n1
1637320,0,0,0_okno_n1
1637346,4,0,0_okno_n1
1637568,0,0,0_okno_n1
1637592,2,0,0_okno_n1
1637716,2,0,0_okno_n1
1637988,3,0,0_okno_n1
1638016,1,0,0_okno_n1
1638021,1,0,0_okno_n3-4
1638038,0,0,0_okno_n1
1638073,4,0,0_okno_n1
1638078,2,0,0_okno_n1
1638161,2,0,0_okno_n2
1638170,0,0,0_okno_n5+
1638188,1,0,0_okno_n1
1638293,2,0,0_okno_n2
1638326,3,0,0_okno_n1
1638341,1,0,0_okno_n1
1638416,3,0,0_okno_n3-4
1638421,0,0,0_okno_n1
1638551,4,0,0_okno_n2
1638568,2,1,1_pozaokno_n2
1638612,3,0,0_okno_n1
1638744,0,0,0_okno_n1
1638761,2,0,0_okno_n5+
1638799,0,0,0_okno_n5+
1638869,3,0,0_okno_n2
1639082,4,0,0_okno_n1
1639083,0,1,1_pozaokno_n1
1639163,2,0,0_okno_n2
1639294,0,0,0_okno_n1
1639342,3,0,0_okno_n1
1639376,1,0,0_okno_n1
1639505,3,0,0_okno_n5+
1639551,4,0,0_okno_n1
1639585,3,0,0_okno_n3-4
1639727,4,0,0_okno_n3-4
1639758,3,1,1_pozaokno_n2
1639812,4,0,0_okno_n1
1639861,4,0,0_okno_n1
1639884,0,0,0_okno_n1
1639897,0,0,0_okno_n2
1640080,0,1,1_pozaokno_n3-4
1640198,0,0,0_okno_n3-4
1640281,1,1,1_pozaokno_n5+
1640327,0,1,1_pozaokno_n2
1640364,4,0,0_okno_n1
1640574,2,0,0_okno_n2
1640604,3,0,0_okno_n2
1640809,0,0,0_okno_n1
1640989,3,1,1_pozaokno_n2
1640997,2,0,0_okno_n1
1641012,2,0,0_okno_n2
1641023,1,0,0_okno_n1
1641084,2,0,0_okno_n1
1641259,3,0,0_okno_n1
1641298,4,0,0_okno_n1
1641417,3,0,0_okno_n5+
1641421,0,0,0_okno_n1
1641463,4,0,0_okno_n3-4
1641466,0,0,0_okno_n5+
1641468,2,0,0_okno_n1
1641504,2,0,0_okno_n1
1641531,4,0,0_okno_n1
1641545,3,1,1_pozaokno_n5+
1641624,2,0,0_okno_n3-4
1641629,1,0,0_okno_n2
1641702,2,0,0_okno_n1
1641731,1,0,0_okno_n1
1641757,0,0,0_okno_n2
1641836,0,0,0_okno_n1
1642070,2,0,0_okno_n2
1642135,2,0,0_okno_n3-4
1642214,3,0,0_okno_n3-4
1642220,0,0,0_okno_n1
1642232,0,0,0_okno_n1
1642260,4,0,0_okno_n2
1642296,2,0,0_okno_n5+
1642414,2,0,0_okno_n1
1642453,0,0,0_okno_n5+
1642468,0,0,0_okno_n3-4
1642493,4,0,0_okno_n2
1642500,2,0,0_okno_n1
1642701,2,0,0_okno_n1
1642751,3,0,0_okno_n3-4
1642803,3,0,0_okno_n1
1642822,3,0,0_okno_n2
1642971,2,0,0_okno_n2
1643014,0,0,0_okno_n1
1643041,2,0,0_okno_n1
1643058,3,0,0_okno_n1
1643066,0,0,0_okno_n1
1643068,0,0,0_okno_n1
1643119,1,0,0_okno_n1
1643186,1,0,0_okno_n3-4
1643221,2,1,1_pozaokno_n1
1643278,0,0,0_okno_n5+
1643301,4,0,0_okno_n1
1643334,4,0,0_okno_n1
1643361,4,0,0_okno_n1
1643387,4,0,0_okno_n1
1643396,3,0,0_okno_n1
1643424,3,0,0_okno_n3-4
1643443,0,0,0_okno_n3-4
1643451,2,0,0_okno_n3-4
1643455,3,0,0_okno_n1
1643465,2,0,0_okno_n1
1643478,1,0,0_okno_n1
1643572,2,0,0_okno_n3-4
1643764,3,0,0_okno_n2
1643776,2,0,0_okno_n2
1643816,1,0,0_okno_n1
1643906,3,0,0_okno_n1
1644044,1,0,0_okno_n2
1644052,1,0,0_okno_n2
1644224,0,0,0_okno_n1
1644227,3,0,0_okno_n5+
1644242,2,0,0_okno_n1
1644303,0,0,0_okno_n3-4
1644305,4,0,0_okno_n2
1644391,1,0,0_okno_n1
1644427,4,0,0_okno_n2
1644493,0,0,0_okno_n1
1644660,4,0,0_okno_n2
1644674,4,0,0_okno_n1
1644689,1,0,0_okno_n1
1644714,3,0,0_okno_n1
1644785,0,0,0_okno_n1
1644922,0,0,0_okno_n1
1644935,2,0,0_okno_n1
1644938,3,0,0_okno_n1
1644944,0,0,0_okno_n1
1644946,3,0,0_okno_n1
1644962,1,0,0_okno_n2
1645016,1,0,0_okno_n1
1645099,2,0,0_okno_n1
1645155,4,0,0_okno_n1
1645183,4,0,0_okno_n2
1645189,0,0,0_okno_n1
1645227,1,0,0_okno_n1
1645323,2,0,0_okno_n3-4
1645441,2,0,0_okno_n1
1645744,1,0,0_okno_n3-4
1645763,3,0,0_okno_n1
1645884,2,0,0_okno_n5+
1645899,1,0,0_okno_n3-4
1645902,3,0,0_okno_n1
1645922,1,0,0_okno_n1
1645975,1,0,0_okno_n2
1646003,2,0,0_okno_n3-4
1646172,1,0,0_okno_n1
1646195,4,0,0_okno_n2
1646223,3,0,0_okno_n2
1646265,2,0,0_okno_n1
1646296,1,0,0_okno_n1
1646348,0,0,0_okno_n1
1646379,1,0,0_okno_n1
1646419,1,0,0_okno_n1
1646452,3,0,0_okno_n2
1646536,3,0,0_okno_n1
1646601,4,0,0_okno_n5+
1646633,1,0,0_okno_n2
1646799,1,0,0_okno_n1
1646832,3,0,0_okno_n1
1646844,1,0,0_okno_n1
1646859,0,0,0_okno_n2
1646931,2,0,0_okno_n3-4
1647056,0,0,0_okno_n1
1647106,1,0,0_okno_n1
1647122,3,1,1_pozaokno_n5+
1647142,2,0,0_okno_n1
1647164,1,0,0_okno_n2
1647174,2,0,0_okno_n1
1647178,3,0,0_okno_n2
1647293,0,0,0_okno_n1
1647411,0,0,0_okno_n1
1647425,3,0,0_okno_n1
1647465,1,0,0_okno_n1
1647713,1,0,0_okno_n2
1647741,3,1,1_pozaokno_n1
1647746,2,0,0_okno_n1
1647770,2,0,0_okno_n2
1647811,0,0,0_okno_n5+
1647911,2,0,0_okno_n2
1647961,0,0,0_okno_n2
1647975,3,0,0_okno_n1
1648016,0,0,0_okno_n1
1648018,3,0,0_okno_n1
1648046,2,0,0_okno_n2
1648288,0,0,0_okno_n1
1648338,3,1,1_pozaokno_n2
1648567,0,1,1_pozaokno_n2
1648569,4,0,0_okno_n3-4
1648578,2,0,0_okno_n3-4
1648641,3,0,0_okno_n1
1648652,2,0,0_okno_n2
1648660,4,0,0_okno_n2
1648752,1,0,0_okno_n1
1648779,1,0,0_okno_n1
1648804,3,0,0_okno_n2
1648825,2,1,1_pozaokno_n3-4
1648910,4,1,1_pozaokno_n2
1649040,0,0,0_okno_n3-4
1649041,4,0,0_okno_n1
1649146,4,0,0_okno_n1
1649184,0,0,0_okno_n2
1649191,3,0,0_okno_n1
1649232,2,0,0_okno_n3-4
1649243,4,0,0_okno_n1
1649384,2,0,0_okno_n2
1649439,0,0,0_okno_n1
1649448,4,0,0_okno_n3-4
1649475,4,0,0_okno_n1
1649552,3,0,0_okno_n1
1649613,3,0,0_okno_n1
1649751,0,0,0_okno_n1
1649893,2,0,0_okno_n3-4
1650116,4,0,0_okno_n1
1650184,4,0,0_okno_n2
1650197,3,0,0_okno_n2
1650221,3,0,0_okno_n1
1650231,3,0,0_okno_n1
1650257,2,0,0_okno_n1
1650453,0,0,0_okno_n1
1650486,4,0,0_okno_n2
1650504,4,0,0_okno_n2
1650682,1,0,0_okno_n1
1650730,0,0,0_okno_n1
1650775,2,0,0_okno_n2
1650818,0,1,1_pozaokno_n1
1650831,0,0,0_okno_n1
1650844,4,0,0_okno_n1
1650894,3,0,0_okno_n2
1650996,2,0,0_okno_n1
1651034,1,0,0_okno_n1
1651082,1,0,0_okno_n1
1651131,4,0,0_okno_n1
1651150,4,0,0_okno_n1
1651249,3,0,0_okno_n5+
1651308,2,0,0_okno_n2
1651337,1,0,0_okno_n5+
1651351,1,0,0_okno_n1
1651359,3,0,0_okno_n1
1651365,4,0,0_okno_n2
1651368,0,0,0_okno_n1
1651455,0,0,0_okno_n1
1651696,4,0,0_okno_n1
1652052,1,0,0_okno_n1
1652061,4,1,1_pozaokno_n5+
1652077,3,0,0_okno_n1
1652087,0,0,0_okno_n1
1652132,0,0,0_okno_n1
1652182,2,0,0_okno_n1
1652205,3,0,0_okno_n1
1652226,2,0,0_okno_n1
1652288,4,0,0_okno_n2
1652466,2,0,0_okno_n3-4
1652519,4,0,0_okno_n1
1652556,2,0,0_okno_n1
1652663,0,0,0_okno_n1
1652674,4,0,0_okno_n5+
1652684,4,0,0_okno_n1
1652771,3,0,0_okno_n1
1652789,3,0,0_okno_n5+
1652793,3,0,0_okno_n2
1652797,1,0,0_okno_n1
1652879,3,0,0_okno_n1
1652940,0,0,0_okno_n2
1652964,4,0,0_okno_n2
1653095,1,0,0_okno_n1
1653128,3,0,0_okno_n1
1653201,4,0,0_okno_n1
1653214,3,0,0_okno_n1
1653246,0,0,0_okno_n1
1653374,0,0,0_okno_n1
1653430,2,0,0_okno_n1
1653515,1,0,0_okno_n1
1653536,4,0,0_okno_n1
1653581,1,0,0_okno_n1
1653598,2,0,0_okno_n3-4
1653654,1,0,0_okno_n1
1653749,3,0,0_okno_n1
1653762,1,0,0_okno_n1
1653855,4,0,0_okno_n1
1653902,2,0,0_okno_n3-4
1653927,0,0,0_okno_n1
1654017,4,0,0_okno_n1
1654021,4,0,0_okno_n2
1654049,1,0,0_okno_n5+
1654212,4,0,0_okno_n2
1654217,2,0,0_okno_n1
1654236,2,0,0_okno_n1
1654256,3,0,0_okno_n1
1654278,3,0,0_okno_n3-4
1654318,3,0,0_okno_n1
1654349,4,0,0_okno_n1
1654408,3,0,0_okno_n2
1654548,3,0,0_okno_n1
1654696,0,1,1_pozaokno_n2
1654721,0,0,0_okno_n2
1654741,1,1,1_pozaokno_n1
1654760,0,0,0_okno_n3-4
1654802,4,0,0_okno_n1
1654999,2,0,0_okno_n1
1655004,1,0,0_okno_n1
1655251,0,0,0_okno_n5+
1655301,3,0,0_okno_n2
1655323,3,0,0_okno_n1
1655367,3,0,0_okno_n1
1655410,2,0,0_okno_n2
1655433,1,0,0_okno_n1
1655481,4,0,0_okno_n1
1655540,4,0,0_okno_n2
1655847,1,0,0_okno_n1
1656000,0,0,0_okno_n1
1656063,2,0,0_okno_n1
1656106,2,0,0_okno_n1
1656144,4,1,1_pozaokno_n3-4
1656264,2,0,0_okno_n1
1656351,4,0,0_okno_n1
1656419,4,0,0_okno_n2
1656423,0,0,0_okno_n2
1656453,4,0,0_okno_n2
1656458,2,0,0_okno_n2
1656541,2,0,0_okno_n1
1656621,0,0,0_okno_n2
1656632,4,0,0_okno_n1
1656704,4,0,0_okno_n3-4
1656733,2,0,0_okno_n1
1656737,0,0,0_okno_n1
1656741,0,0,0_okno_n2
1656770,2,0,0_okno_n3-4
1656811,2,0,0_okno_n1
1656949,4,0,0_okno_n3-4
1657060,3,0,0_okno_n5+
1657068,2,0,0_okno_n5+
1657269,4,0,0_okno_n1
1657293,2,0,0_okno_n2
1657369,0,0,0_okno_n1
1657469,4,0,0_okno_n2
1657474,3,0,0_okno_n3-4
1657591,1,0,0_okno_n3-4
1657598,1,1,1_okno_n2
1657607,0,0,0_okno_n2
1657608,2,0,0_okno_n5+
1657646,2,0,0_okno_n3-4
1657650,3,0,0_okno_n5+
1657724,2,0,0_okno_n1
1657871,4,0,0_okno_n2
1657934,3,0,0_okno_n1
1658000,2,0,0_okno_n1
1658038,0,0,0_okno_n1
1658067,1,0,0_okno_n1
1658075,2,0,0_okno_n1
1658098,4,1,1_pozaokno_n2
1658222,3,0,0_okno_n1
1658297,4,0,0_okno_n1
1658435,1,0,0_okno_n5+
1658518,2,0,0_okno_n1
1658567,0,0,0_okno_n1
1658575,1,1,1_pozaokno_n3-4
1658629,2,0,0_okno_n3-4
1658636,4,0,0_okno_n1
1658639,3,1,1_pozaokno_n2
1658717,0,0,0_okno_n1
1658804,2,0,0_okno_n1
1658851,4,0,0_okno_n2
1658942,0,0,0_okno_n1
1658958,2,0,0_okno_n1
1658979,2,0,0_okno_n2
1659009,4,0,0_okno_n1
1659027,1,0,0_okno_n1
1659169,1,0,0_okno_n5+
1659231,1,0,0_okno_n1
1659381,4,0,0_okno_n5+
1659472,0,1,1_pozaokno_n1
1659514,3,0,0_okno_n1
1659561,3,0,0_okno_n1
1659586,3,0,0_okno_n1
1659609,2,0,0_okno_n1
1659625,1,1,1_pozaokno_n3-4
1659648,4,0,0_okno_n5+
1659749,4,0,0_okno_n1
1659769,3,0,0_okno_n1
1659888,2,0,0_okno_n1
1659933,3,0,0_okno_n3-4
1660020,0,0,0_okno_n2
1660095,3,0,0_okno_n3-4
1660177,3,0,0_okno_n3-4
1660243,1,0,0_okno_n1
1660445,4,0,0_okno_n5+
1660470,4,0,0_okno_n2
1660479,0,1,1_pozaokno_n2
1660523,2,0,0_okno_n1
1660524,3,1,1_pozaokno_n3-4
1660565,4,0,0_okno_n5+
1660664,4,0,0_okno_n3-4
1660706,2,0,0_okno_n1
1660710,2,0,0_okno_n3-4
1660800,2,0,0_okno_n2
1660853,0,0,0_okno_n2
1660874,2,0,0_okno_n1
1660892,3,0,0_okno_n1
1660957,4,0,0_okno_n3-4
1660967,4,0,0_okno_n1
1661081,4,0,0_okno_n3-4
1661185,3,1,1_pozaokno_n1
1661193,3,1,1_pozaokno_n5+
1661264,4,0,0_okno_n1
1661456,2,0,0_okno_n1
1661507,3,0,0_okno_n1
1661545,0,0,0_okno_n2
1661566,3,0,0_okno_n2
1661589,3,0,0_okno_n1
1661645,3,0,0_okno_n1
1661683,4,0,0_okno_n1
1661728,4,0,0_okno_n2
1661799,4,0,0_okno_n1
1661820,3,0,0_okno_n1
1661915,1,0,0_okno_n1
1661954,0,0,0_okno_n2
1661955,4,0,0_okno_n3-4
1662035,2,0,0_okno_n2
1662055,3,0,0_okno_n2
1662081,2,0,0_okno_n3-4
1662083,0,0,0_okno_n1
1662111,2,0,0_okno_n1
1662175,2,0,0_okno_n5+
1662185,4,0,0_okno_n2
1662381,1,0,0_okno_n1
1662398,4,0,0_okno_n3-4
1662422,2,0,0_okno_n1
1662463,1,0,0_okno_n2
1662478,2,0,0_okno_n3-4
1662509,2,0,0_okno_n1
1662520,1,0,0_okno_n1
1662613,1,0,0_okno_n1
1662616,2,1,1_pozaokno_n5+
1662854,1,0,0_okno_n1
1662889,4,0,0_okno_n3-4
1662934,2,0,0_okno_n1
1662936,0,0,0_okno_n1
1662969,4,0,0_okno_n1
1662984,3,0,0_okno_n5+
1663050,0,0,0_okno_n3-4
1663075,0,0,0_okno_n1
1663106,3,0,0_okno_n1
1663126,2,0,0_okno_n2
1663226,2,0,0_okno_n3-4
1663286,4,0,0_okno_n1
1663294,0,0,0_okno_n2
1663497,4,0,0_okno_n2
1663539,4,0,0_okno_n1
1663544,2,0,0_okno_n2
1663661,3,0,0_okno_n2
1663836,2,0,0_okno_n2
1663893,0,0,0_okno_n3-4
1663894,2,0,0_okno_n1
1663920,1,0,0_okno_n1
1663925,4,0,0_okno_n1
1663930,0,0,0_okno_n2
1663958,3,0,0_okno_n3-4
1663976,0,0,0_okno_n1
1664009,0,0,0_okno_n2
1664324,1,0,0_okno_n3-4
1664358,3,0,0_okno_n3-4
1664438,3,0,0_okno_n1
1664536,4,0,0_okno_n1
1664651,3,1,1_pozaokno_n2
1664856,3,0,0_okno_n1
1664859,1,0,0_okno_n1
1664986,4,0,0_okno_n1
1665078,1,0,0_okno_n1
1665160,1,0,0_okno_n5+
1665192,0,0,0_okno_n2
1665313,2,0,0_okno_n1
1665339,0,0,0_okno_n1
1665354,0,0,0_okno_n1
1665373,0,0,0_okno_n3-4
1665451,2,0,0_okno_n1
1665458,0,0,0_okno_n2
1665497,1,0,0_okno_n1
1665519,4,0,0_okno_n1
1665640,3,0,0_okno_n1
1665644,3,0,0_okno_n3-4
1665668,1,0,0_okno_n2
1665681,4,0,0_okno_n3-4
1665727,1,0,0_okno_n1
1665793,4,0,0_okno_n5+
1665827,0,0,0_okno_n1
1666007,3,0,0_okno_n2
1666083,4,0,0_okno_n3-4
1666102,2,0,0_okno_n2
1666271,1,0,0_okno_n1
1666282,1,0,0_okno_n3-4
1666318,0,0,0_okno_n1
1666342,0,0,0_okno_n1
1666369,2,0,0_okno_n1
1666422,2,0,0_okno_n1
1666475,4,0,0_okno_n2
1666552,1,0,0_okno_n5+
1666600,3,0,0_okno_n1
1666668,0,0,0_okno_n1
1666713,3,0,0_okno_n5+
1666733,1,0,0_okno_n5+
1666735,4,0,0_okno_n1
1666771,0,0,0_okno_n3-4
1666785,0,0,0_okno_n1
1666848,2,0,0_okno_n1
1666964,2,0,0_okno_n2
1666980,4,0,0_okno_n1
1667028,0,0,0_okno_n3-4
1667081,0,0,0_okno_n2
1667115,0,0,0_okno_n2
1667145,0,0,0_okno_n1
1667158,0,0,0_okno_n1
1667170,1,0,0_okno_n3-4
1667185,1,0,0_okno_n3-4
1667218,1,0,0_okno_n3-4
1667397,4,0,0_okno_n1
1667429,2,0,0_okno_n2
1667461,1,0,0_okno_n1
1667495,0,0,0_okno_n1
1667614,1,0,0_okno_n2
1667707,0,0,0_okno_n1
1667747,4,0,0_okno_n1
1667801,4,0,0_okno_n1
1668020,4,0,0_okno_n2
1668074,0,0,0_okno_n1
1668076,3,1,1_pozaokno_n3-4
1668114,3,0,0_okno_n3-4
1668121,2,0,0_okno_n2
1668161,4,0,0_okno_n2
1668193,3,0,0_okno_n1
1668217,4,0,0_okno_n1
1668247,2,0,0_okno_n1
1668370,4,0,0_okno_n2
1668546,2,0,0_okno_n1
1668596,0,0,0_okno_n1
1668602,1,0,0_okno_n1
1668636,0,0,0_okno_n1
1668673,4,0,0_okno_n1
1668688,2,0,0_okno_n1
1668783,1,0,0_okno_n3-4
1668934,1,0,0_okno_n1
1668935,2,0,0_okno_n5+
1669193,4,0,0_okno_n5+
1669390,1,0,0_okno_n1
1669417,2,0,0_okno_n2
1669435,2,0,0_okno_n1
1669456,3,0,0_okno_n3-4
1669518,4,0,0_okno_n1
1669520,1,0,0_okno_n2
1669527,3,0,0_okno_n1
1669583,2,0,0_okno_n1
1669615,0,0,0_okno_n1
1669627,2,0,0_okno_n1
1669762,3,0,0_okno_n1
1669915,4,0,0_okno_n1
1669923,1,0,0_okno_n1
1670139,1,1,1_pozaokno_n5+
1670180,0,0,0_okno_n2
1670237,4,0,0_okno_n1
1670267,1,0,0_okno_n1
1670272,2,0,0_okno_n2
1670273,1,0,0_okno_n3-4
1670395,1,0,0_okno_n1
1670404,1,0,0_okno_n1
1670449,3,0,0_okno_n2
1670501,0,0,0_okno_n1
1670625,1,0,0_okno_n2
1670637,1,0,0_okno_n1
1670688,2,1,1_okno_n3-4
1670727,1,0,0_okno_n1
1670870,0,0,0_okno_n1
1670882,2,0,0_okno_n1
1670933,0,0,0_okno_n5+
1670985,4,0,0_okno_n2
1671058,3,0,0_okno_n1
1671172,4,0,0_okno_n1
1671186,2,0,0_okno_n2
1671411,2,0,0_okno_n1
1671475,3,0,0_okno_n1
1671477,0,0,0_okno_n1
1671522,2,0,0_okno_n1
1671587,3,0,0_okno_n2
1671590,3,0,0_okno_n1
1671609,1,0,0_okno_n3-4
1671723,3,0,0_okno_n1
1671737,2,0,0_okno_n2
1671799,2,0,0_okno_n1
1671940,3,0,0_okno_n1
1672031,4,0,0_okno_n3-4
1672147,0,0,0_okno_n1
1672213,3,0,0_okno_n2
1672269,2,0,0_okno_n1
1672402,4,0,0_okno_n1
1672436,0,1,1_pozaokno_n5+
1672647,1,0,0_okno_n5+
1672698,1,0,0_okno_n2
1672712,3,0,0_okno_n2
1672883,2,0,0_okno_n2
1672938,4,0,0_okno_n1
1672941,0,0,0_okno_n1
1672967,0,0,0_okno_n2
1673050,3,1,1_pozaokno_n2
1673074,2,0,0_okno_n5+
1673079,4,0,0_okno_n1
1673140,2,1,1_pozaokno_n1
1673171,2,0,0_okno_n3-4
1673337,0,0,0_okno_n3-4
1673360,1,0,0_okno_n1
1673364,4,0,0_okno_n1
1673421,0,0,0_okno_n1
1673428,4,0,0_okno_n1
1673584,4,0,0_okno_n1
1673601,3,0,0_okno_n1
1673621,3,0,0_okno_n1
1673703,1,1,1_pozaokno_n1
1673705,1,0,0_okno_n1
1673882,0,0,0_okno_n5+
1673885,2,0,0_okno_n2
1673894,2,0,0_okno_n3-4
1673911,2,0,0_okno_n1
1673940,3,0,0_okno_n1
1674020,0,0,0_okno_n2
1674036,2,0,0_okno_n1
1674039,1,0,0_okno_n1
1674079,2,0,0_okno_n2
1674110,3,0,0_okno_n2
1674128,0,0,0_okno_n2
1674160,4,1,1_pozaokno_n3-4
1674179,1,0,0_okno_n1
1674184,0,0,0_okno_n3-4
1674196,0,0,0_okno_n1
1674231,0,0,0_okno_n3-4
1674251,1,0,0_okno_n2
1674277,3,0,0_okno_n1
1674284,2,0,0_okno_n1
1674287,1,0,0_okno_n2
1674332,2,0,0_okno_n5+
1674521,1,0,0_okno_n1
1674551,1,1,1_pozaokno_n1
1674587,3,0,0_okno_n1
1674716,2,0,0_okno_n2
1674752,3,0,0_okno_n1
1674782,2,0,0_okno_n2
1674806,2,0,0_okno_n1
1674810,3,0,0_okno_n2
1674862,3,0,0_okno_n2
1674874,3,0,0_okno_n2
1674880,2,0,0_okno_n2
1674924,2,0,0_okno_n2
1674946,0,0,0_okno_n2
1675121,3,0,0_okno_n1
1675191,1,0,0_okno_n1
1675220,3,0,0_okno_n1
1675234,3,0,0_okno_n1
1675294,2,0,0_okno_n1
1675316,3,0,0_okno_n5+
1675320,1,0,0_okno_n1
1675540,2,0,0_okno_n5+
1675568,2,0,0_okno_n1
1675579,4,0,0_okno_n1
1675601,2,0,0_okno_n3-4
1675612,2,1,1_pozaokno_n1
1675619,3,0,0_okno_n2
1675673,3,0,0_okno_n2
1675683,2,0,0_okno_n1
1675895,3,0,0_okno_n2
1675976,2,0,0_okno_n1
1675979,1,1,1_okno_n2
1676100,2,0,0_okno_n5+
1676272,0,0,0_okno_n1
1676315,2,0,0_okno_n1
1676428,0,0,0_okno_n1
1676451,3,0,0_okno_n2
1676520,3,0,0_okno_n2
1676525,1,0,0_okno_n3-4
1676568,1,0,0_okno_n2
1676620,1,0,0_okno_n1
1676703,4,0,0_okno_n1
1676704,1,0,0_okno_n1
1676739,4,0,0_okno_n1
1676817,1,1,1_pozaokno_n2
1676835,1,0,0_okno_n2
1676840,3,0,0_okno_n2
1676892,2,0,0_okno_n5+
1676973,0,0,0_okno_n2
1677087,4,0,0_okno_n1
1677127,2,0,0_okno_n1
1677314,1,0,0_okno_n1
1677415,0,0,0_okno_n1
1677544,1,0,0_okno_n1
1677557,2,0,0_okno_n3-4
1677577,1,0,0_okno_n2
1677613,4,0,0_okno_n2
1677635,0,0,0_okno_n1
1677637,1,0,0_okno_n1
1677646,3,1,1_pozaokno_n3-4
1677703,4,0,0_okno_n3-4
1677843,1,0,0_okno_n5+
1677886,0,0,0_okno_n1
1677891,1,0,0_okno_n2
1677920,3,0,0_okno_n3-4
1677976,1,0,0_okno_n2
1678086,4,0,0_okno_n1
1678137,1,0,0_okno_n2
1678305,4,0,0_okno_n1
1678309,3,0,0_okno_n1
1678430,4,1,1_pozaokno_n2
1678458,4,0,0_okno_n1
1678504,0,0,0_okno_n1
1678530,2,0,0_okno_n1
1678577,0,0,0_okno_n2
1678690,2,0,0_okno_n5+
1678748,3,0,0_okno_n1
1678802,2,0,0_okno_n1
1678845,3,0,0_okno_n2
1679109,4,0,0_okno_n1
1679121,4,1,1_pozaokno_n3-4
1679172,2,0,0_okno_n3-4
1679194,3,0,0_okno_n1
1679333,3,0,0_okno_n1
1679345,0,0,0_okno_n2
1679370,4,0,0_okno_n1
1679379,4,0,0_okno_n5+
1679477,3,0,0_okno_n1
1679506,4,0,0_okno_n1
1679508,4,0,0_okno_n1
1679655,4,0,0_okno_n3-4
1679716,0,0,0_okno_n2
1679728,1,0,0_okno_n2
1679738,1,0,0_okno_n1
1679780,3,0,0_okno_n2
1679810,4,0,0_okno_n1
1680057,3,0,0_okno_n1
1680237,1,0,0_okno_n1
1680250,3,0,0_okno_n2
1680294,1,0,0_okno_n3-4
1680303,4,0,0_okno_n3-4
1680330,0,0,0_okno_n1
1680357,1,0,0_okno_n2
1680359,3,0,0_okno_n1
1680409,1,0,0_okno_n1
1680419,2,0,0_okno_n2
1680489,3,0,0_okno_n3-4
1680671,0,0,0_okno_n1
1680683,4,1,1_pozaokno_n1
1680764,1,0,0_okno_n1
1680849,2,0,0_okno_n1
1680887,3,1,1_pozaokno_n5+
1681024,4,0,0_okno_n3-4
1681263,1,0,0_okno_n1
1681326,0,0,0_okno_n2
1681471,1,0,0_okno_n1
1681569,3,0,0_okno_n1
1681598,0,0,0_okno_n1
1681628,1,0,0_okno_n1
1681639,1,0,0_okno_n1
1681657,4,0,0_okno_n2
1681704,1,0,0_okno_n3-4
1681833,4,0,0_okno_n1
1681878,1,0,0_okno_n1
1681890,0,0,0_okno_n3-4
1681892,1,0,0_okno_n1
1681915,0,0,0_okno_n1
1681929,3,0,0_okno_n1
1681974,4,0,0_okno_n1
1681993,2,0,0_okno_n1
1682013,2,0,0_okno_n1
1682027,0,0,0_okno_n1
1682041,0,0,0_okno_n2
1682094,0,0,0_okno_n1
1682280,3,0,0_okno_n3-4
1682300,1,0,0_okno_n1
1682348,2,0,0_okno_n1
1682355,0,0,0_okno_n1
1682413,3,0,0_okno_n1
1682621,2,0,0_okno_n1
1682784,4,0,0_okno_n1
1682829,2,0,0_okno_n1
1682830,3,0,0_okno_n1
1682878,0,0,0_okno_n1
1682888,3,0,0_okno_n2
1682941,0,0,0_okno_n1
1683037,3,0,0_okno_n1
1683253,3,0,0_okno_n1
1683305,0,0,0_okno_n1
1683517,0,0,0_okno_n1
1683523,4,0,0_okno_n1
1683700,0,0,0_okno_n1
1683789,0,0,0_okno_n1
1683849,2,0,0_okno_n1
1683892,2,0,0_okno_n1
1683939,4,0,0_okno_n1
1684013,4,1,1_pozaokno_n1
1684463,0,0,0_okno_n1
1684525,2,0,0_okno_n1
1684541,3,0,0_okno_n5+
1684784,4,0,0_okno_n3-4
1684868,0,0,0_okno_n5+
1684878,1,0,0_okno_n5+
1684993,4,0,0_okno_n2
1684997,3,0,0_okno_n1
1685024,1,0,0_okno_n1
1685049,2,0,0_okno_n2
1685121,4,0,0_okno_n1
1685147,4,0,0_okno_n1
1685155,3,0,0_okno_n1
1685171,2,0,0_okno_n1
1685207,3,0,0_okno_n1
1685293,4,0,0_okno_n1
1685347,4,0,0_okno_n3-4
1685380,2,1,1_pozaokno_n3-4
1685393,2,0,0_okno_n1
1685401,4,0,0_okno_n1
1685452,2,0,0_okno_n1
1685473,2,0,0_okno_n1
1685501,3,0,0_okno_n1
1685647,0,0,0_okno_n1
1685691,1,0,0_okno_n2
1685746,2,0,0_okno_n1
1685761,0,0,0_okno_n1
1685836,2,0,0_okno_n3-4
1685919,2,0,0_okno_n2
1686063,1,0,0_okno_n5+
1686067,2,0,0_okno_n1
1686072,3,0,0_okno_n2
1686152,0,0,0_okno_n2
1686193,0,0,0_okno_n1
1686280,3,0,0_okno_n2
1686359,3,0,0_okno_n1
1686378,3,0,0_okno_n3-4
1686464,0,0,0_okno_n1
1686523,1,0,0_okno_n2
1686651,4,0,0_okno_n1
1686657,0,0,0_okno_n1
1686684,0,0,0_okno_n2
1686725,3,0,0_okno_n2
1686760,4,0,0_okno_n5+
1686910,0,0,0_okno_n1
1687160,4,0,0_okno_n1
1687259,1,0,0_okno_n2
1687338,0,0,0_okno_n2
1687362,0,0,0_okno_n3-4
1687363,3,0,0_okno_n1
1687516,2,0,0_okno_n2
1687543,1,0,0_okno_n1
1687568,2,0,0_okno_n1
1687576,4,0,0_okno_n1
1687642,1,0,0_okno_n1
1687739,0,0,0_okno_n1
1687740,1,0,0_okno_n1
1687771,2,0,0_okno_n1
1687839,3,0,0_okno_n1
1687863,2,0,0_okno_n1
1688068,1,0,0_okno_n1
1688190,4,0,0_okno_n2
1688247,0,0,0_okno_n2
1688366,1,0,0_okno_n2
1688378,3,1,1_pozaokno_n3-4
1688521,0,0,0_okno_n2
1688529,3,0,0_okno_n1
1688539,0,0,0_okno_n1
1688551,4,0,0_okno_n1
1688591,3,0,0_okno_n3-4
1688630,0,1,1_pozaokno_n3-4
1688649,2,0,0_okno_n1
1688723,4,0,0_okno_n1
1688803,1,0,0_okno_n1
1688862,2,0,0_okno_n2
1688911,1,0,0_okno_n3-4
1689074,0,0,0_okno_n1
1689239,3,0,0_okno_n1
1689359,2,1,1_pozaokno_n1
1689414,0,0,0_okno_n1
1689425,3,0,0_okno_n1
1689505,3,0,0_okno_n1
1689512,2,0,0_okno_n2
1689542,2,0,0_okno_n1
1689544,0,1,1_pozaokno_n5+
1689571,0,0,0_okno_n3-4
1689586,1,0,0_okno_n1
1689632,2,0,0_okno_n3-4
1689659,3,0,0_okno_n1
1689748,1,0,0_okno_n2
1689750,3,0,0_okno_n5+
1689753,1,0,0_okno_n1
1689818,3,0,0_okno_n3-4
1689855,2,0,0_okno_n2
1689934,1,0,0_okno_n1
1690000,4,0,0_okno_n1
1690089,4,0,0_okno_n1
1690157,3,0,0_okno_n2
1690192,2,0,0_okno_n2
1690653,1,0,0_okno_n2
1690730,4,0,0_okno_n2
1690775,3,0,0_okno_n2
1690881,2,0,0_okno_n2
1690973,2,0,0_okno_n1
1690975,0,0,0_okno_n2
1690982,0,0,0_okno_n1
1691305,2,0,0_okno_n1
1691334,3,0,0_okno_n3-4
1691361,4,0,0_okno_n1
1691493,0,0,0_okno_n3-4
1691633,2,0,0_okno_n1
1691653,3,0,0_okno_n2
1691704,4,0,0_okno_n1
1691868,3,0,0_okno_n5+
1691952,0,0,0_okno_n1
1692167,1,0,0_okno_n2
1692213,1,1,1_pozaokno_n1
1692296,0,0,0_okno_n1
1692332,3,0,0_okno_n2
1692342,4,0,0_okno_n1
1692452,4,0,0_okno_n3-4
1692505,0,0,0_okno_n2
1692582,2,1,1_pozaokno_n5+
1692729,3,0,0_okno_n1
1692922,1,0,0_okno_n1
1692942,1,0,0_okno_n1
1692980,1,0,0_okno_n1
1693077,1,0,0_okno_n2
1693084,3,0,0_okno_n5+
1693090,4,0,0_okno_n2
1693092,3,0,0_okno_n2
1693151,1,0,0_okno_n3-4
1693166,2,0,0_okno_n5+
1693199,3,0,0_okno_n1
1693283,3,0,0_okno_n1
1693324,1,0,0_okno_n1
1693441,1,0,0_okno_n1
1693581,3,0,0_okno_n2
1693597,2,0,0_okno_n1
1693634,1,0,0_okno_n1
1693727,3,0,0_okno_n1
1693824,1,0,0_okno_n1
1693933,3,0,0_okno_n1
1693977,3,0,0_okno_n3-4
1694043,3,0,0_okno_n1
1694089,0,0,0_okno_n3-4
1694091,1,0,0_okno_n1
1694124,3,0,0_okno_n3-4
1694208,1,0,0_okno_n1
1694245,2,0,0_okno_n2
1694303,4,0,0_okno_n2
1694337,2,0,0_okno_n1
1694357,4,0,0_okno_n1
1694410,1,0,0_okno_n1
1694442,0,0,0_okno_n1
1694461,4,0,0_okno_n2
1694517,1,0,0_okno_n2
1694577,3,0,0_okno_n2
1694582,4,0,0_okno_n3-4
1694624,1,0,0_okno_n5+
1694641,4,0,0_okno_n1
1694735,3,0,0_okno_n1
1694742,1,0,0_okno_n1
1694780,4,0,0_okno_n1
1694805,4,1,1_pozaokno_n5+
1694847,1,0,0_okno_n2
1694851,3,0,0_okno_n5+
1694949,1,0,0_okno_n1
1695000,3,0,0_okno_n3-4
1695034,2,0,0_okno_n1
1695120,3,0,0_okno_n1
1695170,4,0,0_okno_n2
1695249,2,0,0_okno_n3-4
1695278,1,0,0_okno_n1
1695309,3,0,0_okno_n1
1695503,1,0,0_okno_n1
1695504,4,0,0_okno_n2
1695522,1,0,0_okno_n1
1695571,1,0,0_okno_n1
1695577,0,0,0_okno_n1
1695647,1,0,0_okno_n1
1695664,3,0,0_okno_n3-4
1695696,2,0,0_okno_n1
1695705,0,0,0_okno_n1
1695783,2,0,0_okno_n1
1695891,3,0,0_okno_n1
1695943,2,0,0_okno_n1
1696060,1,0,0_okno_n1
1696067,3,0,0_okno_n3-4
1696103,3,0,0_okno_n1
1696163,1,0,0_okno_n1
1696178,2,0,0_okno_n1
1696227,3,0,0_okno_n2
1696266,4,0,0_okno_n1
1696275,2,0,0_okno_n2
1696283,1,0,0_okno_n3-4
1696312,1,0,0_okno_n2
1696335,0,1,1_okno_n1
1696429,3,0,0_okno_n1
1696444,4,0,0_okno_n1
1696514,1,0,0_okno_n1
1696614,0,0,0_okno_n1
1696655,0,0,0_okno_n1
1696717,2,0,0_okno_n2
1696740,3,0,0_okno_n2
1696761,3,0,0_okno_n1
1696777,3,0,0_okno_n1
1696861,0,0,0_okno_n1
1696987,4,0,0_okno_n1
1697171,0,0,0_okno_n3-4
1697243,0,0,0_okno_n1
1697270,0,0,0_okno_n1
1697339,4,0,0_okno_n2
1697643,0,0,0_okno_n1
1697925,1,0,0_okno_n2
1697943,1,0,0_okno_n3-4
1698109,3,0,0_okno_n3-4
1698115,2,0,0_okno_n2
1698123,0,0,0_okno_n2
1698168,1,0,0_okno_n1
1698216,0,0,0_okno_n1
1698347,1,0,0_okno_n5+
1698428,2,1,1_pozaokno_n3-4
1698429,3,0,0_okno_n3-4
1698463,3,0,0_okno_n1
1698524,1,0,0_okno_n1
1698569,4,1,1_pozaokno_n3-4
1698591,1,0,0_okno_n2
1698601,0,0,0_okno_n1
1698604,2,1,1_pozaokno_n2
1698618,3,0,0_okno_n1
1698686,0,0,0_okno_n1
1698706,0,0,0_okno_n1
1698716,1,0,0_okno_n1
1698718,4,1,1_pozaokno_n2
1698797,4,0,0_okno_n2
1698877,1,0,0_okno_n3-4
1698921,0,0,0_okno_n1
1698938,4,0,0_okno_n2
1699001,1,0,0_okno_n5+
1699057,4,0,0_okno_n1
1699065,4,0,0_okno_n2
1699101,3,0,0_okno_n3-4
1699230,1,1,1_pozaokno_n2
1699242,4,0,0_okno_n1
1699330,3,0,0_okno_n1
1699377,4,0,0_okno_n1
1699385,2,0,0_okno_n1
1699435,2,0,0_okno_n1
1699454,0,0,0_okno_n2
1699649,3,0,0_okno_n3-4
1699739,1,0,0_okno_n1
1699779,4,0,0_okno_n3-4
1699971,4,0,0_okno_n1
1700036,2,0,0_okno_n1
1700162,4,0,0_okno_n2
1700177,4,0,0_okno_n1
1700268,2,0,0_okno_n2
1700348,0,0,0_okno_n3-4
1700388,4,0,0_okno_n1
1700417,3,0,0_okno_n2
1700483,0,0,0_okno_n1
1700490,2,0,0_okno_n1
1700505,4,0,0_okno_n1
1700583,1,0,0_okno_n1
1700686,3,0,0_okno_n1
1700768,4,0,0_okno_n3-4
1700793,0,0,0_okno_n1
1700925,3,0,0_okno_n1
1700930,0,0,0_okno_n1
1700955,2,0,0_okno_n1
1701066,4,0,0_okno_n2
1701087,0,0,0_okno_n2
1701100,2,0,0_okno_n1
1701118,2,0,0_okno_n1
1701142,3,0,0_okno_n1
1701225,2,0,0_okno_n1
1701300,2,0,0_okno_n1
1701371,3,0,0_okno_n2
1701467,2,0,0_okno_n3-4
1701529,1,0,0_okno_n1
1701646,4,1,1_pozaokno_n1
1701782,2,0,0_okno_n1
1701792,1,0,0_okno_n2
1701940,4,0,0_okno_n1
1701957,0,0,0_okno_n1
1701983,2,0,0_okno_n1
1701998,1,0,0_okno_n2
1702041,2,1,1_pozaokno_n2
1702057,3,0,0_okno_n1
1702076,4,0,0_okno_n2
1702111,3,0,0_okno_n1
1702206,4,0,0_okno_n1
1702289,1,0,0_okno_n1
1702373,2,0,0_okno_n1
1702451,3,0,0_okno_n1
1702469,3,0,0_okno_n2
1702512,0,0,0_okno_n2
1702647,0,0,0_okno_n2
1702679,4,1,1_pozaokno_n2
1702735,2,0,0_okno_n2
1702786,1,0,0_okno_n1
1702831,3,0,0_okno_n1
1702941,1,0,0_okno_n1
1702965,1,0,0_okno_n1
1703094,2,0,0_okno_n3-4
1703106,2,0,0_okno_n1
1703194,0,0,0_okno_n2
1703485,0,0,0_okno_n1
1703512,2,0,0_okno_n1
1703854,3,1,1_pozaokno_n3-4
1703863,3,1,1_pozaokno_n1
1703899,4,0,0_okno_n3-4
1703939,2,0,0_okno_n1
1703941,3,0,0_okno_n1
1704004,4,1,1_pozaokno_n5+
1704041,4,0,0_okno_n3-4
1704058,4,0,0_okno_n2
1704059,0,0,0_okno_n3-4
1704115,1,0,0_okno_n1
1704232,3,0,0_okno_n2
1704324,3,0,0_okno_n1
1704374,0,0,0_okno_n1
1704484,3,0,0_okno_n3-4
1704572,4,0,0_okno_n1
1704574,0,0,0_okno_n2
1704575,2,0,0_okno_n1
1704587,3,0,0_okno_n1
1704823,4,0,0_okno_n1
1704842,0,0,0_okno_n1
1704848,2,0,0_okno_n1
1704872,1,0,0_okno_n1
1705087,1,0,0_okno_n2
1705102,0,0,0_okno_n1
1705138,2,0,0_okno_n3-4
1705183,4,0,0_okno_n1
1705221,3,1,1_pozaokno_n1
1705335,4,0,0_okno_n1
1705354,1,0,0_okno_n2
1705403,4,0,0_okno_n1
1705485,1,0,0_okno_n1
1705515,1,0,0_okno_n1
1705518,1,1,1_pozaokno_n3-4
1705544,3,0,0_okno_n1
1705629,3,0,0_okno_n1
1705673,2,0,0_okno_n1
1705703,3,0,0_okno_n1
1705713,2,0,0_okno_n1
1705720,3,0,0_okno_n2
1705750,3,0,0_okno_n1
1705821,2,0,0_okno_n2
1705998,1,0,0_okno_n1
1706186,1,0,0_okno_n2
1706197,0,0,0_okno_n2
1706238,0,0,0_okno_n1
1706278,0,0,0_okno_n1
1706362,0,0,0_okno_n1
1706415,0,0,0_okno_n1
1706444,0,0,0_okno_n1
1706470,3,0,0_okno_n1
1706516,2,0,0_okno_n2
1706525,0,0,0_okno_n1
1706558,1,0,0_okno_n1
1706579,4,0,0_okno_n1
1706665,0,1,1_pozaokno_n2
1706804,2,0,0_okno_n1
1706934,2,0,0_okno_n1
1706985,2,0,0_okno_n1
1707096,0,0,0_okno_n1
1707105,3,0,0_okno_n1
1707121,3,0,0_okno_n2
1707278,0,0,0_okno_n1
1707352,4,0,0_okno_n5+
1707423,1,0,0_okno_n1
1707488,2,0,0_okno_n2
1707498,0,0,0_okno_n2
1707547,2,0,0_okno_n1
1707580,1,0,0_okno_n1
1707637,4,0,0_okno_n1
1707666,1,0,0_okno_n3-4
1707867,4,0,0_okno_n2
1707972,3,0,0_okno_n1
1708075,3,0,0_okno_n1
1708098,0,0,0_okno_n1
1708141,1,0,0_okno_n2
1708162,3,0,0_okno_n1
1708181,3,1,1_pozaokno_n3-4
1708183,1,0,0_okno_n5+
1708267,1,0,0_okno_n2
1708281,2,1,1_pozaokno_n5+
1708420,2,0,0_okno_n5+
1708456,4,0,0_okno_n1
1708557,0,0,0_okno_n1
1708588,4,1,1_pozaokno_n5+
1708640,3,0,0_okno_n1
1708656,4,0,0_okno_n1
1708917,1,0,0_okno_n1
1708933,3,0,0_okno_n1
1709120,1,0,0_okno_n2
1709132,1,0,0_okno_n1
1709156,1,0,0_okno_n5+
1709338,4,1,1_pozaokno_n2
1709340,3,0,0_okno_n3-4
1709342,0,1,1_pozaokno_n1
1709360,3,0,0_okno_n2
1709451,4,0,0_okno_n5+
1709504,3,0,0_okno_n1
1709514,4,0,0_okno_n1
1709628,1,0,0_okno_n1
1709637,1,1,1_pozaokno_n2
1709680,0,0,0_okno_n2
1709706,0,0,0_okno_n1
1709940,1,0,0_okno_n1
1709944,0,0,0_okno_n1
1710056,1,0,0_okno_n1
1710154,2,1,1_pozaokno_n2
1710172,1,0,0_okno_n3-4
1710191,0,0,0_okno_n1
1710237,0,0,0_okno_n1
1710356,3,0,0_okno_n1
1710381,2,0,0_okno_n3-4
1710382,1,0,0_okno_n3-4
1710393,2,0,0_okno_n2
1710439,4,0,0_okno_n3-4
1710477,4,0,0_okno_n1
1710536,3,0,0_okno_n1
1710669,3,0,0_okno_n1
1710801,1,0,0_okno_n1
1710844,4,0,0_okno_n5+
1710943,0,0,0_okno_n1
1710964,3,0,0_okno_n1
1711017,2,0,0_okno_n1
1711084,0,0,0_okno_n1
1711137,0,0,0_okno_n1
1711155,0,0,0_okno_n2
1711253,0,0,0_okno_n1
1711288,4,0,0_okno_n3-4
1711443,1,0,0_okno_n2
1711477,4,0,0_okno_n1
1711502,3,0,0_okno_n3-4
1711732,2,0,0_okno_n2
1711807,3,0,0_okno_n2
1711863,4,0,0_okno_n1
1711946,3,0,0_okno_n2
1711996,0,0,0_okno_n2
1712018,3,0,0_okno_n1
1712039,1,1,1_pozaokno_n5+
1712061,3,0,0_okno_n2
1712075,2,0,0_okno_n1
1712104,0,0,0_okno_n1
1712134,2,0,0_okno_n1
1712235,3,0,0_okno_n2
1712314,1,0,0_okno_n2
1712376,3,0,0_okno_n1
1712386,0,0,0_okno_n1
1712389,3,0,0_okno_n1
1712413,0,0,0_okno_n1
1712424,3,0,0_okno_n1
1712431,4,0,0_okno_n1
1712451,1,0,0_okno_n1
1712503,0,0,0_okno_n2
1712628,0,0,0_okno_n1
1712641,1,0,0_okno_n1
1712658,2,0,0_okno_n2
1712671,1,0,0_okno_n1
1712702,4,0,0_okno_n1
1712722,1,0,0_okno_n1
1712766,0,0,0_okno_n3-4
1712852,0,0,0_okno_n1
1712856,1,0,0_okno_n2
1712885,2,0,0_okno_n3-4
1712905,2,0,0_okno_n1
1713040,4,0,0_okno_n2
1713094,0,0,0_okno_n1
1713122,3,0,0_okno_n3-4
1713139,3,0,0_okno_n1
1713166,2,0,0_okno_n1
1713210,2,0,0_okno_n1
1713251,4,0,0_okno_n1
1713335,3,0,0_okno_n1
1713439,0,0,0_okno_n2
1713442,4,0,0_okno_n2
1713542,4,0,0_okno_n1
1713554,1,0,0_okno_n3-4
1713606,4,0,0_okno_n3-4
1713669,1,1,1_pozaokno_n2
1713714,0,0,0_okno_n1
1713735,4,0,0_okno_n5+
1713744,3,0,0_okno_n3-4
1713770,4,0,0_okno_n3-4
1713834,4,0,0_okno_n5+
1713931,3,0,0_okno_n1
1713985,0,0,0_okno_n1
1713987,0,0,0_okno_n2
1713996,0,0,0_okno_n3-4
1714047,0,0,0_okno_n1
1714148,3,0,0_okno_n1
1714321,4,0,0_okno_n2
1714347,0,0,0_okno_n2
1714416,1,0,0_okno_n5+
1714459,0,0,0_okno_n1
1714526,0,0,0_okno_n5+
1714564,0,0,0_okno_n1
1714756,0,0,0_okno_n2
1714784,4,0,0_okno_n2
1714940,4,0,0_okno_n2
1714958,3,0,0_okno_n1
1714977,4,0,0_okno_n1
1715039,0,0,0_okno_n1
1715041,2,0,0_okno_n1
1715206,2,0,0_okno_n2
1715232,0,0,0_okno_n2
1715275,3,0,0_okno_n1
1715344,3,0,0_okno_n1
1715405,0,0,0_okno_n2
1715413,4,0,0_okno_n1
1715417,2,0,0_okno_n1
1715473,4,0,0_okno_n1
1715496,0,0,0_okno_n1
1715519,0,0,0_okno_n2
1715541,2,0,0_okno_n1
1715563,1,0,0_okno_n1
1715612,4,0,0_okno_n1
1715622,3,0,0_okno_n1
1715640,3,0,0_okno_n1
1715672,0,0,0_okno_n1
1715681,1,0,0_okno_n1
1715707,1,0,0_okno_n2
1715719,0,0,0_okno_n3-4
1715749,1,0,0_okno_n1
1715770,2,0,0_okno_n2
1715836,1,0,0_okno_n3-4
1715860,3,0,0_okno_n2
1715869,0,0,0_okno_n1
1715918,3,0,0_okno_n1
1715994,4,0,0_okno_n1
1716017,3,0,0_okno_n1
1716079,0,0,0_okno_n1
1716197,4,0,0_okno_n2
1716266,3,0,0_okno_n1
1716327,3,1,1_pozaokno_n5+
1716346,2,0,0_okno_n3-4
1716526,4,0,0_okno_n2
1716661,0,0,0_okno_n1
1716664,3,0,0_okno_n2
1716705,3,0,0_okno_n1
1716723,0,0,0_okno_n1
1716823,3,0,0_okno_n5+
1716861,1,0,0_okno_n1
1716866,0,0,0_okno_n1
1716915,3,0,0_okno_n2
1716978,1,0,0_okno_n3-4
1716983,2,0,0_okno_n2
1716985,3,0,0_okno_n1
1717011,1,0,0_okno_n1
1717043,2,0,0_okno_n1
1717259,1,0,0_okno_n1
1717280,1,0,0_okno_n5+
1717435,3,0,0_okno_n1
1717475,1,0,0_okno_n1
1717483,1,0,0_okno_n2
1717484,0,0,0_okno_n1
1717556,3,0,0_okno_n3-4
1717622,1,0,0_okno_n2
1717671,1,0,0_okno_n1
1717790,0,0,0_okno_n5+
1717812,3,0,0_okno_n2
1717891,4,0,0_okno_n3-4
1717897,4,0,0_okno_n1
1717932,2,0,0_okno_n1
1717994,0,1,1_pozaokno_n2
1718068,1,1,1_pozaokno_n1
1718090,3,0,0_okno_n3-4
1718106,1,0,0_okno_n3-4
1718127,3,0,0_okno_n3-4
1718141,1,0,0_okno_n1
1718153,3,0,0_okno_n5+
1718202,0,0,0_okno_n1
1718332,4,0,0_okno_n2
1718358,2,0,0_okno_n2
1718573,1,0,0_okno_n1
1718665,0,0,0_okno_n2
1718757,2,0,0_okno_n1
1718761,3,0,0_okno_n1
1718978,3,0,0_okno_n1
1718986,3,0,0_okno_n1
1719015,3,0,0_okno_n1
1719056,0,0,0_okno_n1
1719062,0,0,0_okno_n1
1719127,0,0,0_okno_n5+
1719152,2,0,0_okno_n3-4
1719212,1,0,0_okno_n1
1719226,0,0,0_okno_n2
1719230,4,0,0_okno_n1
1719236,4,0,0_okno_n1
1719349,1,0,0_okno_n2
1719374,3,0,0_okno_n1
1719380,0,0,0_okno_n1
1719418,3,0,0_okno_n1
1719493,1,0,0_okno_n2
1719581,2,0,0_okno_n3-4
1719728,4,0,0_okno_n2
1719759,4,1,1_pozaokno_n5+
1719795,3,0,0_okno_n1
1719821,2,0,0_okno_n3-4
1719840,2,0,0_okno_n3-4
1719881,2,0,0_okno_n1
1719923,2,0,0_okno_n1
1719950,0,0,0_okno_n1
1719969,3,0,0_okno_n5+
1719994,4,0,0_okno_n1
1720020,0,0,0_okno_n1
1720046,3,0,0_okno_n1
1720055,4,0,0_okno_n1
1720221,0,0,0_okno_n1
1720313,2,0,0_okno_n1
1720431,3,1,1_pozaokno_n3-4
1720623,2,0,0_okno_n1
1720733,3,1,1_pozaokno_n2
1720735,0,0,0_okno_n3-4
1720767,1,0,0_okno_n1
1720862,1,0,0_okno_n1
1720866,0,0,0_okno_n2
1720887,0,0,0_okno_n1
1720902,4,0,0_okno_n1
1721027,0,0,0_okno_n1
1721087,3,0,0_okno_n5+
1721088,3,0,0_okno_n1
1721092,2,0,0_okno_n1
1721107,1,0,0_okno_n1
1721155,4,0,0_okno_n1
1721187,1,0,0_okno_n1
1721282,0,0,0_okno_n1
1721302,1,0,0_okno_n1
1721314,4,0,0_okno_n1
1721409,3,0,0_okno_n1
1721455,3,0,0_okno_n1
1721464,0,0,0_okno_n1
1721482,3,0,0_okno_n1
1721485,0,0,0_okno_n3-4
1721494,3,0,0_okno_n1
1721522,1,0,0_okno_n3-4
1721686,4,0,0_okno_n5+
1721693,4,0,0_okno_n5+
1721713,0,0,0_okno_n1
1721755,1,0,0_okno_n1
1721870,1,0,0_okno_n1
1721914,4,0,0_okno_n2
1721916,1,0,0_okno_n1
1721952,4,0,0_okno_n3-4
1721990,4,1,1_pozaokno_n5+
1722076,4,0,0_okno_n1
1722085,1,0,0_okno_n1
1722150,3,0,0_okno_n1
1722294,0,0,0_okno_n3-4
1722424,1,0,0_okno_n1
1722440,4,0,0_okno_n3-4
1722446,0,0,0_okno_n3-4
1722525,2,0,0_okno_n2
1722666,2,0,0_okno_n1
1722681,1,0,0_okno_n2
1722960,4,0,0_okno_n1
1723046,3,0,0_okno_n2
1723067,0,1,1_pozaokno_n1
1723236,0,1,1_pozaokno_n1
1723371,1,0,0_okno_n2
1723397,0,0,0_okno_n1
1723510,4,0,0_okno_n1
1723607,3,0,0_okno_n3-4
1723616,0,0,0_okno_n5+
1723621,3,0,0_okno_n1
1723701,4,0,0_okno_n1
1723729,2,0,0_okno_n1
1723743,3,0,0_okno_n3-4
1723744,3,0,0_okno_n1
1723788,0,0,0_okno_n3-4
1723853,4,0,0_okno_n5+
1723931,0,0,0_okno_n2
1723991,3,0,0_okno_n1
1723996,1,0,0_okno_n1
1724043,3,0,0_okno_n2
1724180,4,0,0_okno_n1
1724215,0,0,0_okno_n3-4
1724248,2,0,0_okno_n1
1724316,1,0,0_okno_n1
1724361,3,0,0_okno_n1
1724432,3,0,0_okno_n1
1724470,3,0,0_okno_n1
1724528,0,0,0_okno_n1
1724554,3,1,1_pozaokno_n2
1724632,4,0,0_okno_n1
1724679,4,0,0_okno_n3-4
1724818,3,0,0_okno_n2
1724853,3,1,1_pozaokno_n2
1724924,4,0,0_okno_n2
1724928,0,0,0_okno_n1
1724953,0,0,0_okno_n5+
1724972,3,0,0_okno_n1
1725020,1,0,0_okno_n2
1725022,1,0,0_okno_n1
1725043,4,0,0_okno_n2
1725067,1,0,0_okno_n1
1725073,4,0,0_okno_n1
1725094,2,0,0_okno_n2
1725139,4,0,0_okno_n1
1725164,2,0,0_okno_n3-4
1725185,0,0,0_okno_n2
1725208,1,0,0_okno_n3-4
1725236,4,0,0_okno_n1
1725335,2,0,0_okno_n2
1725416,0,0,0_okno_n1
1725726,2,0,0_okno_n1
1725764,1,0,0_okno_n1
1725811,4,1,1_pozaokno_n2
1725815,3,0,0_okno_n1
1725854,2,0,0_okno_n5+
1725917,1,0,0_okno_n1
1726139,0,0,0_okno_n1
1726176,3,0,0_okno_n2
1726192,1,0,0_okno_n1
1726290,2,0,0_okno_n2
1726346,3,0,0_okno_n2
1726452,4,0,0_okno_n1
1726454,3,0,0_okno_n3-4
1726474,1,0,0_okno_n1
1726564,0,0,0_okno_n1
1726597,4,0,0_okno_n1
1726673,4,0,0_okno_n2
1726678,4,0,0_okno_n1
1726796,2,0,0_okno_n5+
1726812,2,0,0_okno_n1
1726896,4,0,0_okno_n1
1726924,2,0,0_okno_n1
1726945,2,0,0_okno_n3-4
1727040,1,1,1_pozaokno_n5+
1727045,3,0,0_okno_n1
1727127,2,0,0_okno_n1
1727149,4,0,0_okno_n1
1727171,1,0,0_okno_n1
1727276,4,0,0_okno_n1
1727297,3,1,1_okno_n2
1727325,1,0,0_okno_n1
1727563,4,0,0_okno_n1
1727651,2,0,0_okno_n3-4
1727719,1,0,0_okno_n1
1727778,3,0,0_okno_n1
1727811,2,0,0_okno_n1
1727855,1,0,0_okno_n1
1728022,1,0,0_okno_n1
1728061,2,0,0_okno_n1
1728085,1,0,0_okno_n1
1728290,2,0,0_okno_n1
1728291,1,0,0_okno_n3-4
1728294,0,0,0_okno_n3-4
1728351,4,0,0_okno_n3-4
1728374,1,0,0_okno_n1
1728469,4,0,0_okno_n1
1728626,1,0,0_okno_n1
1728644,1,0,0_okno_n2
1728742,1,0,0_okno_n3-4
1728793,2,0,0_okno_n2
1728914,3,1,1_pozaokno_n5+
1728957,0,0,0_okno_n3-4
1729067,2,0,0_okno_n2
1729178,0,0,0_okno_n1
1729183,1,0,0_okno_n1
1729220,1,1,1_pozaokno_n2
1729229,1,0,0_okno_n3-4
1729231,4,0,0_okno_n1
1729276,1,0,0_okno_n1
1729341,1,0,0_okno_n2
1729397,2,0,0_okno_n1
1729401,0,1,1_pozaokno_n5+
1729504,2,0,0_okno_n3-4
1729561,3,0,0_okno_n1
1729657,1,0,0_okno_n1
1729766,4,0,0_okno_n3-4
1729886,4,0,0_okno_n1
1729913,3,0,0_okno_n1
1729934,0,0,0_okno_n2
1729941,3,0,0_okno_n3-4
1730182,3,0,0_okno_n3-4
1730418,3,0,0_okno_n2
1730444,3,0,0_okno_n1
1730451,2,0,0_okno_n1
1730520,2,0,0_okno_n1
1730697,3,0,0_okno_n5+
1730793,2,0,0_okno_n1
1730842,2,0,0_okno_n2
1730894,1,0,0_okno_n1
1730938,4,0,0_okno_n1
1731001,0,0,0_okno_n2
1731016,3,0,0_okno_n1
1731042,4,0,0_okno_n2
1731139,1,0,0_okno_n1
1731167,4,0,0_okno_n1
1731222,4,0,0_okno_n1
1731259,2,0,0_okno_n2
1731288,2,0,0_okno_n1
1731476,2,0,0_okno_n3-4
1731487,1,0,0_okno_n5+
1731555,1,0,0_okno_n1
1731569,3,0,0_okno_n1
1731643,2,0,0_okno_n1
1731654,4,0,0_okno_n1
1731669,2,1,1_pozaokno_n5+
1731710,0,0,0_okno_n1
1731716,1,0,0_okno_n1
1731732,1,0,0_okno_n5+
1731762,0,0,0_okno_n1
1731872,4,0,0_okno_n1
1731885,1,0,0_okno_n2
1731968,1,0,0_okno_n1
1731977,4,0,0_okno_n1
1732098,4,0,0_okno_n1
1732120,0,1,1_pozaokno_n5+
1732207,3,0,0_okno_n1
1732264,2,0,0_okno_n1
1732300,1,1,1_pozaokno_n2
1732327,4,0,0_okno_n2
1732394,4,0,0_okno_n1
1732400,4,0,0_okno_n2
1732435,1,0,0_okno_n2
1732500,2,0,0_okno_n1
1732567,4,0,0_okno_n3-4
1732579,1,0,0_okno_n3-4
1732592,3,0,0_okno_n1
1732678,1,0,0_okno_n1
1732682,0,0,0_okno_n3-4
1732848,1,0,0_okno_n3-4
1732883,0,0,0_okno_n2
1732914,2,0,0_okno_n1
1732969,4,0,0_okno_n2
1732975,2,0,0_okno_n2
1733035,2,0,0_okno_n1
1733046,1,0,0_okno_n2
1733121,0,0,0_okno_n1
1733123,2,0,0_okno_n2
1733127,4,0,0_okno_n2
1733229,1,0,0_okno_n1
1733238,4,0,0_okno_n1
1733259,3,0,0_okno_n1
1733391,1,0,0_okno_n5+
1733394,3,0,0_okno_n2
1733422,4,0,0_okno_n2
1733439,4,0,0_okno_n1
1733482,0,0,0_okno_n1
1733486,2,0,0_okno_n3-4
1733492,3,0,0_okno_n1
1733495,1,0,0_okno_n1
1733599,4,0,0_okno_n1
1733670,3,0,0_okno_n3-4
1733788,4,0,0_okno_n1
1733847,2,0,0_okno_n1
1733876,4,0,0_okno_n2
1733888,2,0,0_okno_n1
1733961,4,0,0_okno_n3-4
1733988,1,0,0_okno_n1
1734099,3,0,0_okno_n2
1734142,4,0,0_okno_n1
1734198,0,0,0_okno_n5+
1734205,1,0,0_okno_n1
1734211,0,0,0_okno_n1
1734229,1,1,1_pozaokno_n2
1734288,0,0,0_okno_n1
1734299,1,0,0_okno_n1
1734342,3,0,0_okno_n5+
1734392,0,0,0_okno_n5+
1734467,4,0,0_okno_n1
1734573,1,0,0_okno_n1
1734706,3,0,0_okno_n1
1734785,3,0,0_okno_n1
1735064,2,0,0_okno_n2
1735103,4,0,0_okno_n1
1735127,0,0,0_okno_n1
1735146,3,0,0_okno_n3-4
1735158,4,0,0_okno_n1
1735181,3,0,0_okno_n1
1735190,1,0,0_okno_n1
1735200,3,0,0_okno_n1
1735236,4,0,0_okno_n1
1735249,3,0,0_okno_n1
1735258,3,0,0_okno_n1
1735279,0,0,0_okno_n1
1735299,2,0,0_okno_n1
1735311,1,0,0_okno_n1
1735322,0,0,0_okno_n2
1735519,1,0,0_okno_n2
1735531,1,0,0_okno_n1
1735534,3,0,0_okno_n1
1735537,1,0,0_okno_n1
1735562,0,0,0_okno_n1
1735572,0,0,0_okno_n1
1735638,0,0,0_okno_n1
1735639,3,0,0_okno_n1
1735671,3,0,0_okno_n1
1735918,4,0,0_okno_n1
1735991,2,0,0_okno_n1
1736006,2,0,0_okno_n1
1736149,2,0,0_okno_n1
1736194,4,0,0_okno_n2
1736222,1,0,0_okno_n1
1736263,2,0,0_okno_n1
1736341,3,0,0_okno_n2
1736459,0,0,0_okno_n2
1736565,1,0,0_okno_n5+
1736568,2,0,0_okno_n1
1736707,4,0,0_okno_n2
1736742,1,0,0_okno_n1
1736745,3,0,0_okno_n1
1736756,3,0,0_okno_n1
1736781,1,0,0_okno_n2
1736943,3,0,0_okno_n1
1737045,4,0,0_okno_n1
1737148,1,0,0_okno_n1
1737182,0,0,0_okno_n1
1737212,3,0,0_okno_n1
1737266,4,0,0_okno_n1
1737278,3,0,0_okno_n1
1737351,0,1,1_pozaokno_n5+
1737367,3,0,0_okno_n1
1737398,1,0,0_okno_n1
1737420,4,0,0_okno_n1
1737440,2,0,0_okno_n1
1737458,1,0,0_okno_n1
1737554,2,0,0_okno_n2
1737634,4,0,0_okno_n1
1737647,0,0,0_okno_n1
1737665,0,0,0_okno_n1
1737838,4,0,0_okno_n1
1737853,1,0,0_okno_n1
1737873,3,0,0_okno_n2
1737904,2,1,1_pozaokno_n2
1737958,3,0,0_okno_n5+
1737974,1,0,0_okno_n2
1737991,4,0,0_okno_n1
1738002,3,0,0_okno_n3-4
1738029,3,0,0_okno_n1
1738106,3,0,0_okno_n2
1738151,3,0,0_okno_n1
1738162,3,0,0_okno_n1
1738190,4,1,1_pozaokno_n2
1738235,4,0,0_okno_n2
1738272,1,0,0_okno_n3-4
1738278,1,0,0_okno_n1
1738350,3,0,0_okno_n5+
1738477,4,0,0_okno_n5+
1738504,1,0,0_okno_n5+
1738524,2,0,0_okno_n1
1738598,4,0,0_okno_n1
1738657,4,0,0_okno_n1
1738824,4,0,0_okno_n1
1738884,2,0,0_okno_n2
1738893,0,0,0_okno_n1
1738916,2,0,0_okno_n1
1738929,3,0,0_okno_n1
1738939,2,0,0_okno_n1
1738962,1,0,0_okno_n2
1738995,0,0,0_okno_n1
1739049,4,0,0_okno_n1
1739132,0,0,0_okno_n2
1739194,0,0,0_okno_n1
1739199,4,0,0_okno_n5+
1739220,1,0,0_okno_n1
1739277,3,1,1_pozaokno_n2
1739369,0,0,0_okno_n1
1739459,0,0,0_okno_n5+
1739542,0,0,0_okno_n2
1739545,4,0,0_okno_n1
1739578,4,0,0_okno_n1
1739621,4,0,0_okno_n1
1739667,1,0,0_okno_n1
1739680,4,0,0_okno_n1
1739703,4,0,0_okno_n1
1739732,2,0,0_okno_n2
1739799,3,0,0_okno_n1
1739832,4,0,0_okno_n1
1739838,0,0,0_okno_n1
1739893,2,0,0_okno_n1
1740022,2,0,0_okno_n2
1740096,4,0,0_okno_n1
1740133,0,0,0_okno_n2
1740135,4,0,0_okno_n2
1740173,1,0,0_okno_n1
1740206,3,0,0_okno_n3-4
1740217,3,0,0_okno_n1
1740455,2,0,0_okno_n2
1740463,0,0,0_okno_n3-4
1740477,1,0,0_okno_n3-4
1740487,4,0,0_okno_n2
1740506,3,0,0_okno_n3-4
1740545,1,0,0_okno_n1
1740568,1,0,0_okno_n1
1740695,2,0,0_okno_n3-4
1740767,0,0,0_okno_n1
1740804,4,0,0_okno_n1
1740897,4,0,0_okno_n1
1740925,2,0,0_okno_n2
1740938,0,0,0_okno_n1
1740943,1,0,0_okno_n1
1740964,3,0,0_okno_n3-4
1741146,1,0,0_okno_n1
1741202,1,0,0_okno_n2
1741257,4,0,0_okno_n2
1741311,4,0,0_okno_n1
1741332,0,0,0_okno_n3-4
1741340,0,0,0_okno_n1
1741504,0,0,0_okno_n3-4
1741516,3,0,0_okno_n1
1741526,2,0,0_okno_n2
1741557,4,0,0_okno_n5+
1741562,4,0,0_okno_n1
1741628,4,0,0_okno_n3-4
1741678,1,0,0_okno_n1
1741718,3,0,0_okno_n5+
1741817,1,0,0_okno_n2
1741829,3,0,0_okno_n1
1741845,2,0,0_okno_n1
1741997,1,0,0_okno_n1
1742026,2,0,0_okno_n3-4
1742130,0,0,0_okno_n1
1742131,1,0,0_okno_n2
1742228,1,0,0_okno_n1
1742342,1,0,0_okno_n2
1742344,4,0,0_okno_n2
1742355,3,0,0_okno_n1
1742404,4,0,0_okno_n3-4
1742416,2,0,0_okno_n2
1742524,2,0,0_okno_n1
1742664,4,0,0_okno_n3-4
1742804,4,0,0_okno_n3-4
1742815,2,0,0_okno_n1
1742857,2,0,0_okno_n3-4
1742924,1,0,0_okno_n3-4
1742960,1,0,0_okno_n1
1742965,3,0,0_okno_n1
1743010,2,0,0_okno_n2
1743020,1,0,0_okno_n1
1743145,0,0,0_okno_n1
1743220,1,0,0_okno_n3-4
1743242,4,0,0_okno_n5+
1743249,1,0,0_okno_n1
1743252,1,0,0_okno_n2
1743254,2,0,0_okno_n1
1743342,2,0,0_okno_n1
1743359,2,0,0_okno_n5+
1743567,3,0,0_okno_n2
1743758,4,0,0_okno_n1
1743768,3,0,0_okno_n1
1743798,0,0,0_okno_n1
1743817,4,0,0_okno_n2
1743834,4,0,0_okno_n1
1743887,0,0,0_okno_n3-4
1743954,3,0,0_okno_n1
1744006,2,0,0_okno_n1
1744116,0,0,0_okno_n1
1744162,2,0,0_okno_n1
1744180,0,0,0_okno_n2
1744220,0,0,0_okno_n1
1744335,4,0,0_okno_n1
1744343,4,0,0_okno_n1
1744370,0,0,0_okno_n2
1744408,3,0,0_okno_n1
1744454,3,0,0_okno_n2
1744476,0,0,0_okno_n3-4
1744553,3,0,0_okno_n1
1744658,4,0,0_okno_n3-4
1744733,0,0,0_okno_n1
1744820,4,0,0_okno_n1
1744832,4,0,0_okno_n2
1744845,3,0,0_okno_n1
1744871,4,0,0_okno_n2
1744879,3,0,0_okno_n1
1744896,4,0,0_okno_n1
1744950,3,0,0_okno_n2
1745063,2,0,0_okno_n5+
1745120,3,0,0_okno_n3-4
1745186,3,0,0_okno_n1
1745211,2,0,0_okno_n3-4
1745217,2,0,0_okno_n1
1745399,1,0,0_okno_n2
1745473,4,0,0_okno_n1
1745514,1,0,0_okno_n2
1745523,2,0,0_okno_n1
1745554,2,0,0_okno_n1
1745570,4,0,0_okno_n1
1745610,2,0,0_okno_n3-4
1745620,4,0,0_okno_n1
1745701,4,0,0_okno_n1
1745804,1,0,0_okno_n1
1745841,2,0,0_okno_n1
1745969,4,0,0_okno_n2
1746021,2,0,0_okno_n1
1746102,4,1,1_pozaokno_n1
1746142,0,0,0_okno_n1
1746162,2,0,0_okno_n1
1746202,3,0,0_okno_n1
1746312,1,0,0_okno_n1
1746392,3,0,0_okno_n5+
1746456,3,0,0_okno_n1
1746548,0,0,0_okno_n1
1746557,3,0,0_okno_n1
1746577,3,0,0_okno_n1
1746636,1,0,0_okno_n1
1746692,3,0,0_okno_n2
1746715,2,0,0_okno_n1
1746787,3,0,0_okno_n1
1746849,4,0,0_okno_n2
1746894,0,0,0_okno_n1
1747149,0,0,0_okno_n2
1747239,2,0,0_okno_n1
1747245,0,0,0_okno_n1
1747458,0,0,0_okno_n1
1747473,0,0,0_okno_n5+
1747477,4,0,0_okno_n1
1747497,4,0,0_okno_n3-4
1747532,2,0,0_okno_n1
1747537,2,0,0_okno_n3-4
1747558,0,0,0_okno_n1
1747624,4,0,0_okno_n2
1747687,1,0,0_okno_n1
1747754,2,0,0_okno_n1
1747784,0,0,0_okno_n3-4
1747875,1,0,0_okno_n3-4
1748016,0,0,0_okno_n1
1748045,1,0,0_okno_n3-4
1748073,0,0,0_okno_n1
1748081,4,0,0_okno_n2
1748096,2,0,0_okno_n5+
1748146,0,0,0_okno_n5+
1748157,0,0,0_okno_n1
1748167,3,0,0_okno_n2
1748174,0,0,0_okno_n3-4
1748246,1,0,0_okno_n1
1748248,3,0,0_okno_n1
1748342,0,0,0_okno_n1
1748435,2,0,0_okno_n1
1748633,0,0,0_okno_n1
1748639,3,0,0_okno_n2
1748689,2,0,0_okno_n3-4
1748725,1,0,0_okno_n5+
1748729,1,0,0_okno_n2
1748774,4,0,0_okno_n1
1748805,4,0,0_okno_n2
1748851,2,0,0_okno_n2
1748979,4,0,0_okno_n1
1749089,4,0,0_okno_n3-4
1749122,0,0,0_okno_n3-4
1749156,2,0,0_okno_n1
1749221,1,0,0_okno_n1
1749236,2,0,0_okno_n2
1749267,2,0,0_okno_n1
1749284,2,0,0_okno_n1
1749298,3,0,0_okno_n1
1749404,3,0,0_okno_n1
1749412,3,1,1_pozaokno_n1
1749469,3,0,0_okno_n1
1749491,3,0,0_okno_n1
1749517,4,0,0_okno_n1
1749533,3,0,0_okno_n3-4
1749565,2,0,0_okno_n1
1749569,3,0,0_okno_n1
1749620,4,0,0_okno_n3-4
1749643,3,0,0_okno_n1
1749672,3,0,0_okno_n2
1749718,1,1,1_pozaokno_n5+
1749794,1,0,0_okno_n1
1749796,2,0,0_okno_n1
1749814,4,0,0_okno_n1
1750006,1,0,0_okno_n1
1750199,4,0,0_okno_n2
1750209,3,0,0_okno_n2
1750241,4,0,0_okno_n1
1750361,4,0,0_okno_n1
1750399,2,0,0_okno_n1
1750405,2,0,0_okno_n2
1750412,0,0,0_okno_n2
1750448,1,0,0_okno_n3-4
1750510,4,0,0_okno_n1
1750675,2,0,0_okno_n1
1750682,2,0,0_okno_n3-4
1750859,0,0,0_okno_n2
1750905,1,0,0_okno_n3-4
1750965,3,0,0_okno_n1
1751003,0,0,0_okno_n1
1751034,0,0,0_okno_n3-4
1751204,1,0,0_okno_n1
1751217,2,0,0_okno_n1
1751327,0,0,0_okno_n2
1751352,4,0,0_okno_n3-4
1751362,4,0,0_okno_n1
1751428,0,0,0_okno_n1
1751433,3,1,1_pozaokno_n2
1751534,2,0,0_okno_n1
1751583,0,0,0_okno_n3-4
1751629,3,0,0_okno_n1
1751774,2,0,0_okno_n2
1751838,4,0,0_okno_n1
1751857,2,0,0_okno_n2
1751886,0,0,0_okno_n1
1751976,4,0,0_okno_n1
1751990,2,0,0_okno_n1
1751999,2,0,0_okno_n1
1752020,3,0,0_okno_n1
1752049,4,0,0_okno_n5+
1752059,2,0,0_okno_n1
1752133,1,0,0_okno_n3-4
1752264,2,0,0_okno_n1
1752545,0,0,0_okno_n2
1752576,2,0,0_okno_n1
1752597,1,0,0_okno_n1
1752640,4,0,0_okno_n2
1752678,0,0,0_okno_n2
1752727,0,0,0_okno_n1
1752820,1,0,0_okno_n1
1753067,3,0,0_okno_n1
1753068,2,0,0_okno_n2
1753121,1,0,0_okno_n1
1753150,3,0,0_okno_n1
1753266,1,0,0_okno_n1
1753286,4,0,0_okno_n1
1753297,2,0,0_okno_n1
1753354,3,0,0_okno_n2
1753548,2,0,0_okno_n1
1753580,3,0,0_okno_n2
1753611,0,0,0_okno_n2
1753654,1,0,0_okno_n1
1753672,1,0,0_okno_n1
1753783,4,0,0_okno_n2
1753902,4,0,0_okno_n1
1753904,4,0,0_okno_n2
1753907,0,1,1_pozaokno_n2
1754007,0,0,0_okno_n2
1754029,3,0,0_okno_n1
1754074,0,0,0_okno_n2
1754111,0,0,0_okno_n1
1754140,3,0,0_okno_n1
1754233,4,0,0_okno_n2
1754279,4,0,0_okno_n1
1754347,3,0,0_okno_n2
1754402,0,0,0_okno_n3-4
1754427,1,0,0_okno_n1
1754490,1,0,0_okno_n1
1754491,4,0,0_okno_n1
1754600,0,0,0_okno_n1
1754712,4,1,1_pozaokno_n1
1754714,4,0,0_okno_n1
1754866,3,0,0_okno_n1
1754878,4,0,0_okno_n1
1754915,0,0,0_okno_n3-4
1755005,1,0,0_okno_n3-4
1755142,3,0,0_okno_n1
1755285,0,0,0_okno_n1
1755349,3,0,0_okno_n2
1755411,3,0,0_okno_n2
1755446,1,0,0_okno_n1
1755501,0,1,1_pozaokno_n2
1755508,2,0,0_okno_n1
1755686,1,0,0_okno_n1
1755786,4,0,0_okno_n1
1756022,4,0,0_okno_n1
1756026,2,0,0_okno_n1
1756064,4,0,0_okno_n1
1756146,1,0,0_okno_n2
1756303,2,0,0_okno_n2
1756472,1,0,0_okno_n1
1756560,4,0,0_okno_n2
1756604,0,0,0_okno_n1
1756611,1,0,0_okno_n1
1756666,1,0,0_okno_n1
1756673,3,0,0_okno_n1
1756893,0,0,0_okno_n1
1757065,3,0,0_okno_n1
1757068,0,0,0_okno_n1
1757144,4,0,0_okno_n1
1757164,0,0,0_okno_n2
1757383,0,0,0_okno_n1
1757405,4,0,0_okno_n2
1757454,0,0,0_okno_n1
1757593,2,1,1_pozaokno_n1
1757648,1,0,0_okno_n1
1757702,0,1,1_pozaokno_n2
1757709,3,0,0_okno_n1
1757778,1,0,0_okno_n1
1757783,2,0,0_okno_n1
1757800,3,0,0_okno_n1
1757862,2,0,0_okno_n1
1757940,3,0,0_okno_n1
1758011,1,0,0_okno_n1
1758030,3,0,0_okno_n1
1758067,1,0,0_okno_n2
1758211,4,0,0_okno_n1
1758332,2,0,0_okno_n2
1758373,0,0,0_okno_n1
1758404,1,0,0_okno_n2
1758472,3,0,0_okno_n1
1758544,4,1,1_pozaokno_n2
1758556,2,0,0_okno_n2
1758779,0,0,0_okno_n1
1758923,1,0,0_okno_n2
1759078,2,0,0_okno_n1
1759099,3,0,0_okno_n1
1759173,0,0,0_okno_n1
1759233,3,0,0_okno_n2
1759296,2,0,0_okno_n5+
1759311,1,0,0_okno_n2
1759329,4,0,0_okno_n2
1759404,0,0,0_okno_n1
1759428,2,1,1_pozaokno_n2
1759521,3,0,0_okno_n3-4
1759552,2,0,0_okno_n1
1759561,4,0,0_okno_n1
1759572,0,0,0_okno_n5+
1759628,2,0,0_okno_n1
1759680,2,0,0_okno_n3-4
1759703,1,0,0_okno_n1
1759717,2,0,0_okno_n1
1759737,3,0,0_okno_n2
1759850,1,0,0_okno_n2
1759894,3,0,0_okno_n1
1759922,0,0,0_okno_n1
1760030,3,0,0_okno_n2
1760032,2,0,0_okno_n1
1760066,3,0,0_okno_n3-4
1760251,2,0,0_okno_n3-4
1760253,3,1,1_pozaokno_n2
1760262,4,0,0_okno_n3-4
1760273,2,0,0_okno_n2
1760311,0,1,1_pozaokno_n2
1760327,1,0,0_okno_n2
1760353,2,0,0_okno_n2
1760358,2,1,1_pozaokno_n2
1760388,2,0,0_okno_n2
1760431,0,0,0_okno_n1
1760483,4,0,0_okno_n1
1760494,3,0,0_okno_n1
1760520,2,0,0_okno_n1
1760532,2,0,0_okno_n1
1760599,0,0,0_okno_n2
1760687,0,0,0_okno_n3-4
1760860,4,0,0_okno_n2
1760879,1,0,0_okno_n2
1760882,3,0,0_okno_n1
1760912,3,0,0_okno_n1
1760921,1,0,0_okno_n2
1760978,4,0,0_okno_n1
1761000,1,0,0_okno_n2
1761104,4,0,0_okno_n1
1761171,0,0,0_okno_n3-4
1761205,4,0,0_okno_n1
1761233,2,0,0_okno_n2
1761345,0,0,0_okno_n5+
1761424,3,1,1_pozaokno_n5+
1761437,2,1,1_pozaokno_n2
1761590,0,0,0_okno_n1
1761596,4,0,0_okno_n2
1761613,2,0,0_okno_n1
1761710,1,0,0_okno_n1
1761723,4,0,0_okno_n3-4
1761814,4,0,0_okno_n3-4
1761998,4,0,0_okno_n2
1762003,4,0,0_okno_n1
1762061,2,0,0_okno_n1
1762078,3,0,0_okno_n1
1762116,2,0,0_okno_n1
1762218,2,0,0_okno_n2
1762265,2,0,0_okno_n1
1762455,0,0,0_okno_n2
1762482,1,0,0_okno_n2
1762509,3,0,0_okno_n2
1762522,0,0,0_okno_n2
1762729,3,0,0_okno_n1
1762735,3,0,0_okno_n2
1762782,4,0,0_okno_n1
1762843,0,0,0_okno_n1
1762882,1,0,0_okno_n1
1762960,0,0,0_okno_n2
1763065,2,0,0_okno_n1
1763201,2,0,0_okno_n2
1763227,3,0,0_okno_n1
1763246,1,0,0_okno_n3-4
1763257,3,0,0_okno_n2
1763303,0,0,0_okno_n1
1763329,3,0,0_okno_n1
1763415,4,0,0_okno_n1
1763453,3,0,0_okno_n2
1763531,3,0,0_okno_n1
1763576,3,1,1_pozaokno_n2
1763609,0,0,0_okno_n1
1763646,4,0,0_okno_n2
1763789,2,0,0_okno_n1
1763829,4,0,0_okno_n3-4
1763840,2,0,0_okno_n1
1763848,4,0,0_okno_n2
1763907,0,0,0_okno_n1
1763927,3,0,0_okno_n5+
1763949,4,0,0_okno_n1
1763980,4,0,0_okno_n2
1764055,0,0,0_okno_n1
1764100,1,0,0_okno_n3-4
1764151,4,0,0_okno_n1
1764155,0,0,0_okno_n5+
1764218,2,0,0_okno_n2
1764245,3,0,0_okno_n2
1764385,4,0,0_okno_n1
1764390,2,0,0_okno_n2
1764406,4,1,1_pozaokno_n3-4
1764447,3,0,0_okno_n1
1764487,3,0,0_okno_n2
1764549,0,0,0_okno_n1
1764580,0,0,0_okno_n1
1764640,1,1,1_pozaokno_n3-4
1764644,0,0,0_okno_n1
1764681,3,0,0_okno_n3-4
1764716,4,0,0_okno_n1
1764747,1,0,0_okno_n5+
1764749,4,0,0_okno_n1
1764774,4,0,0_okno_n1
1764787,4,0,0_okno_n1
1764935,0,0,0_okno_n1
1765006,1,1,1_pozaokno_n1
1765110,3,0,0_okno_n2
1765477,4,0,0_okno_n2
1765481,3,0,0_okno_n2
1765493,3,0,0_okno_n2
1765502,1,0,0_okno_n1
1765630,0,0,0_okno_n1
1765658,1,0,0_okno_n5+
1765725,0,0,0_okno_n1
1765756,3,0,0_okno_n3-4
1765826,3,0,0_okno_n1
1766019,2,1,1_pozaokno_n1
1766129,1,0,0_okno_n2
1766136,3,0,0_okno_n1
1766137,3,0,0_okno_n1
1766229,1,0,0_okno_n3-4
1766283,3,0,0_okno_n1
1766316,0,0,0_okno_n3-4
1766419,4,0,0_okno_n1
1766420,1,0,0_okno_n1
1766449,0,0,0_okno_n1
1766489,4,0,0_okno_n1
1766496,2,0,0_okno_n1
1766501,1,0,0_okno_n5+
1766516,1,0,0_okno_n2
1766672,3,0,0_okno_n2
1766737,2,1,1_pozaokno_n5+
1766774,0,0,0_okno_n2
1766818,3,0,0_okno_n1
1766881,3,0,0_okno_n2
1766883,1,0,0_okno_n5+
1766948,1,0,0_okno_n1
1767080,2,0,0_okno_n2
1767155,2,0,0_okno_n1
1767199,2,0,0_okno_n2
1767321,4,0,0_okno_n1
1767349,2,0,0_okno_n1
1767432,2,0,0_okno_n1
1767532,1,0,0_okno_n1
1767541,0,0,0_okno_n5+
1767543,3,0,0_okno_n3-4
1767602,3,0,0_okno_n1
1767734,2,0,0_okno_n1
1767735,3,0,0_okno_n1
1767748,0,0,0_okno_n1
1767766,0,0,0_okno_n1
1767781,4,0,0_okno_n1
1767835,1,0,0_okno_n1
1767912,3,0,0_okno_n1
1767933,4,0,0_okno_n1
1768010,4,0,0_okno_n1
1768048,4,0,0_okno_n2
1768081,1,0,0_okno_n1
1768114,3,0,0_okno_n1
1768127,0,0,0_okno_n1
1768129,2,0,0_okno_n1
1768158,4,0,0_okno_n1
1768301,3,0,0_okno_n2
1768316,0,0,0_okno_n1
1768395,4,0,0_okno_n1
1768420,4,1,1_pozaokno_n5+
1768440,2,0,0_okno_n3-4
1768454,2,1,1_pozaokno_n1
1768455,0,0,0_okno_n3-4
1768467,4,0,0_okno_n1
1768545,4,0,0_okno_n1
1768571,0,0,0_okno_n2
1768656,3,0,0_okno_n1
1768732,2,0,0_okno_n2
1768823,1,0,0_okno_n1
1768850,3,0,0_okno_n1
1768900,2,0,0_okno_n1
1768911,4,0,0_okno_n3-4
1769022,1,0,0_okno_n2
1769066,3,0,0_okno_n2
1769069,3,0,0_okno_n1
1769078,4,0,0_okno_n1
1769106,2,0,0_okno_n1
1769446,3,0,0_okno_n2
1769493,0,0,0_okno_n1
1769497,4,0,0_okno_n1
1769555,1,0,0_okno_n2
1769653,1,0,0_okno_n2
1769708,4,0,0_okno_n1
1769803,4,0,0_okno_n1
1769953,3,0,0_okno_n1
1769962,3,0,0_okno_n2
1769988,3,0,0_okno_n1
1770148,2,0,0_okno_n1
1770173,1,0,0_okno_n1
1770302,2,0,0_okno_n1
1770406,1,0,0_okno_n1
1770450,3,0,0_okno_n1
1770455,2,0,0_okno_n1
1770540,1,0,0_okno_n2
1770554,3,0,0_okno_n1
1770611,1,0,0_okno_n1
1770621,1,0,0_okno_n1
1770632,4,0,0_okno_n2
1770773,2,0,0_okno_n1
1770782,0,0,0_okno_n1
1770865,3,0,0_okno_n3-4
1770893,4,0,0_okno_n1
1771039,2,0,0_okno_n1
1771072,2,0,0_okno_n2
1771104,2,0,0_okno_n3-4
1771115,2,0,0_okno_n1
1771185,1,0,0_okno_n1
1771269,2,0,0_okno_n2
1771278,1,0,0_okno_n1
1771370,3,0,0_okno_n1
1771387,4,0,0_okno_n2
1771412,0,0,0_okno_n1
1771455,4,0,0_okno_n1
1771491,3,0,0_okno_n1
1771516,2,0,0_okno_n1
1771562,2,0,0_okno_n1
1771616,4,0,0_okno_n2
1771628,3,0,0_okno_n2
1771650,3,0,0_okno_n5+
1771691,3,0,0_okno_n1
1771854,2,0,0_okno_n1
1771901,3,0,0_okno_n1
1772004,1,0,0_okno_n2
1772107,1,0,0_okno_n3-4
1772120,2,0,0_okno_n3-4
1772137,2,0,0_okno_n5+
1772315,4,0,0_okno_n3-4
1772326,1,0,0_okno_n5+
1772337,3,1,1_pozaokno_n2
1772349,0,0,0_okno_n1
1772352,0,0,0_okno_n2
1772375,3,0,0_okno_n1
1772401,3,0,0_okno_n1
1772429,2,0,0_okno_n1
1772455,1,0,0_okno_n1
1772533,4,0,0_okno_n2
1772617,2,0,0_okno_n1
1772660,3,0,0_okno_n1
1772706,0,1,1_okno_n1
1772731,3,0,0_okno_n1
1772868,1,0,0_okno_n1
1772890,1,0,0_okno_n1
1772912,2,0,0_okno_n1
1772959,2,0,0_okno_n5+
1772981,0,1,1_pozaokno_n1
1773403,3,0,0_okno_n1
1773410,4,0,0_okno_n1
1773420,2,0,0_okno_n1
1773503,0,0,0_okno_n1
1773519,0,0,0_okno_n3-4
1773524,1,0,0_okno_n5+
1773556,2,0,0_okno_n1
1773610,2,0,0_okno_n1
1773703,0,0,0_okno_n1
1773831,2,0,0_okno_n1
1773877,3,0,0_okno_n2
1773917,3,0,0_okno_n2
1774104,2,0,0_okno_n1
1774132,1,0,0_okno_n2
1774151,1,0,0_okno_n1
1774224,3,0,0_okno_n1
1774285,1,0,0_okno_n2
1774343,3,0,0_okno_n2
1774390,1,0,0_okno_n3-4
1774395,3,0,0_okno_n1
1774398,1,1,1_pozaokno_n2
1774433,4,0,0_okno_n1
1774507,2,0,0_okno_n1
1774586,1,0,0_okno_n3-4
1774605,4,0,0_okno_n1
1774615,1,0,0_okno_n1
1774694,2,0,0_okno_n2
1774712,4,0,0_okno_n3-4
1774737,3,0,0_okno_n2
1774792,0,0,0_okno_n2
1774866,2,0,0_okno_n1
1775003,3,0,0_okno_n1
1775115,4,0,0_okno_n2
1775174,2,0,0_okno_n2
1775245,1,0,0_okno_n1
1775246,2,1,1_pozaokno_n1
1775363,0,0,0_okno_n3-4
1775505,4,0,0_okno_n1
1775519,4,0,0_okno_n3-4
1775561,3,0,0_okno_n1
1775564,1,0,0_okno_n1
1775625,2,0,0_okno_n1
1775744,2,0,0_okno_n1
1775829,4,0,0_okno_n1
1776389,1,0,0_okno_n1
1776458,3,0,0_okno_n3-4
1776460,4,0,0_okno_n1
1776495,1,0,0_okno_n1
1776548,2,0,0_okno_n1
1776584,0,1,1_pozaokno_n2
1776626,4,0,0_okno_n5+
1776698,2,0,0_okno_n3-4
1776734,1,0,0_okno_n1
1776751,0,0,0_okno_n3-4
1776898,1,0,0_okno_n5+
1776954,0,0,0_okno_n1
1777023,4,0,0_okno_n1
1777056,0,0,0_okno_n5+
1777154,1,0,0_okno_n1
1777186,0,0,0_okno_n1
1777221,2,0,0_okno_n1
1777639,2,1,1_pozaokno_n2
1777711,3,0,0_okno_n1
1777771,2,0,0_okno_n1
1777968,1,0,0_okno_n5+
1778037,3,0,0_okno_n1
1778054,2,0,0_okno_n5+
1778078,4,0,0_okno_n1
1778127,0,1,1_pozaokno_n1
1778143,1,0,0_okno_n1
1778152,1,0,0_okno_n1
1778229,4,0,0_okno_n2
1778252,3,0,0_okno_n1
1778285,1,0,0_okno_n2
1778333,1,0,0_okno_n1
1778382,3,0,0_okno_n3-4
1778396,2,0,0_okno_n1
1778406,3,0,0_okno_n1
1778529,0,0,0_okno_n1
1778580,2,0,0_okno_n1
1778703,1,0,0_okno_n1
1778715,2,0,0_okno_n2
1778844,2,0,0_okno_n3-4
1778934,3,0,0_okno_n2
1779000,2,0,0_okno_n1
1779221,0,0,0_okno_n1
1779244,2,0,0_okno_n1
1779329,0,0,0_okno_n1
1779346,4,0,0_okno_n5+
1779393,0,0,0_okno_n1
1779521,3,0,0_okno_n3-4
1779551,4,0,0_okno_n1
1779743,1,0,0_okno_n1
1779793,0,0,0_okno_n1
1779834,2,0,0_okno_n1
1779861,1,0,0_okno_n1
1779893,1,0,0_okno_n1
1779898,0,0,0_okno_n2
1779908,4,0,0_okno_n2
1779966,2,0,0_okno_n1
1780057,1,0,0_okno_n2
1780274,2,0,0_okno_n2
1780347,2,0,0_okno_n2
1780464,3,0,0_okno_n1
1780649,2,0,0_okno_n1
1780665,3,0,0_okno_n3-4
1780732,3,0,0_okno_n1
1780762,2,0,0_okno_n1
1780823,2,0,0_okno_n1
1780882,3,0,0_okno_n5+
1780887,1,0,0_okno_n2
1780925,0,0,0_okno_n2
1780983,2,0,0_okno_n1
1780997,4,0,0_okno_n1
1781022,1,0,0_okno_n3-4
1781029,1,0,0_okno_n2
1781064,0,0,0_okno_n5+
1781101,0,0,0_okno_n3-4
1781169,2,0,0_okno_n1
1781230,3,0,0_okno_n1
1781231,1,0,0_okno_n1
1781286,3,0,0_okno_n2
1781393,0,0,0_okno_n1
1781401,0,1,1_pozaokno_n2
1781425,0,0,0_okno_n5+
1781457,0,0,0_okno_n2
1781605,2,1,1_pozaokno_n2
1781695,0,0,0_okno_n1
1781712,0,0,0_okno_n2
1781794,3,1,1_pozaokno_n5+
1781954,1,0,0_okno_n2
1782021,2,0,0_okno_n2
1782057,3,0,0_okno_n1
1782077,0,0,0_okno_n2
1782118,1,0,0_okno_n1
1782150,0,0,0_okno_n2
1782176,2,0,0_okno_n1
1782399,2,0,0_okno_n1
1782457,1,0,0_okno_n1
1782688,1,0,0_okno_n1
1782694,3,0,0_okno_n2
1782707,3,0,0_okno_n1
1782729,0,0,0_okno_n1
1782740,2,0,0_okno_n3-4
1782793,4,0,0_okno_n1
1782937,3,0,0_okno_n1
1783027,2,0,0_okno_n1
1783032,3,0,0_okno_n1
1783045,3,0,0_okno_n2
1783047,0,0,0_okno_n2
1783091,2,0,0_okno_n1
1783158,2,0,0_okno_n1
1783237,2,0,0_okno_n1
1783240,1,0,0_okno_n1
1783292,3,0,0_okno_n1
1783394,4,0,0_okno_n2
1783421,4,0,0_okno_n1
1783466,1,0,0_okno_n1
1783512,0,0,0_okno_n5+
1783519,1,0,0_okno_n2
1783645,1,0,0_okno_n1
1783749,1,0,0_okno_n2
1783860,2,0,0_okno_n1
1783906,4,0,0_okno_n3-4
1783999,2,0,0_okno_n1
1784015,4,0,0_okno_n3-4
1784046,0,0,0_okno_n1
1784213,0,0,0_okno_n2
1784255,0,0,0_okno_n5+
1784331,1,0,0_okno_n1
1784376,4,0,0_okno_n2
1784448,4,1,1_pozaokno_n1
1784535,3,0,0_okno_n5+
1784560,0,0,0_okno_n2
1784563,2,0,0_okno_n5+
1784572,2,0,0_okno_n1
1784593,0,0,0_okno_n1
1784641,1,0,0_okno_n1
1784649,1,0,0_okno_n3-4
1784662,2,0,0_okno_n1
1784732,4,0,0_okno_n1
1784760,0,0,0_okno_n1
1784769,2,0,0_okno_n1
1784824,2,0,0_okno_n2
1784879,3,0,0_okno_n1
1784915,4,0,0_okno_n1
1784937,0,1,1_okno_n2
1785052,3,0,0_okno_n2
1785249,2,0,0_okno_n1
1785274,0,0,0_okno_n5+
1785314,4,0,0_okno_n2
1785315,2,0,0_okno_n1
1785346,2,0,0_okno_n1
1785348,1,0,0_okno_n1
1785424,3,0,0_okno_n2
1785460,0,0,0_okno_n2
1785465,2,0,0_okno_n2
1785489,3,0,0_okno_n1
1785543,1,0,0_okno_n1
1785548,2,0,0_okno_n1
1785561,0,0,0_okno_n2
1785580,3,0,0_okno_n1
1785596,4,0,0_okno_n1
1785630,3,0,0_okno_n1
1785641,1,1,1_pozaokno_n2
1785724,1,1,1_pozaokno_n2
1785752,4,0,0_okno_n2
1785811,1,0,0_okno_n1
1785814,2,0,0_okno_n1
1785856,2,0,0_okno_n1
1786088,3,0,0_okno_n1
1786095,0,0,0_okno_n3-4
1786112,1,0,0_okno_n1
1786172,1,0,0_okno_n3-4
1786215,3,0,0_okno_n3-4
1786297,3,0,0_okno_n5+
1786333,3,0,0_okno_n1
1786388,1,0,0_okno_n1
1786415,1,0,0_okno_n3-4
1786499,1,0,0_okno_n1
1786597,4,0,0_okno_n1
1786609,2,0,0_okno_n1
1786641,0,0,0_okno_n1
1786769,0,0,0_okno_n2
1786861,2,1,1_pozaokno_n1
1787118,4,0,0_okno_n3-4
1787145,1,0,0_okno_n3-4
1787219,1,0,0_okno_n3-4
1787256,2,0,0_okno_n2
1787509,0,0,0_okno_n2
1787580,2,0,0_okno_n3-4
1787644,4,0,0_okno_n3-4
1787682,3,0,0_okno_n1
1787687,0,0,0_okno_n2
1787733,4,0,0_okno_n3-4
1787781,0,0,0_okno_n2
1787798,2,0,0_okno_n1
1787816,1,0,0_okno_n3-4
1787978,2,0,0_okno_n1
1788065,0,0,0_okno_n2
1788115,4,0,0_okno_n1
1788135,4,0,0_okno_n1
1788138,0,0,0_okno_n1
1788228,0,0,0_okno_n2
1788229,3,0,0_okno_n1
1788343,2,0,0_okno_n1
1788386,4,0,0_okno_n1
1788387,2,0,0_okno_n1
1788388,0,0,0_okno_n1
1788438,0,1,1_pozaokno_n3-4
1788654,4,0,0_okno_n1
1788665,1,0,0_okno_n1
1788698,4,0,0_okno_n2
1788943,4,0,0_okno_n1
1789193,2,0,0_okno_n1
1789319,1,0,0_okno_n3-4
1789325,1,0,0_okno_n1
1789399,3,0,0_okno_n2
1789476,1,0,0_okno_n1
1789531,1,0,0_okno_n1
1789582,2,0,0_okno_n1
1789608,4,0,0_okno_n1
1789660,3,0,0_okno_n5+
1789683,2,0,0_okno_n3-4
1789790,1,0,0_okno_n1
1789840,4,0,0_okno_n3-4
1789892,3,0,0_okno_n5+
1790000,4,0,0_okno_n1
1790105,4,0,0_okno_n1
1790129,1,0,0_okno_n2
1790161,1,0,0_okno_n3-4
1790355,4,0,0_okno_n3-4
1790398,2,0,0_okno_n1
1790424,3,1,1_pozaokno_n5+
1790508,3,0,0_okno_n5+
1790558,2,0,0_okno_n1
1790613,1,0,0_okno_n2
1790887,3,0,0_okno_n1
1790946,0,1,1_pozaokno_n2
1790965,2,0,0_okno_n1
1790991,1,0,0_okno_n1
1791019,4,0,0_okno_n1
1791062,0,0,0_okno_n1
1791065,3,0,0_okno_n1
1791138,2,0,0_okno_n1
1791380,2,0,0_okno_n1
1791426,1,0,0_okno_n1
1791494,1,0,0_okno_n1
1791750,2,0,0_okno_n3-4
1791822,3,0,0_okno_n1
1791849,3,0,0_okno_n1
1791908,1,0,0_okno_n1
1792039,0,0,0_okno_n2
1792064,0,0,0_okno_n1
1792127,4,0,0_okno_n1
1792140,0,0,0_okno_n2
1792280,4,0,0_okno_n1
1792345,0,0,0_okno_n1
1792363,1,0,0_okno_n1
1792467,2,0,0_okno_n1
1792509,1,0,0_okno_n1
1792515,2,0,0_okno_n2
1792596,3,0,0_okno_n1
1792601,1,0,0_okno_n2
1792725,3,0,0_okno_n1
1792736,1,0,0_okno_n1
1792979,2,0,0_okno_n2
1792985,2,0,0_okno_n1
1793006,0,0,0_okno_n3-4
1793040,2,0,0_okno_n1
1793111,2,0,0_okno_n1
1793125,3,0,0_okno_n1
1793128,2,0,0_okno_n1
1793146,3,0,0_okno_n1
1793196,4,0,0_okno_n5+
1793328,1,0,0_okno_n2
1793361,1,0,0_okno_n2
1793371,1,0,0_okno_n3-4
1793380,4,0,0_okno_n1
1793396,2,0,0_okno_n3-4
1793427,0,0,0_okno_n1
1793428,0,0,0_okno_n1
1793430,4,0,0_okno_n1
1793483,3,0,0_okno_n1
1793504,1,0,0_okno_n1
1793533,2,0,0_okno_n1
1793538,0,0,0_okno_n1
1793615,4,0,0_okno_n3-4
1793633,4,0,0_okno_n1
1793685,2,0,0_okno_n1
1793753,0,0,0_okno_n3-4
1793835,2,0,0_okno_n5+
1793860,2,0,0_okno_n1
1793910,0,0,0_okno_n2
1794040,3,0,0_okno_n1
1794047,1,0,0_okno_n3-4
1794081,2,0,0_okno_n1
1794086,3,0,0_okno_n1
1794097,3,0,0_okno_n1
1794228,2,0,0_okno_n2
1794323,4,0,0_okno_n1
1794342,2,0,0_okno_n1
1794360,4,0,0_okno_n2
1794399,0,0,0_okno_n1
1794416,1,1,1_pozaokno_n1
1794424,2,0,0_okno_n2
1794535,1,0,0_okno_n1
1794642,4,0,0_okno_n1
1794668,3,0,0_okno_n1
1794767,2,0,0_okno_n3-4
1794769,4,0,0_okno_n5+
1794779,4,0,0_okno_n3-4
1794924,2,0,0_okno_n1
1795082,0,0,0_okno_n3-4
1795112,2,0,0_okno_n1
1795194,1,0,0_okno_n5+
1795306,3,0,0_okno_n2
1795336,1,0,0_okno_n5+
1795340,0,0,0_okno_n1
1795368,2,1,1_pozaokno_n5+
1795389,3,0,0_okno_n3-4
1795419,0,0,0_okno_n2
1795526,2,0,0_okno_n3-4
1795531,4,0,0_okno_n1
1795666,4,0,0_okno_n2
1795693,3,1,1_pozaokno_n3-4
1795698,0,0,0_okno_n2
1795712,1,0,0_okno_n1
1795714,4,0,0_okno_n1
1795850,2,0,0_okno_n1
1795851,3,0,0_okno_n1
1795871,0,0,0_okno_n1
1795879,2,0,0_okno_n1
1795885,4,0,0_okno_n1
1795913,0,0,0_okno_n1
1795915,1,0,0_okno_n1
1795967,0,0,0_okno_n1
1796013,0,0,0_okno_n5+
1796053,4,0,0_okno_n1
1796064,2,0,0_okno_n5+
1796242,0,0,0_okno_n5+
1796330,3,0,0_okno_n1
1796339,2,0,0_okno_n1
1796684,0,0,0_okno_n1
1796690,2,0,0_okno_n3-4
1796734,3,0,0_okno_n1
1796762,1,0,0_okno_n2
1796790,2,0,0_okno_n2
1796821,0,0,0_okno_n3-4
1796906,0,0,0_okno_n1
1797230,1,0,0_okno_n3-4
1797385,0,0,0_okno_n1
1797419,0,0,0_okno_n1
1797474,2,0,0_okno_n3-4
1797479,4,0,0_okno_n1
1797494,1,0,0_okno_n1
1797525,0,0,0_okno_n2
1797528,3,0,0_okno_n2
1797555,3,0,0_okno_n1
1797598,1,0,0_okno_n1
1797601,4,0,0_okno_n2
1797656,0,0,0_okno_n3-4
1797657,4,0,0_okno_n3-4
1797830,0,1,1_pozaokno_n2
1798081,1,0,0_okno_n1
1798147,1,0,0_okno_n1
1798207,1,0,0_okno_n1
1798215,3,0,0_okno_n1
1798216,2,1,1_pozaokno_n2
1798297,1,0,0_okno_n2
1798368,2,0,0_okno_n2
1798413,1,0,0_okno_n1
1798432,2,0,0_okno_n3-4
1798443,0,0,0_okno_n1
1798659,2,0,0_okno_n3-4
1798661,2,0,0_okno_n1
1798662,4,0,0_okno_n1
1798688,4,0,0_okno_n1
1798736,2,0,0_okno_n1
1798743,0,0,0_okno_n1
1798831,2,0,0_okno_n5+
1798891,2,0,0_okno_n5+
1798908,1,0,0_okno_n1
1798979,2,0,0_okno_n1
1798983,1,0,0_okno_n2
1799024,0,0,0_okno_n1
1799125,1,0,0_okno_n1
1799145,4,0,0_okno_n2
1799221,1,0,0_okno_n1
1799301,0,0,0_okno_n2
1799387,4,0,0_okno_n1
1799420,4,0,0_okno_n1
1799442,4,0,0_okno_n1
1799575,0,1,1_pozaokno_n2
1799576,0,0,0_okno_n1
1799669,4,0,0_okno_n3-4
1799703,4,0,0_okno_n3-4
1799716,4,0,0_okno_n5+
1799750,2,0,0_okno_n2
1799811,4,0,0_okno_n3-4
1799892,2,0,0_okno_n2
1799926,2,0,0_okno_n1
1800026,4,1,1_pozaokno_n3-4
1800195,1,0,0_okno_n1
1800283,4,0,0_okno_n2
1800314,3,0,0_okno_n1
1800317,0,0,0_okno_n2
1800451,4,0,0_okno_n1
1800526,0,0,0_okno_n2
1800555,0,0,0_okno_n1
1800626,4,0,0_okno_n1
1800638,0,0,0_okno_n1
1800710,1,0,0_okno_n1
1800734,0,0,0_okno_n2
1800795,2,0,0_okno_n2
1800816,0,0,0_okno_n3-4
1800899,3,0,0_okno_n2
1800907,2,0,0_okno_n1
1801205,0,0,0_okno_n1
1801265,1,0,0_okno_n3-4
1801289,0,0,0_okno_n2
1801450,0,1,1_pozaokno_n1
1801487,3,0,0_okno_n1
1801620,0,0,0_okno_n2
1801808,4,0,0_okno_n1
1801841,2,0,0_okno_n2
1801912,0,0,0_okno_n1
1801916,2,0,0_okno_n2
1801991,2,0,0_okno_n3-4
1802149,3,0,0_okno_n3-4
1802162,4,0,0_okno_n1
1802201,0,0,0_okno_n1
1802235,1,0,0_okno_n1
1802294,4,0,0_okno_n1
1802315,2,0,0_okno_n1
1802333,1,0,0_okno_n2
1802363,0,0,0_okno_n2
1802383,1,0,0_okno_n1
1802429,3,0,0_okno_n1
1802761,1,0,0_okno_n3-4
1802794,1,0,0_okno_n5+
1802924,1,0,0_okno_n2
1803059,4,0,0_okno_n1
1803062,2,0,0_okno_n1
1803198,3,0,0_okno_n3-4
1803402,1,0,0_okno_n1
1803509,0,0,0_okno_n5+
1803534,4,0,0_okno_n2
1803548,3,0,0_okno_n1
1803586,4,0,0_okno_n2
1803638,2,0,0_okno_n2
1803659,4,1,1_pozaokno_n5+
1803723,3,0,0_okno_n1
1803757,1,0,0_okno_n3-4
1803810,2,0,0_okno_n1
1803817,4,0,0_okno_n1
1803875,1,0,0_okno_n2
1803915,1,0,0_okno_n2
1803968,0,1,1_pozaokno_n5+
1804048,4,0,0_okno_n1
1804229,2,0,0_okno_n1
1804233,2,0,0_okno_n1
1804256,0,0,0_okno_n1
1804261,3,0,0_okno_n3-4
1804337,4,0,0_okno_n3-4
1804367,2,0,0_okno_n1
1804450,3,0,0_okno_n2
1804493,2,0,0_okno_n2
1804502,4,0,0_okno_n1
1804551,1,0,0_okno_n5+
1804558,1,0,0_okno_n2
1804634,1,0,0_okno_n3-4
1804649,4,0,0_okno_n3-4
1804769,0,0,0_okno_n1
1804842,3,0,0_okno_n5+
1804852,4,0,0_okno_n1
1804931,1,0,0_okno_n2
1804972,0,1,1_pozaokno_n3-4
1804984,2,0,0_okno_n2
1805015,0,0,0_okno_n3-4
1805133,4,0,0_okno_n1
1805142,2,0,0_okno_n1
1805202,2,0,0_okno_n1
1805210,1,0,0_okno_n1
1805358,1,0,0_okno_n5+
1805464,3,0,0_okno_n1
1805573,2,0,0_okno_n2
1805642,3,0,0_okno_n1
1805682,3,0,0_okno_n1
1805699,2,0,0_okno_n1
1805715,1,0,0_okno_n3-4
1805721,2,0,0_okno_n1
1805853,1,0,0_okno_n1
1806056,2,0,0_okno_n1
1806094,1,0,0_okno_n2
1806099,0,0,0_okno_n2
1806170,0,0,0_okno_n1
1806259,0,0,0_okno_n2
1806272,0,0,0_okno_n3-4
1806317,4,0,0_okno_n1
1806324,1,0,0_okno_n1
1806339,0,0,0_okno_n3-4
1806569,0,0,0_okno_n2
1806783,1,0,0_okno_n2
1806889,2,0,0_okno_n1
1806957,0,0,0_okno_n1
1806998,3,0,0_okno_n5+
1807020,1,0,0_okno_n2
1807106,4,0,0_okno_n1
1807158,4,0,0_okno_n1
1807223,1,0,0_okno_n3-4
1807296,3,0,0_okno_n1
1807317,4,0,0_okno_n2
1807363,2,1,1_pozaokno_n2
1807504,2,0,0_okno_n1
1807547,2,0,0_okno_n5+
1807554,3,0,0_okno_n1
1807599,1,0,0_okno_n1
1807617,0,0,0_okno_n3-4
1807669,3,0,0_okno_n1
1807727,0,0,0_okno_n1
1807832,4,0,0_okno_n1
1807835,4,0,0_okno_n1
1807877,4,0,0_okno_n1
1807932,4,0,0_okno_n1
1807972,0,0,0_okno_n1
1808014,0,0,0_okno_n1
1808046,4,0,0_okno_n2
1808057,1,0,0_okno_n1
1808095,2,0,0_okno_n5+
1808110,0,0,0_okno_n2
1808145,0,0,0_okno_n1
1808243,4,0,0_okno_n1
1808306,0,0,0_okno_n1
1808321,1,0,0_okno_n1
1808420,3,1,1_pozaokno_n1
1808623,1,0,0_okno_n2
1808649,3,0,0_okno_n1
1808703,0,0,0_okno_n1
1808704,0,0,0_okno_n3-4
1808753,3,0,0_okno_n1
1808764,0,1,1_pozaokno_n5+
1808800,0,0,0_okno_n5+
1808814,4,0,0_okno_n1
1808819,2,0,0_okno_n1
1808822,3,0,0_okno_n1
1808827,1,0,0_okno_n1
1808833,2,0,0_okno_n3-4
1808851,2,0,0_okno_n2
1808889,1,0,0_okno_n2
1808897,1,0,0_okno_n1
1808934,1,0,0_okno_n1
1808955,0,0,0_okno_n1
1808957,3,0,0_okno_n1
1809029,4,0,0_okno_n1
1809062,1,0,0_okno_n2
1809090,4,0,0_okno_n2
1809321,1,0,0_okno_n1
1809329,1,0,0_okno_n1
1809466,0,0,0_okno_n1
1809479,4,0,0_okno_n1
1809503,3,0,0_okno_n2
1809522,4,0,0_okno_n2
1809537,0,0,0_okno_n1
1809597,2,1,1_pozaokno_n2
1809615,2,0,0_okno_n1
1809620,2,0,0_okno_n2
1809626,4,0,0_okno_n3-4
1809639,0,0,0_okno_n2
1809748,1,0,0_okno_n1
1809751,1,0,0_okno_n1
1809842,0,0,0_okno_n1
1810027,2,0,0_okno_n2
1810054,2,0,0_okno_n3-4
1810090,2,0,0_okno_n1
1810125,2,0,0_okno_n2
1810127,1,0,0_okno_n1
1810268,0,0,0_okno_n2
1810272,1,0,0_okno_n1
1810287,2,0,0_okno_n5+
1810303,2,0,0_okno_n1
1810313,0,0,0_okno_n5+
1810362,4,0,0_okno_n2
1810453,2,0,0_okno_n2
1810462,2,0,0_okno_n1
1810464,2,0,0_okno_n5+
1810641,4,0,0_okno_n1
1810696,1,0,0_okno_n2
1810774,2,0,0_okno_n1
1810812,3,0,0_okno_n1
1810909,1,0,0_okno_n1
1810978,3,0,0_okno_n3-4
1811022,2,0,0_okno_n2
1811050,1,0,0_okno_n1
1811114,3,0,0_okno_n1
1811132,2,0,0_okno_n3-4
1811187,0,0,0_okno_n1
1811233,2,0,0_okno_n2
1811285,1,0,0_okno_n1
1811306,2,0,0_okno_n3-4
1811431,2,0,0_okno_n3-4
1811532,1,0,0_okno_n1
1811562,2,0,0_okno_n2
1811573,1,0,0_okno_n2
1811597,0,0,0_okno_n1
1811603,0,0,0_okno_n1
1811762,4,0,0_okno_n1
1811822,0,0,0_okno_n2
1811909,0,0,0_okno_n5+
1811953,0,0,0_okno_n1
1811961,3,0,0_okno_n1
1811989,1,0,0_okno_n2
1812016,3,0,0_okno_n2
1812129,4,0,0_okno_n1
1812363,2,0,0_okno_n1
1812369,4,0,0_okno_n1
1812526,2,0,0_okno_n2
1812615,3,0,0_okno_n3-4
1812677,2,0,0_okno_n1
1812739,0,0,0_okno_n2
1812770,0,0,0_okno_n1
1812795,1,0,0_okno_n1
1812806,3,0,0_okno_n2
1812834,2,0,0_okno_n1
1813139,4,0,0_okno_n2
1813176,3,0,0_okno_n1
1813291,2,0,0_okno_n2
1813317,3,0,0_okno_n1
1813420,3,0,0_okno_n3-4
1813421,3,0,0_okno_n2
1813434,4,0,0_okno_n2
1813497,0,0,0_okno_n1
1813594,2,0,0_okno_n3-4
1813607,0,0,0_okno_n1
1813613,3,0,0_okno_n1
1813628,2,0,0_okno_n1
1813763,3,0,0_okno_n2
1813915,1,0,0_okno_n3-4
1813919,2,0,0_okno_n2
1813922,2,0,0_okno_n2
1813954,0,0,0_okno_n1
1814037,4,0,0_okno_n5+
1814047,0,0,0_okno_n1
1814063,2,0,0_okno_n5+
1814074,0,0,0_okno_n2
1814131,2,0,0_okno_n1
1814328,1,0,0_okno_n5+
1814330,2,0,0_okno_n5+
1814386,0,0,0_okno_n1
1814423,0,0,0_okno_n3-4
1814449,1,0,0_okno_n5+
1814473,0,1,1_pozaokno_n2
1814480,3,0,0_okno_n3-4
1814516,2,0,0_okno_n2
1814526,2,0,0_okno_n2
1814561,2,0,0_okno_n1
1814696,0,0,0_okno_n2
1814741,2,0,0_okno_n1
1814752,0,0,0_okno_n5+
1814775,1,0,0_okno_n1
1814805,2,0,0_okno_n3-4
1814819,0,0,0_okno_n2
1814925,0,0,0_okno_n1
1815073,4,0,0_okno_n2
1815091,0,0,0_okno_n1
1815168,3,0,0_okno_n1
1815223,1,0,0_okno_n2
1815263,2,0,0_okno_n2
1815318,2,0,0_okno_n1
1815346,4,0,0_okno_n3-4
1815354,3,0,0_okno_n1
1815414,0,0,0_okno_n2
1815537,1,0,0_okno_n1
1815609,3,0,0_okno_n1
1815616,1,0,0_okno_n2
1815667,0,0,0_okno_n3-4
1815760,2,0,0_okno_n5+
1815819,4,0,0_okno_n1
1815839,1,0,0_okno_n1
1815906,4,0,0_okno_n1
1815980,4,0,0_okno_n3-4
1816089,1,1,1_pozaokno_n1
1816143,2,0,0_okno_n2
1816168,0,0,0_okno_n1
1816209,3,0,0_okno_n1
1816228,0,0,0_okno_n1
1816247,4,0,0_okno_n2
1816253,2,1,1_pozaokno_n1
1816266,1,0,0_okno_n1
1816274,4,0,0_okno_n1
1816276,1,0,0_okno_n1
1816382,4,0,0_okno_n1
1816390,2,0,0_okno_n1
1816551,1,0,0_okno_n1
1816607,0,0,0_okno_n2
1816616,1,0,0_okno_n1
1816645,1,0,0_okno_n1
1816654,4,1,1_pozaokno_n1
1816715,0,0,0_okno_n1
1816921,1,1,1_pozaokno_n5+
1816937,2,0,0_okno_n2
1816969,2,0,0_okno_n5+
1817020,1,0,0_okno_n1
1817072,2,0,0_okno_n1
1817227,4,0,0_okno_n2
1817232,3,0,0_okno_n2
1817250,4,0,0_okno_n1
1817264,4,0,0_okno_n1
1817293,0,1,1_pozaokno_n1
1817363,1,0,0_okno_n3-4
1817465,1,0,0_okno_n1
1817478,2,0,0_okno_n3-4
1817490,1,0,0_okno_n5+
1817495,2,0,0_okno_n1
1817508,1,0,0_okno_n1
1817600,4,0,0_okno_n5+
1817827,0,0,0_okno_n1
1817862,3,0,0_okno_n1
1817928,1,0,0_okno_n5+
1817938,1,0,0_okno_n1
1817967,4,0,0_okno_n2
1817980,1,0,0_okno_n5+
1818148,0,0,0_okno_n2
1818443,4,1,1_pozaokno_n3-4
1818471,4,0,0_okno_n1
1818534,0,0,0_okno_n1
1818663,2,0,0_okno_n2
1818727,1,0,0_okno_n3-4
1818816,3,1,1_pozaokno_n5+
1818827,3,0,0_okno_n2
1818907,4,0,0_okno_n1
1818914,3,0,0_okno_n5+
1819004,2,0,0_okno_n1
1819027,0,1,1_pozaokno_n2
1819131,0,0,0_okno_n1
1819149,0,0,0_okno_n1
1819163,1,0,0_okno_n1
1819194,3,0,0_okno_n2
1819196,0,0,0_okno_n1
1819236,0,1,1_pozaokno_n2
1819286,0,1,1_pozaokno_n3-4
1819307,1,0,0_okno_n1
1819335,1,0,0_okno_n1
1819567,3,0,0_okno_n2
1819623,4,0,0_okno_n1
1819634,4,0,0_okno_n1
1819656,2,0,0_okno_n1
1819684,2,0,0_okno_n1
1819699,3,0,0_okno_n1
1819759,1,0,0_okno_n2
1819800,2,0,0_okno_n2
1819860,3,0,0_okno_n1
1819882,1,0,0_okno_n1
1819896,1,0,0_okno_n3-4
1819951,4,0,0_okno_n1
1819957,0,0,0_okno_n1
1819987,4,0,0_okno_n1
1820062,4,0,0_okno_n1
1820258,0,0,0_okno_n1
1820389,0,0,0_okno_n2
1820430,1,0,0_okno_n1
1820447,4,0,0_okno_n1
1820449,1,0,0_okno_n2
1820568,3,0,0_okno_n1
1820570,4,0,0_okno_n1
1820571,3,0,0_okno_n1
1820587,2,1,1_pozaokno_n2
1820645,0,0,0_okno_n1
1820697,3,0,0_okno_n1
1820723,1,0,0_okno_n2
1820803,2,0,0_okno_n1
1820814,3,0,0_okno_n1
1820847,3,0,0_okno_n1
1820858,2,0,0_okno_n2
1820901,4,0,0_okno_n1
1821100,2,0,0_okno_n1
1821173,0,0,0_okno_n2
1821185,2,0,0_okno_n1
1821211,1,0,0_okno_n1
1821230,0,0,0_okno_n1
1821236,2,1,1_pozaokno_n1
1821250,2,0,0_okno_n1
1821259,2,0,0_okno_n1
1821294,2,0,0_okno_n1
1821304,1,0,0_okno_n2
1821416,3,0,0_okno_n2
1821435,0,0,0_okno_n3-4
1821584,4,0,0_okno_n1
1821626,0,0,0_okno_n1
1821670,0,0,0_okno_n1
1821721,4,0,0_okno_n1
1821794,3,0,0_okno_n2
1821809,4,0,0_okno_n1
1821924,2,0,0_okno_n1
1821972,0,0,0_okno_n1
1822006,4,0,0_okno_n2
1822163,3,0,0_okno_n2
1822177,3,0,0_okno_n3-4
1822222,3,1,1_pozaokno_n1
1822226,1,0,0_okno_n1
1822236,0,0,0_okno_n1
1822313,2,0,0_okno_n3-4
1822325,4,0,0_okno_n1
1822367,0,0,0_okno_n1
1822384,0,0,0_okno_n3-4
1822458,4,0,0_okno_n1
1822539,1,0,0_okno_n2
1822548,3,0,0_okno_n3-4
1822616,3,0,0_okno_n2
1822618,2,0,0_okno_n2
1822643,2,0,0_okno_n1
1822653,2,0,0_okno_n1
1822658,0,0,0_okno_n1
1822660,4,0,0_okno_n3-4
1822665,3,0,0_okno_n1
1822821,4,1,1_pozaokno_n1
1822904,0,0,0_okno_n2
1822916,1,0,0_okno_n2
1823062,1,0,0_okno_n1
1823248,2,0,0_okno_n2
1823279,0,0,0_okno_n1
1823358,1,0,0_okno_n1
1823482,3,0,0_okno_n1
1823506,1,0,0_okno_n1
1823514,3,0,0_okno_n1
1823530,1,0,0_okno_n2
1823574,4,0,0_okno_n1
1823600,3,0,0_okno_n3-4
1823611,4,0,0_okno_n1
1823633,2,0,0_okno_n2
1823645,1,0,0_okno_n1
1823786,1,0,0_okno_n2
1823846,3,0,0_okno_n3-4
1823877,3,0,0_okno_n1
1823949,0,0,0_okno_n3-4
1824019,3,0,0_okno_n3-4
1824023,1,0,0_okno_n1
1824027,0,0,0_okno_n2
1824046,4,0,0_okno_n2
1824107,4,0,0_okno_n1
1824111,2,0,0_okno_n2
1824128,1,0,0_okno_n1
1824187,3,0,0_okno_n1
1824265,3,0,0_okno_n1
1824302,1,0,0_okno_n1
1824306,0,0,0_okno_n2
1824358,3,0,0_okno_n1
1824403,1,0,0_okno_n2
1824431,4,0,0_okno_n2
1824539,1,0,0_okno_n1
1824549,2,0,0_okno_n1
1824693,1,0,0_okno_n2
1824708,3,0,0_okno_n1
1824742,2,0,0_okno_n3-4
1824855,2,0,0_okno_n3-4
1824866,4,0,0_okno_n1
1825132,0,0,0_okno_n1
1825159,2,0,0_okno_n1
1825194,0,0,0_okno_n1
1825259,1,0,0_okno_n1
1825270,0,0,0_okno_n1
1825276,1,0,0_okno_n5+
1825284,1,0,0_okno_n1
1825339,1,0,0_okno_n5+
1825508,2,0,0_okno_n1
1825533,0,0,0_okno_n1
1825592,3,0,0_okno_n1
1825608,1,0,0_okno_n1
1825644,1,0,0_okno_n1
1825742,3,0,0_okno_n1
1825745,1,0,0_okno_n3-4
1825751,4,0,0_okno_n1
1825797,2,0,0_okno_n1
1825810,4,0,0_okno_n2
1825831,4,1,1_pozaokno_n1
1825994,4,0,0_okno_n1
1826193,0,0,0_okno_n1
1826256,1,0,0_okno_n3-4
1826378,2,0,0_okno_n1
1826458,3,0,0_okno_n1
1826466,3,0,0_okno_n1
1826474,1,0,0_okno_n2
1826511,1,0,0_okno_n1
1826530,2,0,0_okno_n1
1826543,4,0,0_okno_n2
1826811,3,0,0_okno_n1
1826898,0,0,0_okno_n2
1826900,4,0,0_okno_n1
1826905,1,0,0_okno_n1
1826929,0,0,0_okno_n2
1826941,2,0,0_okno_n1
1826990,2,0,0_okno_n2
1826996,0,0,0_okno_n3-4
1827027,4,0,0_okno_n1
1827068,4,0,0_okno_n1
1827159,2,0,0_okno_n1
1827267,4,0,0_okno_n1
1827286,0,0,0_okno_n1
1827367,3,0,0_okno_n1
1827392,1,0,0_okno_n2
1827495,1,0,0_okno_n1
1827532,4,0,0_okno_n1
1827575,2,0,0_okno_n1
1827658,3,0,0_okno_n3-4
1827791,3,0,0_okno_n2
1827802,4,0,0_okno_n3-4
1827829,3,0,0_okno_n2
1827840,1,0,0_okno_n1
1828108,2,0,0_okno_n1
1828141,4,0,0_okno_n2
1828259,4,0,0_okno_n2
1828314,1,1,1_pozaokno_n1
1828318,1,1,1_pozaokno_n1
1828360,1,0,0_okno_n3-4
1828366,2,0,0_okno_n3-4
1828460,3,0,0_okno_n1
1828464,0,0,0_okno_n1
1828542,1,0,0_okno_n3-4
1828590,2,0,0_okno_n1
1828611,0,0,0_okno_n1
1828759,3,0,0_okno_n2
1828766,0,0,0_okno_n1
1828780,4,1,1_pozaokno_n2
1828838,0,0,0_okno_n3-4
1828891,0,0,0_okno_n3-4
1828903,4,0,0_okno_n1
1829076,4,0,0_okno_n2
1829100,0,0,0_okno_n2
1829204,2,0,0_okno_n1
1829300,1,0,0_okno_n2
1829306,4,0,0_okno_n2
1829357,0,0,0_okno_n2
1829496,0,0,0_okno_n1
1829544,3,0,0_okno_n2
1829598,4,0,0_okno_n2
1829643,2,0,0_okno_n2
1829783,2,0,0_okno_n1
1829840,0,0,0_okno_n1
1829869,3,0,0_okno_n2
1829899,3,0,0_okno_n3-4
1829946,3,0,0_okno_n3-4
1830169,0,0,0_okno_n1
1830183,3,0,0_okno_n1
1830188,1,0,0_okno_n1
1830232,4,0,0_okno_n3-4
1830241,2,0,0_okno_n1
1830296,1,0,0_okno_n2
1830316,0,0,0_okno_n2
1830354,3,0,0_okno_n1
1830383,1,0,0_okno_n1
1830472,4,0,0_okno_n1
1830473,1,0,0_okno_n2
1830648,1,0,0_okno_n1
1830672,1,0,0_okno_n1
1830684,4,0,0_okno_n1
1830853,2,0,0_okno_n1
1830943,1,0,0_okno_n2
1830944,2,0,0_okno_n1
1830959,2,0,0_okno_n1
1831016,1,0,0_okno_n3-4
1831150,2,0,0_okno_n1
1831226,4,0,0_okno_n5+
1831233,3,0,0_okno_n5+
1831258,3,1,1_pozaokno_n3-4
1831283,2,0,0_okno_n1
1831298,1,0,0_okno_n1
1831299,4,0,0_okno_n1
1831355,0,0,0_okno_n1
1831358,4,0,0_okno_n1
1831363,1,0,0_okno_n1
1831505,2,0,0_okno_n1
1831516,2,0,0_okno_n3-4
1831616,0,0,0_okno_n5+
1831679,2,0,0_okno_n1
1831979,4,0,0_okno_n1
1832205,1,0,0_okno_n2
1832207,0,0,0_okno_n1
1832219,4,0,0_okno_n3-4
1832249,1,0,0_okno_n1
1832257,1,0,0_okno_n1
1832305,1,0,0_okno_n1
1832334,1,0,0_okno_n1
1832342,2,0,0_okno_n1
1832349,3,0,0_okno_n1
1832471,1,0,0_okno_n1
1832478,2,0,0_okno_n1
1832508,3,0,0_okno_n1
1832577,3,0,0_okno_n2
1832692,3,0,0_okno_n1
1832714,0,1,1_pozaokno_n2
1832793,1,0,0_okno_n3-4
1832829,3,0,0_okno_n1
1832870,0,0,0_okno_n2
1832879,1,0,0_okno_n1
1832884,3,0,0_okno_n1
1832902,1,0,0_okno_n2
1832917,3,0,0_okno_n1
1833093,3,0,0_okno_n2
1833171,1,0,0_okno_n2
1833274,3,0,0_okno_n1
1833276,0,0,0_okno_n1
1833335,1,0,0_okno_n1
1833346,3,0,0_okno_n1
1833362,1,0,0_okno_n3-4
1833606,1,0,0_okno_n1
1833838,3,0,0_okno_n1
1833873,1,0,0_okno_n1
1833911,3,0,0_okno_n2
1833941,2,0,0_okno_n3-4
1833979,1,0,0_okno_n5+
1834088,2,0,0_okno_n3-4
1834128,3,0,0_okno_n1
1834168,3,0,0_okno_n5+
1834229,3,0,0_okno_n1
1834508,2,0,0_okno_n3-4
1834744,1,0,0_okno_n1
1834752,3,0,0_okno_n1
1834837,1,0,0_okno_n1
1834859,1,0,0_okno_n2
1834864,0,0,0_okno_n1
1834895,3,0,0_okno_n3-4
1834947,3,0,0_okno_n1
1834966,1,0,0_okno_n1
1835019,1,0,0_okno_n3-4
1835104,3,0,0_okno_n2
1835133,3,0,0_okno_n1
1835238,4,1,1_pozaokno_n2
1835277,2,0,0_okno_n1
1835278,3,1,1_pozaokno_n5+
1835486,1,0,0_okno_n3-4
1835488,4,0,0_okno_n2
1835528,1,0,0_okno_n1
1835542,1,0,0_okno_n1
1835549,1,0,0_okno_n3-4
1835640,1,0,0_okno_n3-4
1835726,4,0,0_okno_n1
1835739,4,0,0_okno_n1
1835832,2,0,0_okno_n2
1835858,1,0,0_okno_n1
1835884,0,0,0_okno_n1
1835912,1,0,0_okno_n1
1835924,1,0,0_okno_n1
1835940,3,0,0_okno_n1
1835992,3,0,0_okno_n1
1836075,2,0,0_okno_n1
1836106,0,0,0_okno_n1
1836216,1,0,0_okno_n2
1836282,0,1,1_pozaokno_n2
1836316,3,0,0_okno_n1
1836330,0,0,0_okno_n1
1836375,3,0,0_okno_n1
1836378,3,1,1_pozaokno_n2
1836454,0,0,0_okno_n3-4
1836552,0,0,0_okno_n2
1836601,4,0,0_okno_n1
1836608,0,0,0_okno_n1
1836617,1,0,0_okno_n2
1836628,3,1,1_pozaokno_n5+
1836798,3,0,0_okno_n1
1836890,4,0,0_okno_n2
1836916,1,0,0_okno_n1
1836929,0,0,0_okno_n1
1836977,3,0,0_okno_n1
1837033,4,0,0_okno_n5+
1837059,2,0,0_okno_n2
1837076,0,0,0_okno_n2
1837104,2,0,0_okno_n2
1837188,3,0,0_okno_n3-4
1837225,0,0,0_okno_n1
1837236,0,0,0_okno_n1
1837272,0,1,1_pozaokno_n1
1837276,1,0,0_okno_n1
1837477,3,0,0_okno_n1
1837558,2,0,0_okno_n1
1837562,2,0,0_okno_n1
1837581,1,0,0_okno_n3-4
1837675,1,0,0_okno_n1
1837691,3,0,0_okno_n1
1837698,1,0,0_okno_n2
1837732,4,0,0_okno_n2
1837752,3,0,0_okno_n2
1837773,3,0,0_okno_n1
1837886,0,0,0_okno_n1
1837940,2,0,0_okno_n3-4
1837953,3,0,0_okno_n1
1838000,2,0,0_okno_n1
1838093,0,0,0_okno_n1
1838165,1,0,0_okno_n3-4
1838205,2,0,0_okno_n2
1838250,0,0,0_okno_n1
1838251,0,0,0_okno_n1
1838256,3,0,0_okno_n1
1838353,0,0,0_okno_n2
1838396,3,0,0_okno_n3-4
1838403,4,0,0_okno_n1
1838471,0,0,0_okno_n1
1838477,1,0,0_okno_n5+
1838516,0,0,0_okno_n1
1838518,3,0,0_okno_n1
1838559,1,0,0_okno_n5+
1838580,0,0,0_okno_n1
1838647,2,0,0_okno_n1
1838677,3,0,0_okno_n1
1838703,0,0,0_okno_n1
1838724,1,0,0_okno_n2
1838744,4,0,0_okno_n2
1838845,1,1,1_pozaokno_n2
1838907,3,0,0_okno_n1
1838909,0,0,0_okno_n5+
1838963,3,0,0_okno_n2
1838970,1,0,0_okno_n2
1839013,0,0,0_okno_n5+
1839069,2,0,0_okno_n1
1839085,2,0,0_okno_n3-4
1839095,4,0,0_okno_n1
1839123,1,0,0_okno_n2
1839248,1,0,0_okno_n1
1839362,0,0,0_okno_n1
1839412,1,0,0_okno_n1
1839552,3,0,0_okno_n2
1839567,1,0,0_okno_n3-4
1839697,2,0,0_okno_n3-4
1839895,2,0,0_okno_n1
1839916,0,0,0_okno_n3-4
1839922,4,0,0_okno_n2
1839951,2,0,0_okno_n5+
1840070,2,0,0_okno_n1
1840120,2,0,0_okno_n1
1840121,4,0,0_okno_n1
1840193,2,0,0_okno_n1
1840287,0,0,0_okno_n1
1840378,1,0,0_okno_n2
1840380,1,0,0_okno_n2
1840383,2,0,0_okno_n1
1840449,3,0,0_okno_n1
1840528,4,0,0_okno_n1
1840540,2,0,0_okno_n1
1840677,3,0,0_okno_n1
1840740,2,1,1_pozaokno_n1
1840746,3,0,0_okno_n2
1840950,2,0,0_okno_n1
1841052,2,0,0_okno_n1
1841074,3,0,0_okno_n1
1841078,2,0,0_okno_n1
1841128,3,0,0_okno_n1
1841182,4,0,0_okno_n1
1841262,2,0,0_okno_n1
1841279,0,0,0_okno_n1
1841350,1,0,0_okno_n5+
1841357,2,0,0_okno_n5+
1841393,4,0,0_okno_n3-4
1841508,4,0,0_okno_n3-4
1841559,3,0,0_okno_n1
1841630,3,0,0_okno_n1
1841709,3,0,0_okno_n1
1841730,1,1,1_pozaokno_n2
1841734,4,0,0_okno_n2
1841814,2,0,0_okno_n1
1841863,4,0,0_okno_n1
1841913,3,0,0_okno_n1
1841965,2,0,0_okno_n1
1842001,1,0,0_okno_n1
1842017,2,0,0_okno_n3-4
1842109,3,0,0_okno_n1
1842114,0,0,0_okno_n3-4
1842209,3,0,0_okno_n1
1842225,2,0,0_okno_n1
1842251,0,0,0_okno_n1
1842275,2,0,0_okno_n1
1842347,0,0,0_okno_n1
1842401,1,0,0_okno_n1
1842416,4,0,0_okno_n1
1842425,3,0,0_okno_n1
1842503,4,0,0_okno_n1
1842519,0,0,0_okno_n2
1842567,4,0,0_okno_n5+
1842576,1,0,0_okno_n3-4
1842607,2,0,0_okno_n5+
1842760,4,0,0_okno_n1
1842815,1,1,1_pozaokno_n3-4
1842976,3,0,0_okno_n3-4
1842983,1,0,0_okno_n5+
1843170,0,0,0_okno_n2
1843351,2,1,1_pozaokno_n2
1843436,1,0,0_okno_n1
1843463,2,0,0_okno_n1
1843522,0,0,0_okno_n1
1843528,4,0,0_okno_n1
1843540,4,0,0_okno_n1
1843609,4,0,0_okno_n1
1843617,1,0,0_okno_n1
1843652,4,0,0_okno_n1
1843695,3,0,0_okno_n1
1843712,2,0,0_okno_n2
1843791,0,0,0_okno_n5+
1843802,4,0,0_okno_n2
1843869,2,0,0_okno_n1
1843895,4,0,0_okno_n2
1843979,4,0,0_okno_n1
1844000,2,0,0_okno_n1
1844036,4,0,0_okno_n5+
1844052,4,0,0_okno_n3-4
1844063,1,0,0_okno_n2
1844092,2,0,0_okno_n2
1844177,1,0,0_okno_n1
1844181,2,0,0_okno_n1
1844349,2,0,0_okno_n2
1844372,1,0,0_okno_n1
1844672,4,0,0_okno_n2
1844697,0,0,0_okno_n5+
1844727,0,0,0_okno_n1
1844936,2,0,0_okno_n5+
1844944,2,0,0_okno_n1
1844954,4,0,0_okno_n1
1844995,2,0,0_okno_n1
1845027,4,0,0_okno_n2
1845041,2,0,0_okno_n3-4
1845110,2,0,0_okno_n2
1845179,3,1,1_pozaokno_n2
1845284,4,0,0_okno_n1
1845424,0,0,0_okno_n1
1845507,1,0,0_okno_n2
1845655,1,0,0_okno_n5+
1845772,3,0,0_okno_n1
1845843,3,0,0_okno_n2
1845879,4,0,0_okno_n1
1846003,3,0,0_okno_n1
1846009,3,0,0_okno_n1
1846039,4,0,0_okno_n1
1846185,3,1,1_pozaokno_n2
1846187,0,0,0_okno_n2
1846285,0,0,0_okno_n2
1846310,4,0,0_okno_n1
1846392,4,0,0_okno_n1
1846508,4,0,0_okno_n1
1846545,4,0,0_okno_n1
1846645,4,0,0_okno_n1
1846672,4,0,0_okno_n1
1846725,1,0,0_okno_n1
1846767,2,0,0_okno_n1
1846802,3,0,0_okno_n1
1846814,4,0,0_okno_n2
1846839,4,0,0_okno_n1
1846958,4,0,0_okno_n2
1846975,3,0,0_okno_n1
1847028,3,0,0_okno_n1
1847031,1,0,0_okno_n2
1847096,2,0,0_okno_n1
1847114,1,0,0_okno_n1
1847201,2,0,0_okno_n5+
1847206,2,1,1_pozaokno_n2
1847262,0,1,1_pozaokno_n1
1847329,0,0,0_okno_n1
1847404,3,0,0_okno_n2
1847462,2,0,0_okno_n2
1847499,2,0,0_okno_n3-4
1847633,2,0,0_okno_n2
1847689,1,0,0_okno_n2
1847735,3,0,0_okno_n1
1847738,1,0,0_okno_n1
1847751,1,0,0_okno_n1
1847799,0,0,0_okno_n2
1847810,3,0,0_okno_n1
1847902,3,0,0_okno_n3-4
1847910,3,0,0_okno_n1
1848063,0,0,0_okno_n1
1848105,2,0,0_okno_n1
1848119,2,0,0_okno_n3-4
1848132,2,0,0_okno_n1
1848228,4,0,0_okno_n1
1848244,2,0,0_okno_n2
1848266,4,0,0_okno_n1
1848388,1,0,0_okno_n1
1848406,0,0,0_okno_n1
1848442,1,0,0_okno_n2
1848510,2,0,0_okno_n1
1848513,4,0,0_okno_n1
1848549,0,0,0_okno_n5+
1848609,4,1,1_pozaokno_n2
1848617,0,0,0_okno_n1
1848642,1,0,0_okno_n1
1848676,2,1,1_pozaokno_n3-4
1848693,4,0,0_okno_n1
1848752,0,0,0_okno_n3-4
1848796,3,0,0_okno_n1
1848899,3,0,0_okno_n1
1848994,1,0,0_okno_n5+
1848998,3,0,0_okno_n3-4
1849007,4,0,0_okno_n3-4
1849009,4,0,0_okno_n1
1849050,3,0,0_okno_n1
1849116,1,0,0_okno_n2
1849150,1,0,0_okno_n1
1849162,1,0,0_okno_n1
1849228,3,0,0_okno_n2
1849314,2,0,0_okno_n3-4
1849382,0,0,0_okno_n1
1849416,1,0,0_okno_n1
1849484,4,0,0_okno_n1
1849522,2,0,0_okno_n1
1849537,3,0,0_okno_n1
1849601,1,0,0_okno_n1
1849627,0,0,0_okno_n1
1849754,1,0,0_okno_n2
1849769,4,0,0_okno_n5+
1849774,4,0,0_okno_n5+
1849840,0,0,0_okno_n2
1849873,2,0,0_okno_n1
1849878,3,0,0_okno_n2
1849888,0,0,0_okno_n3-4
1849980,4,0,0_okno_n1
1850003,1,0,0_okno_n1
1850048,4,0,0_okno_n1
1850102,2,0,0_okno_n2
1850105,1,0,0_okno_n2
1850106,1,0,0_okno_n1
1850117,2,0,0_okno_n1
1850151,2,0,0_okno_n1
1850154,1,0,0_okno_n3-4
1850219,1,0,0_okno_n1
1850244,3,0,0_okno_n2
1850287,1,0,0_okno_n1
1850376,0,0,0_okno_n2
1850458,4,0,0_okno_n1
1850502,4,0,0_okno_n1
1850537,1,0,0_okno_n1
1850560,4,0,0_okno_n1
1850566,4,0,0_okno_n1
1850660,0,0,0_okno_n2
1850711,0,0,0_okno_n2
1850712,0,0,0_okno_n1
1850745,4,0,0_okno_n1
1850781,4,0,0_okno_n1
1850783,0,0,0_okno_n3-4
1850878,4,0,0_okno_n1
1851119,4,0,0_okno_n1
1851134,1,0,0_okno_n1
1851230,3,0,0_okno_n1
1851303,0,0,0_okno_n1
1851323,3,0,0_okno_n1
1851431,4,0,0_okno_n1
1851479,1,0,0_okno_n1
1851539,0,0,0_okno_n1
1851586,1,0,0_okno_n1
1851644,2,0,0_okno_n1
1851675,4,0,0_okno_n5+
1851717,3,1,1_pozaokno_n1
1851721,0,0,0_okno_n3-4
1851735,2,0,0_okno_n1
1851753,1,0,0_okno_n1
1851764,2,0,0_okno_n1
1851771,3,0,0_okno_n2
1851772,1,0,0_okno_n1
1851793,0,0,0_okno_n1
1851803,4,0,0_okno_n1
1851812,0,0,0_okno_n2
1851823,4,0,0_okno_n1
1851865,4,0,0_okno_n1
1851930,1,0,0_okno_n1
1851988,1,0,0_okno_n1
1852003,0,0,0_okno_n1
1852031,0,0,0_okno_n2
1852047,0,0,0_okno_n1
1852060,3,0,0_okno_n5+
1852127,0,0,0_okno_n2
1852136,4,0,0_okno_n5+
1852155,3,0,0_okno_n3-4
1852224,0,0,0_okno_n1
1852278,2,1,1_pozaokno_n1
1852369,0,0,0_okno_n1
1852391,0,0,0_okno_n3-4
1852438,0,0,0_okno_n1
1852515,1,0,0_okno_n3-4
1852612,1,0,0_okno_n2
1852641,4,0,0_okno_n2
1852701,2,0,0_okno_n1
1852739,4,0,0_okno_n1
1852740,0,0,0_okno_n1
1852776,2,0,0_okno_n1
1852796,3,0,0_okno_n1
1852811,1,0,0_okno_n2
1852817,0,0,0_okno_n2
1852869,3,0,0_okno_n1
1852939,0,0,0_okno_n1
1853028,0,0,0_okno_n2
1853075,4,0,0_okno_n3-4
1853148,4,0,0_okno_n1
1853190,4,0,0_okno_n1
1853254,2,0,0_okno_n1
1853307,4,0,0_okno_n2
1853374,4,0,0_okno_n5+
1853430,1,0,0_okno_n1
1853456,0,0,0_okno_n1
1853567,1,0,0_okno_n5+
1853726,4,0,0_okno_n1
1853819,2,0,0_okno_n1
1854005,2,0,0_okno_n5+
1854047,0,0,0_okno_n5+
1854048,1,0,0_okno_n3-4
1854125,3,0,0_okno_n2
1854134,4,0,0_okno_n2
1854195,2,0,0_okno_n5+
1854233,2,0,0_okno_n2
1854268,4,0,0_okno_n1
1854289,1,0,0_okno_n2
1854357,4,0,0_okno_n2
1854378,2,0,0_okno_n1
1854404,3,0,0_okno_n1
1854450,3,0,0_okno_n2
1854463,2,0,0_okno_n1
1854465,1,0,0_okno_n1
1854474,4,0,0_okno_n3-4
1854549,1,0,0_okno_n2
1854580,4,0,0_okno_n1
1854595,0,0,0_okno_n3-4
1854613,2,0,0_okno_n1
1854671,2,0,0_okno_n2
1854722,0,0,0_okno_n1
1854749,4,0,0_okno_n2
1854924,2,0,0_okno_n1
1854963,4,0,0_okno_n1
1854967,3,0,0_okno_n2
1855105,1,0,0_okno_n2
1855110,4,0,0_okno_n1
1855172,2,0,0_okno_n2
1855221,3,0,0_okno_n1
1855225,1,0,0_okno_n1
1855285,3,0,0_okno_n1
1855400,0,0,0_okno_n1
1855509,0,0,0_okno_n1
1855684,1,0,0_okno_n5+
1855687,2,0,0_okno_n1
1855799,0,0,0_okno_n2
1855806,4,0,0_okno_n2
1855825,4,0,0_okno_n3-4
1855938,2,0,0_okno_n2
1855946,4,0,0_okno_n5+
1856091,2,0,0_okno_n1
1856125,0,0,0_okno_n1
1856168,0,0,0_okno_n1
1856248,0,0,0_okno_n3-4
1856251,4,0,0_okno_n3-4
1856264,0,0,0_okno_n2
1856268,4,0,0_okno_n1
1856294,1,0,0_okno_n2
1856327,0,0,0_okno_n2
1856368,3,0,0_okno_n2
1856468,2,0,0_okno_n1
1856507,4,0,0_okno_n1
1856531,2,0,0_okno_n1
1856605,2,0,0_okno_n1
1856722,0,0,0_okno_n1
1856744,2,0,0_okno_n3-4
1856774,0,0,0_okno_n1
1856823,4,0,0_okno_n2
1856843,3,0,0_okno_n1
1856957,1,0,0_okno_n2
1857012,4,0,0_okno_n1
1857072,0,0,0_okno_n2
1857133,1,0,0_okno_n1
1857139,4,0,0_okno_n2
1857210,2,0,0_okno_n3-4
1857320,0,0,0_okno_n1
1857391,2,0,0_okno_n1
1857410,0,0,0_okno_n2
1857498,1,0,0_okno_n1
1857516,2,0,0_okno_n1
1857572,3,0,0_okno_n2
1857637,0,0,0_okno_n1
1857654,4,0,0_okno_n1
1857669,4,0,0_okno_n3-4
1857740,1,0,0_okno_n1
1857854,1,0,0_okno_n1
1857861,3,0,0_okno_n1
1857891,4,0,0_okno_n3-4
1857926,3,0,0_okno_n2
1857930,4,0,0_okno_n1
1857950,3,0,0_okno_n1
1857978,2,0,0_okno_n1
1858074,0,0,0_okno_n1
1858104,2,0,0_okno_n3-4
1858162,3,0,0_okno_n1
1858191,3,0,0_okno_n3-4
1858197,0,0,0_okno_n1
1858240,2,0,0_okno_n1
1858285,1,0,0_okno_n3-4
1858289,0,0,0_okno_n1
1858310,3,0,0_okno_n1
1858316,4,0,0_okno_n3-4
1858446,3,0,0_okno_n3-4
1858456,2,0,0_okno_n1
1858457,3,0,0_okno_n1
1858469,1,0,0_okno_n1
1858635,1,0,0_okno_n3-4
1858656,3,0,0_okno_n2
1858692,4,0,0_okno_n3-4
1858745,2,0,0_okno_n1
1858806,2,0,0_okno_n1
1858924,4,0,0_okno_n2
1858971,0,1,1_pozaokno_n5+
1859004,3,0,0_okno_n1
1859200,2,0,0_okno_n5+
1859224,3,0,0_okno_n1
1859284,4,0,0_okno_n3-4
1859392,3,0,0_okno_n1
1859556,1,0,0_okno_n5+
1859592,3,0,0_okno_n1
1859672,0,0,0_okno_n2
1859935,0,0,0_okno_n1
1859946,0,0,0_okno_n2
1859962,4,0,0_okno_n1
1860072,0,0,0_okno_n2
1860100,1,0,0_okno_n2
1860157,1,0,0_okno_n5+
1860268,0,0,0_okno_n1
1860282,2,0,0_okno_n2
1860284,2,0,0_okno_n1
1860302,0,0,0_okno_n1
1860351,2,0,0_okno_n1
1860376,1,0,0_okno_n1
1860394,1,0,0_okno_n1
1860431,4,0,0_okno_n1
1860452,2,1,1_pozaokno_n3-4
1860526,0,0,0_okno_n2
1860540,3,0,0_okno_n1
1860644,2,0,0_okno_n1
1860712,1,0,0_okno_n2
1860727,2,0,0_okno_n2
1860728,3,0,0_okno_n1
1860739,3,0,0_okno_n2
1860746,4,0,0_okno_n1
1860760,1,0,0_okno_n3-4
1860803,4,0,0_okno_n1
1860858,3,0,0_okno_n1
1860891,0,0,0_okno_n5+
1860900,0,0,0_okno_n1
1860931,1,0,0_okno_n1
1860954,4,0,0_okno_n1
1860980,0,0,0_okno_n1
1861040,0,0,0_okno_n3-4
1861089,2,0,0_okno_n2
1861165,1,0,0_okno_n1
1861252,0,0,0_okno_n1
1861305,1,0,0_okno_n1
1861355,2,0,0_okno_n5+
1861497,3,0,0_okno_n3-4
1861533,3,0,0_okno_n1
1861658,1,0,0_okno_n1
1861757,4,0,0_okno_n2
1861802,0,0,0_okno_n1
1861818,1,0,0_okno_n1
1861829,2,0,0_okno_n1
1861893,1,0,0_okno_n1
1861929,2,0,0_okno_n1
1861957,1,0,0_okno_n1
1861966,2,0,0_okno_n2
1861971,2,0,0_okno_n1
1862108,1,0,0_okno_n2
1862184,1,0,0_okno_n1
1862225,3,0,0_okno_n1
1862274,2,0,0_okno_n1
1862297,3,0,0_okno_n1
1862307,0,0,0_okno_n1
1862390,0,0,0_okno_n1
1862494,4,0,0_okno_n5+
1862520,4,0,0_okno_n5+
1862534,3,0,0_okno_n1
1862559,1,0,0_okno_n3-4
1862639,4,0,0_okno_n1
1862646,2,0,0_okno_n1
1862706,0,0,0_okno_n2
1862719,0,0,0_okno_n1
1862812,0,0,0_okno_n1
1862851,4,0,0_okno_n1
1862900,1,0,0_okno_n1
1862934,1,0,0_okno_n1
1862976,4,0,0_okno_n1
1862986,0,0,0_okno_n1
1863006,0,0,0_okno_n3-4
1863070,4,0,0_okno_n1
1863083,0,0,0_okno_n3-4
1863122,0,0,0_okno_n2
1863263,4,0,0_okno_n2
1863296,3,0,0_okno_n1
1863308,4,1,1_pozaokno_n2
1863413,2,0,0_okno_n3-4
1863417,2,0,0_okno_n1
1863500,4,0,0_okno_n1
1863595,0,0,0_okno_n1
1863734,3,0,0_okno_n2
1863760,4,0,0_okno_n1
1864106,0,0,0_okno_n3-4
1864278,4,0,0_okno_n1
1864430,3,0,0_okno_n1
1864475,0,0,0_okno_n2
1864547,0,0,0_okno_n5+
1864627,2,0,0_okno_n1
1864700,0,0,0_okno_n1
1864714,0,0,0_okno_n1
1864750,1,0,0_okno_n1
1864777,3,0,0_okno_n2
1864876,3,0,0_okno_n1
1864887,2,0,0_okno_n3-4
1864931,0,0,0_okno_n5+
1864963,4,0,0_okno_n2
1865072,1,0,0_okno_n1
1865178,3,0,0_okno_n3-4
1865206,1,0,0_okno_n3-4
1865312,2,0,0_okno_n1
1865385,1,0,0_okno_n2
1865401,4,0,0_okno_n2
1865465,2,0,0_okno_n3-4
1865466,0,0,0_okno_n1
1865482,2,0,0_okno_n1
1865501,1,0,0_okno_n1
1865522,0,0,0_okno_n1
1865541,2,0,0_okno_n1
1865575,2,0,0_okno_n5+
1865597,0,0,0_okno_n1
1865598,1,0,0_okno_n1
1865606,4,0,0_okno_n3-4
1865608,3,0,0_okno_n1
1865615,1,0,0_okno_n5+
1865684,0,0,0_okno_n1
1865785,2,0,0_okno_n1
1865788,3,0,0_okno_n1
1865830,2,0,0_okno_n3-4
1865861,2,0,0_okno_n5+
1865950,4,0,0_okno_n5+
1865982,0,0,0_okno_n3-4
1866071,1,0,0_okno_n1
1866141,4,0,0_okno_n1
1866185,2,0,0_okno_n1
1866226,4,0,0_okno_n1
1866244,1,0,0_okno_n2
1866263,4,0,0_okno_n3-4
1866409,4,0,0_okno_n3-4
1866425,3,0,0_okno_n1
1866540,4,0,0_okno_n1
1866596,2,0,0_okno_n5+
1866639,4,1,1_pozaokno_n3-4
1866741,3,0,0_okno_n2
1866749,3,0,0_okno_n2
1866752,3,1,1_pozaokno_n2
1866767,0,0,0_okno_n1
1866785,4,1,1_pozaokno_n2
1866789,0,0,0_okno_n2
1866861,0,0,0_okno_n2
1866908,4,0,0_okno_n1
1866953,1,0,0_okno_n1
1866956,4,0,0_okno_n1
1866960,4,1,1_pozaokno_n5+
1866976,1,0,0_okno_n2
1866988,2,1,1_pozaokno_n1
1867065,4,0,0_okno_n1
1867090,1,0,0_okno_n1
1867102,4,0,0_okno_n3-4
1867164,1,0,0_okno_n1
1867364,0,0,0_okno_n1
1867371,0,0,0_okno_n3-4
1867384,3,0,0_okno_n2
1867412,3,0,0_okno_n5+
1867445,2,1,1_pozaokno_n1
1867648,3,1,1_pozaokno_n1
1867667,3,0,0_okno_n1
1867748,1,0,0_okno_n1
1867782,0,0,0_okno_n1
1867912,4,0,0_okno_n1
1867921,4,0,0_okno_n3-4
1867930,0,0,0_okno_n1
1867949,0,0,0_okno_n3-4
1868040,4,0,0_okno_n2
1868091,1,0,0_okno_n1
1868111,1,0,0_okno_n3-4
1868124,1,0,0_okno_n5+
1868153,3,0,0_okno_n1
1868155,1,0,0_okno_n2
1868220,1,0,0_okno_n1
1868256,2,0,0_okno_n2
1868300,0,0,0_okno_n1
1868310,4,0,0_okno_n2
1868429,0,0,0_okno_n1
1868454,1,0,0_okno_n2
1868723,4,0,0_okno_n1
1868767,2,0,0_okno_n1
1868790,3,0,0_okno_n5+
1869030,4,0,0_okno_n3-4
1869040,2,0,0_okno_n1
1869081,0,0,0_okno_n1
1869112,3,0,0_okno_n2
1869144,4,0,0_okno_n1
1869150,0,0,0_okno_n3-4
1869309,0,0,0_okno_n1
1869311,3,0,0_okno_n1
1869469,1,0,0_okno_n2
1869478,4,0,0_okno_n2
1869547,0,0,0_okno_n1
1869617,4,0,0_okno_n1
1869640,2,0,0_okno_n1
1869680,3,0,0_okno_n1
1869735,0,0,0_okno_n1
1869789,0,0,0_okno_n1
1869791,2,0,0_okno_n3-4
1869844,2,0,0_okno_n5+
1869890,1,0,0_okno_n2
1869903,0,0,0_okno_n3-4
1869959,0,0,0_okno_n1
1870012,0,0,0_okno_n1
1870022,3,0,0_okno_n2
1870024,4,0,0_okno_n1
1870205,4,0,0_okno_n3-4
1870223,2,0,0_okno_n3-4
1870602,3,0,0_okno_n1
1870642,1,0,0_okno_n1
1870646,3,0,0_okno_n2
1870665,2,0,0_okno_n2
1870684,3,0,0_okno_n1
1870826,0,0,0_okno_n1
1870890,3,0,0_okno_n1
1870932,1,0,0_okno_n1
1870961,3,0,0_okno_n1
1870980,4,0,0_okno_n1
1870990,3,0,0_okno_n1
1871044,3,0,0_okno_n1
1871060,4,0,0_okno_n1
1871134,4,0,0_okno_n1
1871143,2,0,0_okno_n3-4
1871272,3,0,0_okno_n1
1871275,0,0,0_okno_n1
1871291,4,0,0_okno_n3-4
1871297,3,0,0_okno_n3-4
1871353,0,0,0_okno_n3-4
1871497,2,0,0_okno_n5+
1871531,3,0,0_okno_n1
1871558,4,0,0_okno_n1
1871762,3,0,0_okno_n2
1871769,1,0,0_okno_n3-4
1871794,0,0,0_okno_n2
1871803,2,0,0_okno_n2
1871920,2,0,0_okno_n1
1871943,4,0,0_okno_n1
1871951,2,0,0_okno_n3-4
1872005,2,0,0_okno_n1
1872014,0,0,0_okno_n2
1872035,3,0,0_okno_n1
1872089,4,0,0_okno_n2
1872154,0,0,0_okno_n2
1872208,2,0,0_okno_n1
1872258,2,0,0_okno_n2
1872365,0,0,0_okno_n2
1872387,2,0,0_okno_n2
1872444,4,0,0_okno_n2
1872483,3,0,0_okno_n3-4
1872502,0,0,0_okno_n5+
1872642,4,0,0_okno_n1
1872652,3,0,0_okno_n1
1872654,3,0,0_okno_n1
1872772,3,0,0_okno_n1
1872799,3,0,0_okno_n3-4
1872831,1,0,0_okno_n1
1872848,4,0,0_okno_n2
1872853,4,0,0_okno_n1
1872933,0,0,0_okno_n1
1872975,3,0,0_okno_n1
1872997,2,0,0_okno_n1
1873099,0,0,0_okno_n1
1873141,2,0,0_okno_n1
1873209,4,0,0_okno_n2
1873222,4,0,0_okno_n1
1873249,0,0,0_okno_n1
1873264,0,0,0_okno_n3-4
1873319,3,1,1_pozaokno_n1
1873396,2,0,0_okno_n2
1873401,1,0,0_okno_n1
1873435,3,0,0_okno_n3-4
1873486,2,0,0_okno_n1
1873523,3,0,0_okno_n3-4
1873554,2,0,0_okno_n1
1873562,2,0,0_okno_n2
1873633,1,0,0_okno_n2
1873708,2,0,0_okno_n5+
1873711,4,0,0_okno_n1
1873713,4,0,0_okno_n1
1873756,4,0,0_okno_n3-4
1873808,3,0,0_okno_n2
1873884,4,0,0_okno_n5+
1873921,0,0,0_okno_n1
1873929,0,0,0_okno_n1
1873931,0,0,0_okno_n1
1874055,4,0,0_okno_n1
1874058,3,0,0_okno_n1
1874173,1,0,0_okno_n1
1874240,3,0,0_okno_n1
1874294,0,0,0_okno_n1
1874300,2,0,0_okno_n1
1874313,0,0,0_okno_n1
1874380,3,0,0_okno_n1
1874473,0,0,0_okno_n1
1874602,4,0,0_okno_n1
1874606,4,0,0_okno_n1
1874608,4,0,0_okno_n1
1874719,0,0,0_okno_n1
1874745,2,0,0_okno_n1
1874759,0,1,1_pozaokno_n1
1874768,3,0,0_okno_n2
1874863,1,0,0_okno_n2
1874975,4,0,0_okno_n5+
1875133,4,0,0_okno_n1
1875213,3,0,0_okno_n2
1875263,4,1,1_pozaokno_n2
1875275,0,0,0_okno_n1
1875388,4,0,0_okno_n2
1875444,4,0,0_okno_n1
1875558,2,0,0_okno_n2
1875670,2,0,0_okno_n1
1875762,4,0,0_okno_n3-4
1875773,4,0,0_okno_n2
1875782,2,0,0_okno_n1
1875849,1,0,0_okno_n1
1875888,0,0,0_okno_n1
1875902,1,0,0_okno_n3-4
1875952,2,0,0_okno_n3-4
1876004,2,0,0_okno_n1
1876017,3,0,0_okno_n2
1876079,2,0,0_okno_n1
1876083,3,0,0_okno_n3-4
1876136,1,0,0_okno_n3-4
1876221,0,0,0_okno_n5+
1876225,1,0,0_okno_n1
1876262,0,0,0_okno_n1
1876309,4,0,0_okno_n1
1876320,4,0,0_okno_n5+
1876347,0,0,0_okno_n2
1876490,2,0,0_okno_n1
1876599,3,0,0_okno_n3-4
1876615,0,0,0_okno_n3-4
1876710,3,0,0_okno_n1
1876884,0,0,0_okno_n5+
1876944,1,0,0_okno_n3-4
1876965,1,0,0_okno_n1
1876984,0,0,0_okno_n1
1877013,3,0,0_okno_n1
1877138,1,0,0_okno_n1
1877220,4,0,0_okno_n1
1877238,2,0,0_okno_n1
1877392,0,0,0_okno_n1
1877474,3,0,0_okno_n1
1877596,0,0,0_okno_n1
1877613,0,0,0_okno_n5+
1877618,2,0,0_okno_n5+
1877714,1,0,0_okno_n2
1877718,3,0,0_okno_n1
1877795,4,0,0_okno_n3-4
1877884,4,0,0_okno_n3-4
1878031,2,0,0_okno_n1
1878222,4,0,0_okno_n3-4
1878323,0,0,0_okno_n1
1878365,4,0,0_okno_n1
1878387,4,0,0_okno_n1
1878417,4,0,0_okno_n1
1878545,3,0,0_okno_n5+
1878738,2,0,0_okno_n2
1878845,0,0,0_okno_n5+
1878947,1,0,0_okno_n5+
1878971,3,0,0_okno_n1
1879007,4,0,0_okno_n1
1879027,2,0,0_okno_n3-4
1879130,2,0,0_okno_n2
1879157,2,0,0_okno_n1
1879407,0,0,0_okno_n1
1879429,3,0,0_okno_n1
1879481,3,0,0_okno_n3-4
1879482,2,0,0_okno_n1
1879483,0,0,0_okno_n3-4
1879512,2,0,0_okno_n5+
1879578,3,0,0_okno_n1
1879589,4,0,0_okno_n1
1879595,1,0,0_okno_n1
1879635,0,0,0_okno_n1
1879661,1,1,1_pozaokno_n3-4
1879685,2,0,0_okno_n1
1879725,1,0,0_okno_n1
1879769,3,0,0_okno_n1
1879806,3,0,0_okno_n2
1879834,1,0,0_okno_n1
1879866,0,0,0_okno_n1
1880123,2,0,0_okno_n2
1880126,4,0,0_okno_n1
1880157,3,0,0_okno_n1
1880162,2,0,0_okno_n1
1880259,0,0,0_okno_n1
1880321,1,0,0_okno_n5+
1880329,4,0,0_okno_n5+
1880402,0,0,0_okno_n1
1880500,4,0,0_okno_n1
1880508,4,0,0_okno_n1
1880577,4,0,0_okno_n1
1880675,1,0,0_okno_n1
1880691,2,0,0_okno_n1
1880853,2,0,0_okno_n1
1880969,4,0,0_okno_n2
1881053,2,0,0_okno_n1
1881116,0,0,0_okno_n1
1881120,3,0,0_okno_n5+
1881202,1,0,0_okno_n3-4
1881215,2,0,0_okno_n2
1881316,3,0,0_okno_n2
1881460,4,0,0_okno_n3-4
1881496,0,0,0_okno_n1
1881523,4,0,0_okno_n1
1881551,3,0,0_okno_n1
1881659,3,0,0_okno_n1
1881710,4,1,1_pozaokno_n1
1881724,0,0,0_okno_n1
1881807,0,0,0_okno_n1
1881843,2,0,0_okno_n1
1881846,2,0,0_okno_n3-4
1881854,2,0,0_okno_n2
1881862,4,0,0_okno_n5+
1881926,3,0,0_okno_n1
1881995,1,0,0_okno_n1
1882189,0,0,0_okno_n1
1882201,2,0,0_okno_n2
1882257,1,0,0_okno_n1
1882283,0,0,0_okno_n1
1882385,2,0,0_okno_n1
1882415,3,0,0_okno_n1
1882454,4,0,0_okno_n1
1882456,1,0,0_okno_n1
1882509,2,0,0_okno_n1
1882531,4,0,0_okno_n2
1882536,2,0,0_okno_n2
1882619,4,0,0_okno_n1
1882661,1,0,0_okno_n1
1882726,4,0,0_okno_n3-4
1882794,1,0,0_okno_n1
1882834,3,0,0_okno_n1
1883115,2,0,0_okno_n5+
1883136,3,0,0_okno_n2
1883164,1,0,0_okno_n1
1883290,3,0,0_okno_n1
1883323,1,0,0_okno_n1
1883517,0,0,0_okno_n2
1883534,0,1,1_okno_n2
1883580,3,0,0_okno_n1
1883595,4,0,0_okno_n3-4
1883661,0,0,0_okno_n2
1883675,4,0,0_okno_n5+
1883699,4,0,0_okno_n1
1883703,3,0,0_okno_n1
1883734,1,0,0_okno_n2
1883752,4,0,0_okno_n1
1883801,2,0,0_okno_n1
1883820,2,0,0_okno_n1
1883911,0,0,0_okno_n1
1883977,0,0,0_okno_n1
1884135,3,0,0_okno_n3-4
1884248,4,0,0_okno_n1
1884524,0,0,0_okno_n2
1884531,1,0,0_okno_n2
1884566,0,0,0_okno_n3-4
1884836,2,0,0_okno_n3-4
1884920,4,0,0_okno_n1
1885133,2,0,0_okno_n2
1885217,4,0,0_okno_n1
1885242,0,0,0_okno_n1
1885257,3,0,0_okno_n1
1885324,2,0,0_okno_n2
1885382,1,0,0_okno_n5+
1885436,0,0,0_okno_n1
1885526,1,0,0_okno_n1
1885552,0,0,0_okno_n2
1885587,2,0,0_okno_n2
1885695,4,0,0_okno_n5+
1885772,2,0,0_okno_n1
1885957,2,0,0_okno_n2
1886028,0,0,0_okno_n3-4
1886049,3,0,0_okno_n2
1886184,3,0,0_okno_n2
1886275,3,0,0_okno_n3-4
1886330,2,0,0_okno_n5+
1886427,0,0,0_okno_n1
1886441,2,0,0_okno_n3-4
1886482,1,0,0_okno_n3-4
1886488,2,0,0_okno_n1
1886497,3,0,0_okno_n1
1886559,2,0,0_okno_n5+
1886575,1,0,0_okno_n2
1886596,2,0,0_okno_n3-4
1886702,4,0,0_okno_n1
1886753,3,0,0_okno_n1
1886757,2,0,0_okno_n2
1886912,1,0,0_okno_n1
1886923,3,0,0_okno_n1
1886965,3,0,0_okno_n1
1887022,2,0,0_okno_n2
1887096,3,0,0_okno_n1
1887115,3,0,0_okno_n2
1887143,3,0,0_okno_n5+
1887176,3,0,0_okno_n2
1887309,1,0,0_okno_n1
1887390,3,0,0_okno_n1
1887401,4,0,0_okno_n2
1887416,4,0,0_okno_n2
1887423,3,0,0_okno_n3-4
1887440,0,0,0_okno_n1
1887445,0,0,0_okno_n5+
1887656,4,0,0_okno_n1
1887740,1,0,0_okno_n1
1887772,4,0,0_okno_n1
1887782,1,0,0_okno_n1
1887815,1,0,0_okno_n1
1887878,3,0,0_okno_n5+
1887914,3,0,0_okno_n3-4
1888068,2,0,0_okno_n2
1888197,2,0,0_okno_n3-4
1888350,1,0,0_okno_n1
1888428,3,0,0_okno_n3-4
1888451,3,0,0_okno_n1
1888547,2,0,0_okno_n2
1888557,4,0,0_okno_n1
1888631,0,0,0_okno_n1
1888827,3,0,0_okno_n1
1889105,0,0,0_okno_n3-4
1889171,0,0,0_okno_n1
1889211,0,0,0_okno_n5+
1889234,1,0,0_okno_n3-4
1889326,2,0,0_okno_n2
1889330,4,0,0_okno_n1
1889347,3,0,0_okno_n1
1889378,2,0,0_okno_n1
1889567,3,0,0_okno_n1
1889591,3,0,0_okno_n1
1889628,2,0,0_okno_n1
1889750,4,0,0_okno_n1
1889777,4,0,0_okno_n1
1889816,0,0,0_okno_n2
1890014,4,0,0_okno_n1
1890089,3,0,0_okno_n1
1890165,3,0,0_okno_n1
1890204,4,0,0_okno_n5+
1890220,2,0,0_okno_n2
1890251,2,0,0_okno_n1
1890255,1,0,0_okno_n1
1890259,0,0,0_okno_n1
1890277,2,0,0_okno_n1
1890417,0,0,0_okno_n1
1890440,4,0,0_okno_n5+
1890503,0,0,0_okno_n1
1890565,1,0,0_okno_n3-4
1890641,3,0,0_okno_n3-4
1890682,2,0,0_okno_n1
1890700,3,0,0_okno_n3-4
1890862,0,0,0_okno_n3-4
1890986,2,0,0_okno_n1
1891031,3,0,0_okno_n2
1891087,2,0,0_okno_n2
1891251,0,0,0_okno_n2
1891255,3,0,0_okno_n1
1891262,2,0,0_okno_n3-4
1891268,1,0,0_okno_n1
1891291,0,0,0_okno_n2
1891317,3,0,0_okno_n1
1891319,4,0,0_okno_n3-4
1891363,3,0,0_okno_n3-4
1891369,2,0,0_okno_n1
1891404,0,0,0_okno_n2
1891408,4,0,0_okno_n1
1891428,1,0,0_okno_n1
1891543,4,0,0_okno_n1
1891638,3,0,0_okno_n1
1891642,2,0,0_okno_n2
1891655,3,0,0_okno_n1
1891666,3,0,0_okno_n1
1891717,2,0,0_okno_n2
1891732,1,0,0_okno_n5+
1891742,2,0,0_okno_n2
1891912,1,0,0_okno_n2
1891949,3,0,0_okno_n3-4
1892025,1,0,0_okno_n2
1892032,4,0,0_okno_n1
1892120,0,0,0_okno_n5+
1892143,2,0,0_okno_n2
1892208,0,0,0_okno_n3-4
1892222,4,0,0_okno_n1
1892300,1,0,0_okno_n1
1892306,2,0,0_okno_n2
1892391,4,0,0_okno_n1
1892457,3,0,0_okno_n1
1892501,2,0,0_okno_n1
1892530,2,0,0_okno_n1
1892567,4,0,0_okno_n1
1892632,2,0,0_okno_n1
1892795,0,0,0_okno_n1
1892926,1,0,0_okno_n1
1892941,0,0,0_okno_n3-4
1892957,2,0,0_okno_n1
1892963,4,0,0_okno_n5+
1893038,1,0,0_okno_n1
1893076,4,0,0_okno_n1
1893097,4,0,0_okno_n3-4
1893116,2,0,0_okno_n1
1893132,1,0,0_okno_n1
1893267,1,0,0_okno_n1
1893299,1,0,0_okno_n1
1893458,2,0,0_okno_n2
1893479,2,0,0_okno_n1
1893542,3,0,0_okno_n1
1893544,3,0,0_okno_n2
1893557,1,0,0_okno_n1
1893573,1,0,0_okno_n3-4
1893608,2,0,0_okno_n1
1893626,3,0,0_okno_n1
1893750,4,0,0_okno_n1
1893787,0,0,0_okno_n1
1893811,0,0,0_okno_n1
1893822,2,0,0_okno_n1
1893823,4,0,0_okno_n2
1893870,2,0,0_okno_n1
1893953,4,0,0_okno_n1
1893960,0,0,0_okno_n1
1894044,4,1,1_pozaokno_n5+
1894095,0,0,0_okno_n2
1894109,1,0,0_okno_n1
1894126,4,0,0_okno_n2
1894169,0,0,0_okno_n2
1894232,3,0,0_okno_n1
1894360,2,0,0_okno_n3-4
1894374,3,0,0_okno_n2
1894413,0,0,0_okno_n3-4
1894443,3,0,0_okno_n1
1894482,3,0,0_okno_n2
1894521,3,0,0_okno_n1
1894659,3,0,0_okno_n1
1894712,2,0,0_okno_n2
1894801,4,0,0_okno_n2
1894879,2,0,0_okno_n1
1894937,1,0,0_okno_n3-4
1894944,4,0,0_okno_n2
1894975,0,0,0_okno_n2
1895002,1,0,0_okno_n2
1895009,0,0,0_okno_n2
1895144,1,0,0_okno_n1
1895145,4,0,0_okno_n2
1895188,0,0,0_okno_n5+
1895216,1,0,0_okno_n2
1895219,3,0,0_okno_n1
1895257,2,0,0_okno_n1
1895316,3,0,0_okno_n3-4
1895395,3,0,0_okno_n2
1895401,2,1,1_okno_n1
1895464,4,0,0_okno_n5+
1895580,4,0,0_okno_n1
1895587,0,0,0_okno_n1
1895600,4,0,0_okno_n1
1895608,2,0,0_okno_n1
1895643,2,0,0_okno_n2
1895703,0,0,0_okno_n5+
1895729,0,0,0_okno_n2
1895750,2,0,0_okno_n2
1895768,4,0,0_okno_n3-4
1895771,2,0,0_okno_n1
1895819,3,0,0_okno_n1
1895879,2,0,0_okno_n5+
1895959,0,0,0_okno_n2
1896010,4,0,0_okno_n2
1896045,4,0,0_okno_n1
1896114,3,0,0_okno_n1
1896167,1,0,0_okno_n3-4
1896207,2,0,0_okno_n1
1896282,2,0,0_okno_n1
1896383,4,0,0_okno_n1
1896391,0,0,0_okno_n1
1896484,2,0,0_okno_n1
1896619,1,0,0_okno_n1
1896634,0,0,0_okno_n3-4
1896651,3,0,0_okno_n2
1896679,0,0,0_okno_n3-4
1896704,2,0,0_okno_n2
1896760,0,0,0_okno_n3-4
1896819,1,0,0_okno_n2
1896847,3,0,0_okno_n1
1896905,1,0,0_okno_n2
1896910,4,0,0_okno_n1
1896919,1,0,0_okno_n2
1897005,1,0,0_okno_n3-4
1897018,1,0,0_okno_n1
1897051,0,0,0_okno_n1
1897081,1,0,0_okno_n1
1897101,0,0,0_okno_n1
1897134,2,0,0_okno_n1
1897188,4,0,0_okno_n1
1897290,0,0,0_okno_n1
1897310,1,0,0_okno_n1
1897392,0,0,0_okno_n1
1897565,3,0,0_okno_n1
1897587,0,0,0_okno_n1
1897649,2,0,0_okno_n1
1897666,1,0,0_okno_n1
1897679,0,0,0_okno_n1
1897713,3,0,0_okno_n1
1897732,0,0,0_okno_n1
1897751,1,0,0_okno_n2
1897769,1,0,0_okno_n1
1897821,2,0,0_okno_n1
1897846,4,0,0_okno_n1
1897917,4,0,0_okno_n1
1897967,1,0,0_okno_n1
1897997,1,0,0_okno_n5+
1898001,1,0,0_okno_n1
1898085,4,0,0_okno_n2
1898136,2,0,0_okno_n3-4
1898151,4,0,0_okno_n1
1898364,3,0,0_okno_n2
1898431,0,0,0_okno_n1
1898483,3,0,0_okno_n1
1898514,3,1,1_pozaokno_n5+
1898527,4,0,0_okno_n2
1898529,4,0,0_okno_n1
1898533,3,0,0_okno_n2
1898540,0,0,0_okno_n2
1898560,2,0,0_okno_n2
1898708,2,0,0_okno_n3-4
1898755,4,0,0_okno_n2
1898805,0,0,0_okno_n1
1898812,0,0,0_okno_n1
1898838,0,0,0_okno_n2
1898861,0,0,0_okno_n1
1898883,3,0,0_okno_n1
1898899,4,0,0_okno_n1
1898922,4,0,0_okno_n1
1898933,4,0,0_okno_n1
1899024,4,0,0_okno_n1
1899061,1,1,1_pozaokno_n1
1899105,1,0,0_okno_n2
1899106,0,0,0_okno_n1
1899131,1,0,0_okno_n3-4
1899178,3,0,0_okno_n5+
1899195,1,0,0_okno_n3-4
1899310,0,0,0_okno_n2
1899392,1,0,0_okno_n1
1899453,3,0,0_okno_n1
1899477,0,0,0_okno_n1
1899532,3,0,0_okno_n1
1899740,0,0,0_okno_n1
1899775,1,0,0_okno_n1
1899813,4,0,0_okno_n5+
1900113,0,0,0_okno_n1
1900183,4,0,0_okno_n2
1900196,3,0,0_okno_n1
1900214,4,0,0_okno_n1
1900343,0,0,0_okno_n1
1900344,3,0,0_okno_n2
1900374,0,0,0_okno_n1
1900387,4,0,0_okno_n5+
1900538,4,0,0_okno_n2
1900580,3,0,0_okno_n5+
1900587,4,1,1_pozaokno_n1
1900608,3,0,0_okno_n1
1900619,0,0,0_okno_n1
1900621,0,0,0_okno_n1
1900623,0,0,0_okno_n1
1900811,1,0,0_okno_n5+
1900813,1,0,0_okno_n1
1900822,1,0,0_okno_n1
1900843,1,0,0_okno_n1
1900849,4,0,0_okno_n1
1900885,1,0,0_okno_n5+
1900886,0,0,0_okno_n2
1900888,0,0,0_okno_n1
1900907,3,0,0_okno_n2
1900939,4,0,0_okno_n5+
1900996,2,0,0_okno_n1
1901104,1,0,0_okno_n1
1901143,1,0,0_okno_n1
1901178,1,0,0_okno_n3-4
1901191,3,0,0_okno_n1
1901264,1,0,0_okno_n1
1901347,2,0,0_okno_n2
1901467,1,0,0_okno_n1
1901514,1,0,0_okno_n2
1901625,3,0,0_okno_n1
1901631,2,0,0_okno_n1
1901649,0,0,0_okno_n1
1901786,1,0,0_okno_n1
1901858,2,0,0_okno_n2
1901895,0,0,0_okno_n1
1901896,1,0,0_okno_n1
1902082,4,0,0_okno_n1
1902174,4,0,0_okno_n2
1902184,2,0,0_okno_n2
1902196,4,0,0_okno_n1
1902292,4,0,0_okno_n2
1902303,1,0,0_okno_n1
1902399,1,0,0_okno_n1
1902436,3,0,0_okno_n1
1902440,3,0,0_okno_n5+
1902501,2,0,0_okno_n2
1902592,3,0,0_okno_n1
1902645,0,0,0_okno_n1
1902662,4,0,0_okno_n1
1902697,0,0,0_okno_n1
1902743,1,0,0_okno_n3-4
1902757,2,0,0_okno_n2
1902985,3,0,0_okno_n2
1903063,0,0,0_okno_n1
1903098,3,0,0_okno_n2
1903122,4,0,0_okno_n1
1903139,1,0,0_okno_n2
1903281,1,0,0_okno_n1
1903301,4,0,0_okno_n1
1903481,0,0,0_okno_n1
1903494,4,0,0_okno_n1
1903556,4,0,0_okno_n1
1903569,1,0,0_okno_n1
1903610,4,0,0_okno_n5+
1903664,4,0,0_okno_n2
1903696,2,0,0_okno_n1
1903713,0,0,0_okno_n2
1903741,2,0,0_okno_n1
1903760,0,0,0_okno_n1
1903780,2,0,0_okno_n2
1903789,2,0,0_okno_n1
1903862,3,0,0_okno_n2
1904005,3,0,0_okno_n3-4
1904044,2,0,0_okno_n3-4
1904098,0,0,0_okno_n2
1904120,2,0,0_okno_n1
1904188,1,0,0_okno_n2
1904210,1,0,0_okno_n2
1904252,2,0,0_okno_n1
1904340,4,1,1_pozaokno_n1
1904351,0,0,0_okno_n2
1904359,2,0,0_okno_n2
1904364,2,0,0_okno_n1
1904398,0,0,0_okno_n2
1904404,4,0,0_okno_n1
1904411,2,0,0_okno_n2
1904541,3,0,0_okno_n1
1904560,4,0,0_okno_n1
1904570,0,0,0_okno_n3-4
1904655,2,0,0_okno_n1
1904795,1,0,0_okno_n1
1904879,3,0,0_okno_n1
1904892,2,0,0_okno_n2
1904968,1,0,0_okno_n1
1904974,1,0,0_okno_n1
1905080,2,0,0_okno_n2
1905175,1,0,0_okno_n2
1905202,0,0,0_okno_n1
1905205,2,0,0_okno_n2
1905563,3,0,0_okno_n3-4
1905672,4,0,0_okno_n1
1905700,0,0,0_okno_n1
1905723,1,0,0_okno_n1
1905766,4,0,0_okno_n2
1905770,3,0,0_okno_n1
1905796,4,0,0_okno_n2
1905803,3,0,0_okno_n1
1905806,4,0,0_okno_n1
1905812,3,0,0_okno_n1
1905874,3,0,0_okno_n1
1905937,2,0,0_okno_n1
1905945,3,0,0_okno_n1
1905948,0,0,0_okno_n1
1905967,4,0,0_okno_n1
1905980,3,0,0_okno_n5+
1905997,4,0,0_okno_n2
1906001,4,0,0_okno_n2
1906011,4,0,0_okno_n2
1906026,0,0,0_okno_n1
1906029,4,0,0_okno_n3-4
1906102,1,0,0_okno_n1
1906186,3,0,0_okno_n2
1906204,1,0,0_okno_n2
1906406,3,0,0_okno_n1
1906409,0,0,0_okno_n1
1906421,4,0,0_okno_n1
1906488,1,0,0_okno_n1
1906580,0,0,0_okno_n1
1906640,3,0,0_okno_n2
1906897,1,0,0_okno_n1
1906920,1,0,0_okno_n1
1906936,1,0,0_okno_n2
1906983,3,0,0_okno_n1
1906988,1,0,0_okno_n1
1907015,3,0,0_okno_n1
1907075,0,0,0_okno_n1
1907218,0,0,0_okno_n2
1907231,2,0,0_okno_n2
1907233,0,0,0_okno_n1
1907290,2,0,0_okno_n2
1907406,3,0,0_okno_n2
1907420,0,0,0_okno_n1
1907593,2,0,0_okno_n1
1907599,4,0,0_okno_n1
1907631,0,0,0_okno_n1
1907664,3,0,0_okno_n1
1907740,2,0,0_okno_n3-4
1907746,3,0,0_okno_n1
1907765,0,0,0_okno_n1
1907796,4,0,0_okno_n1
1907832,3,0,0_okno_n3-4
1907858,0,0,0_okno_n1
1907964,2,0,0_okno_n1
1907986,2,0,0_okno_n5+
1907991,0,0,0_okno_n1
1907993,0,0,0_okno_n1
1908056,0,0,0_okno_n2
1908066,1,0,0_okno_n1
1908139,1,0,0_okno_n1
1908161,2,0,0_okno_n2
1908212,3,0,0_okno_n2
1908359,1,0,0_okno_n2
1908402,3,0,0_okno_n1
1908468,0,0,0_okno_n1
1908575,2,0,0_okno_n1
1908591,3,0,0_okno_n2
1908598,2,0,0_okno_n1
1908599,0,0,0_okno_n1
1908610,1,0,0_okno_n1
1908708,4,0,0_okno_n2
1908773,0,0,0_okno_n1
1908775,0,0,0_okno_n3-4
1908789,4,0,0_okno_n2
1908811,2,0,0_okno_n1
1908836,1,0,0_okno_n5+
1908937,3,0,0_okno_n2
1908986,3,0,0_okno_n2
1909007,4,0,0_okno_n1
1909159,1,0,0_okno_n1
1909165,2,0,0_okno_n3-4
1909262,3,0,0_okno_n1
1909268,3,0,0_okno_n2
1909314,0,0,0_okno_n1
1909324,3,0,0_okno_n3-4
1909367,2,0,0_okno_n1
1909381,2,0,0_okno_n1
1909411,0,0,0_okno_n3-4
1909574,3,0,0_okno_n2
1909630,0,0,0_okno_n1
1909913,1,0,0_okno_n1
1909942,1,0,0_okno_n3-4
1910092,2,0,0_okno_n1
1910093,3,0,0_okno_n1
1910227,3,0,0_okno_n1
1910281,2,0,0_okno_n1
1910325,0,0,0_okno_n2
1910335,2,0,0_okno_n3-4
1910368,2,0,0_okno_n1
1910545,3,0,0_okno_n1
1910666,4,0,0_okno_n1
1910719,3,0,0_okno_n1
1910740,4,0,0_okno_n2
1910761,1,0,0_okno_n1
1910804,0,0,0_okno_n1
1910817,1,0,0_okno_n1
1910938,3,0,0_okno_n1
1910953,0,0,0_okno_n1
1910958,2,0,0_okno_n1
1911015,4,0,0_okno_n2
1911105,3,0,0_okno_n1
1911108,0,0,0_okno_n1
1911133,3,0,0_okno_n1
1911201,1,0,0_okno_n2
1911256,0,0,0_okno_n3-4
1911367,3,0,0_okno_n1
1911376,0,0,0_okno_n1
1911389,1,0,0_okno_n2
1911616,0,0,0_okno_n2
1911633,0,0,0_okno_n2
1911724,1,0,0_okno_n1
1911847,2,0,0_okno_n1
1911856,1,0,0_okno_n1
1911883,0,0,0_okno_n1
1911903,3,0,0_okno_n2
1911985,1,0,0_okno_n1
1912000,4,0,0_okno_n2
1912092,2,0,0_okno_n2
1912155,4,0,0_okno_n2
1912160,1,0,0_okno_n1
1912164,3,1,1_pozaokno_n1
1912269,3,0,0_okno_n1
1912393,1,0,0_okno_n1
1912418,2,0,0_okno_n5+
1912486,2,0,0_okno_n2
1912496,1,0,0_okno_n1
1912580,4,0,0_okno_n1
1912696,3,0,0_okno_n1
1912712,3,0,0_okno_n1
1912725,4,0,0_okno_n3-4
1912734,0,0,0_okno_n1
1912881,3,0,0_okno_n2
1912947,3,0,0_okno_n1
1912949,4,0,0_okno_n1
1913006,4,0,0_okno_n1
1913017,0,0,0_okno_n1
1913060,3,0,0_okno_n1
1913127,2,0,0_okno_n3-4
1913164,2,0,0_okno_n3-4
1913183,0,0,0_okno_n1
1913260,3,0,0_okno_n2
1913289,1,0,0_okno_n2
1913320,3,0,0_okno_n1
1913340,3,0,0_okno_n1
1913386,3,0,0_okno_n2
1913430,2,1,1_pozaokno_n5+
1913447,2,0,0_okno_n1
1913467,3,0,0_okno_n1
1913500,4,1,1_pozaokno_n1
1913513,3,0,0_okno_n1
1913560,4,0,0_okno_n2
1913594,3,0,0_okno_n1
1913791,1,0,0_okno_n5+
1913853,0,0,0_okno_n3-4
1913953,4,1,1_pozaokno_n1
1914014,0,0,0_okno_n1
1914034,3,0,0_okno_n3-4
1914072,1,0,0_okno_n2
1914109,4,0,0_okno_n1
1914169,4,0,0_okno_n1
1914257,4,0,0_okno_n1
1914289,3,0,0_okno_n2
1914360,0,0,0_okno_n1
1914384,1,0,0_okno_n1
1914454,3,0,0_okno_n1
1914472,2,0,0_okno_n2
1914506,4,0,0_okno_n1
1914509,4,0,0_okno_n1
1914510,0,0,0_okno_n1
1914571,3,0,0_okno_n5+
1914582,1,0,0_okno_n2
1914584,2,0,0_okno_n1
1914622,2,0,0_okno_n3-4
1914638,4,0,0_okno_n5+
1914639,1,0,0_okno_n1
1914655,0,0,0_okno_n1
1914682,3,0,0_okno_n1
1914763,3,0,0_okno_n1
1914822,0,0,0_okno_n3-4
1914827,4,0,0_okno_n1
1914831,3,0,0_okno_n1
1914977,2,0,0_okno_n1
1914994,0,0,0_okno_n1
1915061,1,0,0_okno_n1
1915077,1,0,0_okno_n2
1915097,1,0,0_okno_n2
1915121,0,0,0_okno_n3-4
1915159,2,0,0_okno_n1
1915190,0,0,0_okno_n1
1915255,4,0,0_okno_n1
1915330,3,0,0_okno_n1
1915454,0,0,0_okno_n3-4
1915459,4,0,0_okno_n3-4
1915477,3,0,0_okno_n5+
1915490,2,0,0_okno_n2
1915505,4,0,0_okno_n1
1915630,2,0,0_okno_n1
1915686,0,0,0_okno_n3-4
1915708,1,0,0_okno_n1
1915722,2,0,0_okno_n1
1915738,2,0,0_okno_n1
1915778,3,0,0_okno_n1
1915887,1,0,0_okno_n1
1915934,0,0,0_okno_n2
1915954,2,0,0_okno_n1
1915963,3,0,0_okno_n1
1915977,0,0,0_okno_n2
1916235,4,0,0_okno_n1
1916238,1,0,0_okno_n2
1916242,1,0,0_okno_n1
1916286,3,0,0_okno_n1
1916448,3,0,0_okno_n2
1916494,4,0,0_okno_n1
1916508,0,0,0_okno_n1
1916542,2,0,0_okno_n1
1916600,0,0,0_okno_n1
1916626,0,0,0_okno_n2
1916770,1,0,0_okno_n3-4
1916846,1,0,0_okno_n1
1916903,2,0,0_okno_n2
1916939,4,0,0_okno_n1
1916986,1,0,0_okno_n1
1917016,0,0,0_okno_n1
1917098,1,0,0_okno_n1
1917148,1,0,0_okno_n1
1917169,3,0,0_okno_n3-4
1917182,3,0,0_okno_n5+
1917212,0,0,0_okno_n3-4
1917241,4,0,0_okno_n1
1917427,1,0,0_okno_n1
1917538,0,0,0_okno_n1
1917565,2,0,0_okno_n2
1917583,0,0,0_okno_n5+
1917682,4,0,0_okno_n2
1917710,2,0,0_okno_n5+
1917762,1,0,0_okno_n1
1917802,0,0,0_okno_n1
1917821,4,0,0_okno_n1
1917909,3,0,0_okno_n1
1917948,2,0,0_okno_n1
1917977,2,0,0_okno_n1
1918086,1,0,0_okno_n5+
1918093,3,0,0_okno_n1
1918189,2,0,0_okno_n1
1918318,2,0,0_okno_n3-4
1918340,0,0,0_okno_n3-4
1918417,0,0,0_okno_n1
1918474,0,0,0_okno_n5+
1918497,4,0,0_okno_n1
1918588,3,0,0_okno_n1
1918593,1,1,1_pozaokno_n3-4
1918628,3,0,0_okno_n1
1918635,2,0,0_okno_n1
1918731,2,0,0_okno_n3-4
1918759,2,0,0_okno_n1
1918761,2,0,0_okno_n2
1918808,2,0,0_okno_n1
1918831,1,0,0_okno_n1
1918848,0,0,0_okno_n1
1918878,4,0,0_okno_n2
1918943,1,0,0_okno_n1
1918959,4,0,0_okno_n1
1919055,2,0,0_okno_n1
1919115,4,0,0_okno_n1
1919135,4,0,0_okno_n1
1919172,4,0,0_okno_n1
1919211,4,0,0_okno_n2
1919218,3,0,0_okno_n1
1919251,2,0,0_okno_n3-4
1919324,4,0,0_okno_n1
1919449,4,0,0_okno_n3-4
1919525,0,0,0_okno_n1
1919573,2,0,0_okno_n1
1919581,3,0,0_okno_n2
1919592,4,1,1_pozaokno_n1
1919607,0,0,0_okno_n3-4
1919644,3,0,0_okno_n1
1919663,0,0,0_okno_n1
1919666,0,0,0_okno_n1
1919754,1,0,0_okno_n2
1919851,1,0,0_okno_n1
1919870,0,0,0_okno_n1
1919888,4,0,0_okno_n1
1919929,0,0,0_okno_n1
1920023,3,0,0_okno_n1
1920116,0,0,0_okno_n3-4
1920157,3,0,0_okno_n1
1920186,4,0,0_okno_n3-4
1920260,0,0,0_okno_n1
1920333,4,0,0_okno_n3-4
1920389,4,0,0_okno_n1
1920468,1,0,0_okno_n1
1920516,4,0,0_okno_n5+
1920541,2,0,0_okno_n1
1920548,1,0,0_okno_n1
1920705,1,0,0_okno_n1
1920731,3,0,0_okno_n1
1920753,2,0,0_okno_n1
1920828,3,0,0_okno_n3-4
1920864,0,0,0_okno_n1
1920897,3,0,0_okno_n1
1920902,0,0,0_okno_n2
1920905,1,0,0_okno_n3-4
1920934,4,0,0_okno_n1
1920996,2,1,1_pozaokno_n1
1921001,3,0,0_okno_n1
1921035,2,0,0_okno_n3-4
1921119,3,0,0_okno_n1
1921188,1,0,0_okno_n1
1921195,2,0,0_okno_n1
1921200,0,0,0_okno_n2
1921319,3,0,0_okno_n1
1921371,0,0,0_okno_n2
1921377,1,0,0_okno_n1
1921434,4,0,0_okno_n2
1921442,2,0,0_okno_n1
1921552,2,0,0_okno_n1
1921556,3,0,0_okno_n1
1921562,2,0,0_okno_n1
1921596,2,0,0_okno_n1
1921618,1,0,0_okno_n1
1921683,2,0,0_okno_n3-4
1921686,0,0,0_okno_n2
1921738,2,0,0_okno_n1
1921758,0,0,0_okno_n1
1921788,2,0,0_okno_n1
1921809,2,0,0_okno_n1
1921840,1,0,0_okno_n1
1921877,0,1,1_pozaokno_n2
1921923,2,0,0_okno_n1
1922043,4,0,0_okno_n1
1922064,1,0,0_okno_n1
1922112,0,0,0_okno_n2
1922113,4,0,0_okno_n3-4
1922116,4,0,0_okno_n1
1922129,2,0,0_okno_n1
1922219,4,0,0_okno_n2
1922275,1,0,0_okno_n2
1922306,0,0,0_okno_n1
1922416,2,0,0_okno_n1
1922615,1,0,0_okno_n2
1922645,4,0,0_okno_n1
1922738,0,0,0_okno_n1
1922761,2,0,0_okno_n1
1922817,2,0,0_okno_n5+
1922896,1,0,0_okno_n5+
1923011,4,0,0_okno_n1
1923039,3,0,0_okno_n1
1923044,1,0,0_okno_n1
1923087,2,0,0_okno_n5+
1923196,4,0,0_okno_n1
1923208,1,0,0_okno_n1
1923209,4,0,0_okno_n1
1923254,2,0,0_okno_n1
1923260,0,0,0_okno_n3-4
1923381,0,0,0_okno_n1
1923455,1,0,0_okno_n3-4
1923457,1,0,0_okno_n5+
1923601,1,0,0_okno_n3-4
1923725,3,0,0_okno_n1
1923781,0,0,0_okno_n2
1923786,1,0,0_okno_n1
1923838,2,0,0_okno_n2
1923903,3,1,1_pozaokno_n5+
1924027,4,0,0_okno_n2
1924033,4,0,0_okno_n1
1924038,2,0,0_okno_n3-4
1924081,4,0,0_okno_n2
1924281,3,0,0_okno_n2
1924348,2,0,0_okno_n2
1924376,1,0,0_okno_n1
1924396,3,0,0_okno_n1
1924549,1,0,0_okno_n1
1924563,0,0,0_okno_n3-4
1924582,3,0,0_okno_n3-4
1924667,2,0,0_okno_n2
1924813,1,0,0_okno_n2
1924914,4,0,0_okno_n1
1924997,0,0,0_okno_n2
1925050,3,0,0_okno_n2
1925087,0,0,0_okno_n1
1925115,3,0,0_okno_n2
1925206,1,0,0_okno_n2
1925234,3,0,0_okno_n2
1925380,0,0,0_okno_n2
1925413,2,0,0_okno_n3-4
1925541,4,0,0_okno_n1
1925594,4,1,1_pozaokno_n5+
1925638,2,0,0_okno_n5+
1925641,1,0,0_okno_n3-4
1925725,1,0,0_okno_n1
1925733,2,0,0_okno_n1
1925779,4,0,0_okno_n2
1925880,4,0,0_okno_n1
1925887,3,0,0_okno_n3-4
1925919,4,0,0_okno_n3-4
1926220,1,0,0_okno_n1
1926223,4,0,0_okno_n2
1926248,4,0,0_okno_n1
1926257,4,0,0_okno_n3-4
1926388,0,0,0_okno_n2
1926448,2,1,1_pozaokno_n1
1926487,3,0,0_okno_n1
1926601,4,0,0_okno_n2
1926660,3,0,0_okno_n1
1926663,1,0,0_okno_n3-4
1926713,4,0,0_okno_n2
1926744,3,0,0_okno_n1
1926871,0,0,0_okno_n1
1927169,4,0,0_okno_n2
1927244,1,0,0_okno_n1
1927276,0,0,0_okno_n3-4
1927319,3,0,0_okno_n1
1927340,0,0,0_okno_n3-4
1927404,1,0,0_okno_n1
1927430,1,0,0_okno_n1
1927502,4,0,0_okno_n3-4
1927524,1,0,0_okno_n1
1927534,4,0,0_okno_n1
1927635,0,1,1_pozaokno_n3-4
1927777,3,0,0_okno_n1
1927782,3,0,0_okno_n1
1928012,1,0,0_okno_n1
1928182,0,0,0_okno_n1
1928184,0,0,0_okno_n1
1928198,3,0,0_okno_n1
1928201,4,0,0_okno_n2
1928324,4,0,0_okno_n2
1928356,4,0,0_okno_n1
1928425,2,0,0_okno_n1
1928463,4,0,0_okno_n1
1928502,0,0,0_okno_n2
1928593,3,0,0_okno_n1
1928830,4,0,0_okno_n1
1928891,1,0,0_okno_n1
1928939,2,0,0_okno_n2
1929011,0,0,0_okno_n1
1929033,1,0,0_okno_n5+
1929050,0,0,0_okno_n2
1929062,3,0,0_okno_n1
1929095,4,0,0_okno_n1
1929215,1,0,0_okno_n1
1929219,3,0,0_okno_n1
1929322,0,0,0_okno_n1
1929408,0,0,0_okno_n1
1929472,2,0,0_okno_n1
1929487,0,0,0_okno_n1
1929556,1,0,0_okno_n1
1929565,2,0,0_okno_n1
1929602,2,0,0_okno_n5+
1929616,1,0,0_okno_n1
1929672,0,0,0_okno_n2
1929699,2,0,0_okno_n1
1929725,1,0,0_okno_n5+
1929728,0,0,0_okno_n5+
1929737,1,0,0_okno_n1
1929790,1,0,0_okno_n3-4
1929793,3,0,0_okno_n3-4
1929817,2,0,0_okno_n2
1929834,0,0,0_okno_n1
1930346,0,0,0_okno_n1
1930369,2,0,0_okno_n1
1930436,4,0,0_okno_n3-4
1930495,0,0,0_okno_n1
1930560,1,0,0_okno_n2
1930771,0,0,0_okno_n2
1930994,0,0,0_okno_n1
1931062,3,0,0_okno_n1
1931082,0,0,0_okno_n2
1931095,0,0,0_okno_n1
1931134,4,0,0_okno_n1
1931153,2,0,0_okno_n1
1931162,2,0,0_okno_n1
1931213,1,0,0_okno_n1
1931233,4,0,0_okno_n1
1931271,0,0,0_okno_n1
1931275,3,0,0_okno_n1
1931343,3,0,0_okno_n1
1931401,2,0,0_okno_n2
1931412,4,0,0_okno_n1
1931423,3,0,0_okno_n2
1931522,3,0,0_okno_n1
1931624,2,0,0_okno_n1
1931651,4,0,0_okno_n2
1931690,2,0,0_okno_n2
1931772,0,0,0_okno_n1
1931801,2,0,0_okno_n2
1931821,4,0,0_okno_n1
1931845,3,0,0_okno_n1
1931919,4,0,0_okno_n3-4
1931979,3,0,0_okno_n2
1932181,4,0,0_okno_n1
1932348,4,0,0_okno_n1
1932378,2,0,0_okno_n1
1932412,4,0,0_okno_n2
1932495,3,0,0_okno_n2
1932529,4,0,0_okno_n1
1932567,1,0,0_okno_n1
1932640,4,0,0_okno_n1
1932674,0,0,0_okno_n1
1932679,0,0,0_okno_n1
1932699,0,0,0_okno_n1
1932716,0,0,0_okno_n1
1932791,4,0,0_okno_n5+
1932793,3,0,0_okno_n1
1932879,2,0,0_okno_n3-4
1933033,4,0,0_okno_n1
1933080,1,0,0_okno_n3-4
1933188,2,0,0_okno_n2
1933191,2,0,0_okno_n1
1933360,2,0,0_okno_n1
1933417,0,0,0_okno_n1
1933421,4,0,0_okno_n1
1933436,4,0,0_okno_n2
1933478,2,0,0_okno_n3-4
1933642,1,0,0_okno_n1
1933705,1,0,0_okno_n1
1933786,0,0,0_okno_n1
1933806,3,0,0_okno_n2
1933828,3,0,0_okno_n1
1933934,2,0,0_okno_n2
1933961,2,0,0_okno_n1
1934038,3,0,0_okno_n1
1934153,3,0,0_okno_n2
1934289,2,0,0_okno_n5+
1934561,2,0,0_okno_n1
1934653,0,0,0_okno_n1
1934732,0,0,0_okno_n5+
1934733,1,0,0_okno_n1
1934784,0,0,0_okno_n1
1934813,1,0,0_okno_n2
1934845,4,0,0_okno_n1
1934871,0,0,0_okno_n1
1934902,0,0,0_okno_n2
1934915,0,0,0_okno_n1
1934957,3,1,1_pozaokno_n5+
1934975,3,0,0_okno_n2
1934988,2,0,0_okno_n2
1934989,4,0,0_okno_n1
1934993,1,0,0_okno_n1
1935093,4,0,0_okno_n5+
1935111,4,0,0_okno_n1
1935166,4,0,0_okno_n1
1935259,3,1,1_pozaokno_n5+
1935264,4,0,0_okno_n2
1935280,3,0,0_okno_n2
1935300,0,0,0_okno_n1
1935344,4,0,0_okno_n1
1935380,0,0,0_okno_n3-4
1935429,1,0,0_okno_n2
1935499,2,0,0_okno_n1
1935630,3,0,0_okno_n1
1935641,3,0,0_okno_n3-4
1935644,1,0,0_okno_n2
1935669,4,1,1_pozaokno_n2
1935743,4,0,0_okno_n1
1936052,1,0,0_okno_n5+
1936064,1,0,0_okno_n1
1936082,2,0,0_okno_n1
1936092,1,0,0_okno_n1
1936095,1,0,0_okno_n1
1936145,3,0,0_okno_n2
1936156,1,0,0_okno_n3-4
1936318,0,0,0_okno_n1
1936329,4,0,0_okno_n1
1936505,0,0,0_okno_n1
1936621,3,0,0_okno_n1
1936639,0,0,0_okno_n5+
1936668,3,0,0_okno_n1
1936746,0,0,0_okno_n1
1936829,3,0,0_okno_n3-4
1936980,2,0,0_okno_n2
1937004,2,0,0_okno_n1
1937031,0,0,0_okno_n5+
1937085,1,0,0_okno_n1
1937111,3,0,0_okno_n5+
1937379,1,0,0_okno_n1
1937387,1,0,0_okno_n1
1937392,1,0,0_okno_n1
1937406,1,0,0_okno_n3-4
1937408,1,0,0_okno_n2
1937564,0,0,0_okno_n2
1937733,1,1,1_pozaokno_n1
1937777,3,0,0_okno_n1
1937786,1,0,0_okno_n2
1937792,0,0,0_okno_n1
1937817,0,0,0_okno_n2
1937867,0,0,0_okno_n1
1937900,0,0,0_okno_n2
1937926,3,0,0_okno_n3-4
1937978,1,1,1_pozaokno_n2
1937994,4,0,0_okno_n1
1938078,2,0,0_okno_n1
1938088,2,0,0_okno_n2
1938117,0,0,0_okno_n1
1938170,0,0,0_okno_n3-4
1938237,3,0,0_okno_n5+
1938276,4,0,0_okno_n1
1938437,2,0,0_okno_n2
1938518,4,0,0_okno_n1
1938637,2,0,0_okno_n2
1938917,2,0,0_okno_n1
1938977,4,0,0_okno_n1
1939001,3,0,0_okno_n1
1939005,1,0,0_okno_n5+
1939011,2,0,0_okno_n3-4
1939094,0,0,0_okno_n2
1939122,4,0,0_okno_n2
1939128,3,0,0_okno_n2
1939141,3,0,0_okno_n1
1939281,2,0,0_okno_n1
1939336,4,1,1_pozaokno_n1
1939339,4,0,0_okno_n2
1939439,0,0,0_okno_n1
1939447,2,0,0_okno_n2
1939493,3,0,0_okno_n1
1939510,4,0,0_okno_n1
1939542,1,0,0_okno_n1
1939656,2,0,0_okno_n1
1939765,3,0,0_okno_n1
1939811,0,0,0_okno_n1
1939955,4,0,0_okno_n1
1939960,0,0,0_okno_n1
1940096,1,0,0_okno_n1
1940103,2,0,0_okno_n1
1940122,1,0,0_okno_n1
1940131,0,0,0_okno_n1
1940245,3,0,0_okno_n1
1940297,3,0,0_okno_n3-4
1940439,3,0,0_okno_n1
1940463,4,0,0_okno_n2
1940516,1,0,0_okno_n1
1940633,1,0,0_okno_n1
1940819,2,0,0_okno_n2
1940868,0,0,0_okno_n1
1941042,0,0,0_okno_n1
1941052,0,0,0_okno_n1
1941119,2,0,0_okno_n1
1941120,2,0,0_okno_n5+
1941219,0,0,0_okno_n2
1941221,4,0,0_okno_n1
1941228,0,0,0_okno_n1
1941545,0,0,0_okno_n3-4
1941787,0,0,0_okno_n1
1941791,3,0,0_okno_n1
1941806,3,0,0_okno_n1
1941868,2,0,0_okno_n2
1941913,3,0,0_okno_n1
1941956,3,0,0_okno_n1
1941986,0,0,0_okno_n5+
1942120,1,1,1_pozaokno_n3-4
1942176,4,0,0_okno_n1
1942202,3,0,0_okno_n1
1942236,0,0,0_okno_n1
1942238,2,0,0_okno_n1
1942275,4,1,1_pozaokno_n2
1942288,4,0,0_okno_n1
1942296,4,0,0_okno_n1
1942325,2,0,0_okno_n1
1942402,4,0,0_okno_n1
1942420,3,0,0_okno_n3-4
1942568,1,0,0_okno_n1
1942583,4,0,0_okno_n1
1942619,2,1,1_pozaokno_n2
1942701,0,0,0_okno_n1
1942704,4,0,0_okno_n3-4
1942749,4,0,0_okno_n1
1942887,2,0,0_okno_n1
1942890,2,0,0_okno_n1
1942954,2,0,0_okno_n1
1943010,3,0,0_okno_n1
1943253,3,0,0_okno_n1
1943350,1,0,0_okno_n1
1943387,4,0,0_okno_n3-4
1943410,0,0,0_okno_n2
1943426,1,0,0_okno_n3-4
1943472,3,0,0_okno_n2
1943482,0,0,0_okno_n3-4
1943498,3,0,0_okno_n3-4
1943512,2,0,0_okno_n1
1943523,2,0,0_okno_n2
1943594,0,0,0_okno_n2
1943723,2,0,0_okno_n3-4
1943768,3,0,0_okno_n1
1943810,0,0,0_okno_n2
1943895,4,0,0_okno_n2
1943897,1,0,0_okno_n3-4
1943917,2,0,0_okno_n3-4
1943920,3,0,0_okno_n2
1943937,0,0,0_okno_n2
1943958,0,0,0_okno_n1
1944026,2,1,1_pozaokno_n5+
1944034,4,0,0_okno_n1
1944037,0,0,0_okno_n2
1944156,0,0,0_okno_n2
1944191,0,0,0_okno_n1
1944234,1,0,0_okno_n2
1944266,0,0,0_okno_n2
1944328,3,0,0_okno_n1
1944359,3,0,0_okno_n1
1944360,1,0,0_okno_n1
1944405,0,0,0_okno_n3-4
1944433,2,0,0_okno_n1
1944461,3,0,0_okno_n1
1944463,0,0,0_okno_n2
1944479,0,0,0_okno_n2
1944488,3,0,0_okno_n5+
1944532,3,0,0_okno_n3-4
1944745,1,0,0_okno_n1
1944747,0,0,0_okno_n1
1944750,3,1,1_pozaokno_n2
1944798,4,0,0_okno_n1
1944816,3,0,0_okno_n1
1944830,3,0,0_okno_n5+
1944861,1,0,0_okno_n3-4
1945107,3,0,0_okno_n2
1945135,3,0,0_okno_n1
1945277,4,0,0_okno_n1
1945349,4,0,0_okno_n2
1945373,1,0,0_okno_n2
1945480,4,0,0_okno_n2
1945482,0,1,1_pozaokno_n3-4
1945570,0,0,0_okno_n3-4
1945699,3,0,0_okno_n1
1945716,3,0,0_okno_n1
1945724,4,0,0_okno_n2
1945790,4,0,0_okno_n1
1945797,3,0,0_okno_n1
1945813,4,0,0_okno_n3-4
1945815,0,0,0_okno_n3-4
1946147,2,0,0_okno_n1
1946197,2,0,0_okno_n3-4
1946257,3,0,0_okno_n3-4
1946318,1,0,0_okno_n1
1946339,0,0,0_okno_n1
1946376,1,0,0_okno_n2
1946412,2,0,0_okno_n2
1946468,0,0,0_okno_n1
1946486,0,0,0_okno_n1
1946510,2,0,0_okno_n1
1946521,0,0,0_okno_n1
1946597,3,1,1_pozaokno_n1
1946604,0,0,0_okno_n1
1946620,2,0,0_okno_n1
1946626,2,0,0_okno_n1
1946641,3,0,0_okno_n1
1946766,0,0,0_okno_n1
1946771,3,0,0_okno_n1
1946776,0,0,0_okno_n2
1946782,0,0,0_okno_n2
1946794,1,0,0_okno_n1
1947015,1,0,0_okno_n1
1947056,1,0,0_okno_n1
1947244,3,0,0_okno_n1
1947248,1,0,0_okno_n2
1947252,3,0,0_okno_n2
1947277,3,0,0_okno_n1
1947288,3,0,0_okno_n5+
1947313,2,0,0_okno_n3-4
1947315,1,0,0_okno_n2
1947336,2,0,0_okno_n2
1947387,1,0,0_okno_n1
1947397,0,1,1_pozaokno_n1
1947453,3,0,0_okno_n1
1947539,1,0,0_okno_n1
1947602,3,0,0_okno_n1
1947653,2,0,0_okno_n1
1947704,2,0,0_okno_n1
1947859,4,0,0_okno_n1
1947861,4,0,0_okno_n5+
1947867,0,0,0_okno_n1
1947985,3,0,0_okno_n3-4
1948012,4,0,0_okno_n1
1948312,3,0,0_okno_n3-4
1948335,3,0,0_okno_n1
1948418,2,0,0_okno_n2
1948425,3,0,0_okno_n2
1948485,3,0,0_okno_n1
1948505,2,0,0_okno_n2
1948557,4,0,0_okno_n1
1948613,4,0,0_okno_n3-4
1948675,2,1,1_pozaokno_n1
1948936,2,0,0_okno_n1
1948967,0,0,0_okno_n5+
1949036,3,0,0_okno_n1
1949101,4,0,0_okno_n2
1949196,2,0,0_okno_n1
1949243,3,0,0_okno_n1
1949268,1,0,0_okno_n2
1949299,1,0,0_okno_n1
1949310,2,0,0_okno_n2
1949311,1,0,0_okno_n1
1949417,0,0,0_okno_n3-4
1949446,2,0,0_okno_n2
1949634,1,0,0_okno_n1
1949725,2,0,0_okno_n1
1949769,4,0,0_okno_n3-4
1949801,0,0,0_okno_n1
1949867,4,0,0_okno_n1
1949941,0,0,0_okno_n1
1950000,0,0,0_okno_n1
1950049,4,0,0_okno_n2
1950176,0,0,0_okno_n2
1950205,2,0,0_okno_n1
1950247,2,0,0_okno_n1
1950364,3,0,0_okno_n3-4
1950377,2,0,0_okno_n1
1950397,0,0,0_okno_n1
1950778,1,0,0_okno_n1
1950939,1,0,0_okno_n1
1950995,3,0,0_okno_n1
1951014,4,0,0_okno_n2
1951031,3,0,0_okno_n3-4
1951076,4,0,0_okno_n3-4
1951119,0,0,0_okno_n1
1951139,4,0,0_okno_n1
1951195,1,0,0_okno_n1
1951264,0,0,0_okno_n2
1951272,1,0,0_okno_n1
1951321,3,0,0_okno_n1
1951400,1,0,0_okno_n1
1951419,4,0,0_okno_n1
1951512,0,0,0_okno_n3-4
1951528,0,0,0_okno_n3-4
1951554,2,0,0_okno_n1
1951586,4,0,0_okno_n1
1951627,2,0,0_okno_n1
1951630,1,0,0_okno_n1
1951675,0,0,0_okno_n2
1951748,3,0,0_okno_n1
1951752,4,0,0_okno_n1
1951776,4,0,0_okno_n3-4
1951788,1,0,0_okno_n1
1952080,0,1,1_pozaokno_n2
1952121,3,0,0_okno_n2
1952186,1,0,0_okno_n1
1952237,4,0,0_okno_n1
1952250,1,0,0_okno_n3-4
1952271,1,0,0_okno_n1
1952312,2,0,0_okno_n5+
1952473,0,0,0_okno_n2
1952516,1,0,0_okno_n3-4
1952584,2,0,0_okno_n3-4
1952767,4,0,0_okno_n1
1952924,0,0,0_okno_n1
1952938,4,0,0_okno_n3-4
1952944,3,0,0_okno_n3-4
1953003,2,0,0_okno_n1
1953094,0,0,0_okno_n1
1953168,2,0,0_okno_n1
1953295,4,0,0_okno_n1
1953330,0,0,0_okno_n3-4
1953368,4,0,0_okno_n1
1953462,3,0,0_okno_n3-4
1953600,3,0,0_okno_n2
1953649,0,0,0_okno_n2
1953851,0,0,0_okno_n1
1953878,3,0,0_okno_n1
1953930,1,0,0_okno_n1
1953944,4,0,0_okno_n2
1953981,3,0,0_okno_n1
1954033,4,0,0_okno_n1
1954043,1,1,1_pozaokno_n1
1954255,3,0,0_okno_n1
1954301,2,0,0_okno_n1
1954304,2,0,0_okno_n2
1954356,4,0,0_okno_n1
1954481,3,0,0_okno_n1
1954571,0,1,1_pozaokno_n1
1954592,1,0,0_okno_n3-4
1954608,1,0,0_okno_n1
1954621,2,0,0_okno_n1
1954630,0,0,0_okno_n1
1954650,1,0,0_okno_n2
1954743,2,0,0_okno_n1
1954757,2,0,0_okno_n1
1954772,4,0,0_okno_n2
1954817,1,0,0_okno_n2
1954820,4,0,0_okno_n1
1954821,0,0,0_okno_n1
1954849,0,0,0_okno_n2
1954876,4,0,0_okno_n1
1954923,3,0,0_okno_n3-4
1954927,4,0,0_okno_n1
1954930,1,0,0_okno_n3-4
1955066,3,0,0_okno_n1
1955135,0,0,0_okno_n1
1955180,1,0,0_okno_n1
1955372,1,0,0_okno_n1
1955375,4,0,0_okno_n1
1955446,4,0,0_okno_n3-4
1955517,2,0,0_okno_n2
1955571,3,0,0_okno_n1
1955590,3,1,1_pozaokno_n1
1955652,2,0,0_okno_n3-4
1955739,3,0,0_okno_n1
1955825,2,0,0_okno_n1
1955890,3,0,0_okno_n1
1955911,4,0,0_okno_n1
1956160,0,0,0_okno_n1
1956169,0,0,0_okno_n1
1956226,0,0,0_okno_n1
1956253,3,0,0_okno_n1
1956281,3,0,0_okno_n2
1956353,4,0,0_okno_n1
1956357,4,0,0_okno_n1
1956580,0,0,0_okno_n1
1956685,2,0,0_okno_n1
1956732,2,0,0_okno_n1
1956741,0,0,0_okno_n1
1956757,0,0,0_okno_n1
1956763,2,0,0_okno_n1
1956805,2,0,0_okno_n1
1956851,3,0,0_okno_n1
1956882,1,0,0_okno_n1
1956896,4,0,0_okno_n1
1956898,0,0,0_okno_n3-4
1956952,2,0,0_okno_n1
1956971,1,0,0_okno_n5+
1957000,0,0,0_okno_n1
1957055,4,0,0_okno_n2
1957058,0,0,0_okno_n5+
1957062,3,0,0_okno_n1
1957072,3,0,0_okno_n1
1957170,1,0,0_okno_n1
1957187,1,0,0_okno_n1
1957205,4,0,0_okno_n3-4
1957289,0,0,0_okno_n1
1957387,1,0,0_okno_n2
1957388,1,1,1_pozaokno_n1
1957496,4,0,0_okno_n1
1957570,3,0,0_okno_n3-4
1957575,4,0,0_okno_n1
1957578,1,0,0_okno_n3-4
1957747,2,0,0_okno_n3-4
1957907,2,0,0_okno_n1
1957958,3,0,0_okno_n1
1957960,2,0,0_okno_n1
1957986,1,0,0_okno_n1
1957989,1,0,0_okno_n1
1957992,3,0,0_okno_n1
1958014,1,0,0_okno_n1
1958132,2,0,0_okno_n1
1958219,0,0,0_okno_n2
1958439,1,0,0_okno_n1
1958594,2,0,0_okno_n2
1958651,1,0,0_okno_n1
1958693,3,0,0_okno_n3-4
1958800,0,0,0_okno_n1
1958943,1,0,0_okno_n2
1958973,0,0,0_okno_n1
1959158,3,0,0_okno_n5+
1959222,1,0,0_okno_n1
1959265,0,0,0_okno_n2
1959284,4,0,0_okno_n1
1959450,1,0,0_okno_n2
1959481,0,0,0_okno_n1
1959897,0,0,0_okno_n2
1960205,1,1,1_pozaokno_n1
1960242,0,0,0_okno_n1
1960255,2,0,0_okno_n2
1960266,2,0,0_okno_n1
1960338,3,0,0_okno_n1
1960712,1,0,0_okno_n1
1960785,3,0,0_okno_n2
1960941,3,0,0_okno_n1
1960967,1,0,0_okno_n3-4
1961014,3,0,0_okno_n1
1961062,1,0,0_okno_n1
1961085,4,0,0_okno_n3-4
1961213,0,0,0_okno_n1
1961490,4,0,0_okno_n3-4
1961563,3,0,0_okno_n1
1961638,3,0,0_okno_n2
1961643,2,0,0_okno_n1
1961717,4,0,0_okno_n1
1961732,2,0,0_okno_n3-4
1961761,1,0,0_okno_n1
1961788,1,1,1_pozaokno_n1
1961914,3,0,0_okno_n2
1961989,3,0,0_okno_n3-4
1962037,1,0,0_okno_n3-4
1962084,4,0,0_okno_n1
1962137,0,0,0_okno_n1
1962170,1,0,0_okno_n2
1962175,4,0,0_okno_n2
1962196,1,0,0_okno_n2
1962224,2,0,0_okno_n1
1962257,2,0,0_okno_n2
1962347,2,0,0_okno_n1
1962354,0,0,0_okno_n1
1962395,0,0,0_okno_n1
1962406,4,0,0_okno_n3-4
1962519,1,0,0_okno_n2
1962556,4,0,0_okno_n2
1962559,3,0,0_okno_n1
1962595,2,0,0_okno_n1
1962661,3,0,0_okno_n1
1962665,0,0,0_okno_n1
1962687,2,1,1_okno_n1
1962795,3,0,0_okno_n1
1962803,2,0,0_okno_n2
1962809,4,0,0_okno_n1
1962820,3,1,1_pozaokno_n5+
1962824,4,0,0_okno_n1
1962840,1,0,0_okno_n1
1962906,3,0,0_okno_n1
1963154,0,0,0_okno_n1
1963239,0,0,0_okno_n3-4
1963320,3,0,0_okno_n3-4
1963359,4,0,0_okno_n2
1963473,3,0,0_okno_n1
1963574,4,0,0_okno_n2
1963652,4,0,0_okno_n2
1963907,1,0,0_okno_n1
1963969,4,0,0_okno_n1
1964036,1,0,0_okno_n1
1964053,1,1,1_pozaokno_n1
1964114,4,0,0_okno_n2
1964168,3,0,0_okno_n3-4
1964214,1,1,1_pozaokno_n2
1964367,2,0,0_okno_n1
1964461,0,0,0_okno_n1
1964681,4,0,0_okno_n2
1964690,3,0,0_okno_n2
1964733,0,0,0_okno_n2
1964830,3,1,1_pozaokno_n1
1964980,2,0,0_okno_n2
1965034,3,0,0_okno_n3-4
1965045,4,0,0_okno_n1
1965164,0,0,0_okno_n1
1965184,3,0,0_okno_n2
1965192,0,0,0_okno_n5+
1965210,0,0,0_okno_n1
1965216,3,0,0_okno_n3-4
1965335,0,0,0_okno_n3-4
1965431,3,0,0_okno_n1
1965471,4,0,0_okno_n1
1965475,4,0,0_okno_n1
1965608,2,0,0_okno_n3-4
1965610,1,0,0_okno_n1
1965632,0,0,0_okno_n1
1965647,3,0,0_okno_n3-4
1965650,4,0,0_okno_n1
1965695,4,0,0_okno_n3-4
1965789,4,0,0_okno_n1
1965801,1,0,0_okno_n1
1965825,2,0,0_okno_n1
1965915,0,0,0_okno_n1
1965975,4,0,0_okno_n1
1965998,0,0,0_okno_n1
1966012,2,0,0_okno_n1
1966022,4,1,1_pozaokno_n5+
1966026,1,0,0_okno_n1
1966033,0,0,0_okno_n1
1966036,0,0,0_okno_n5+
1966085,1,0,0_okno_n1
1966184,2,0,0_okno_n3-4
1966212,2,0,0_okno_n1
1966221,2,0,0_okno_n1
1966225,1,0,0_okno_n1
1966324,1,0,0_okno_n1
1966396,0,0,0_okno_n1
1966416,4,0,0_okno_n2
1966427,4,0,0_okno_n1
1966495,1,0,0_okno_n3-4
1966569,3,0,0_okno_n2
1966825,4,0,0_okno_n1
1966863,2,0,0_okno_n3-4
1966935,2,0,0_okno_n2
1967010,0,1,1_pozaokno_n2
1967133,2,0,0_okno_n1
1967137,2,0,0_okno_n1
1967144,3,0,0_okno_n1
1967148,0,0,0_okno_n1
1967163,0,0,0_okno_n1
1967171,3,0,0_okno_n1
1967199,3,0,0_okno_n2
1967350,2,0,0_okno_n1
1967371,3,0,0_okno_n1
1967390,4,0,0_okno_n2
1967401,1,0,0_okno_n3-4
1967405,0,0,0_okno_n1
1967408,0,0,0_okno_n3-4
1967428,3,0,0_okno_n1
1967447,2,0,0_okno_n2
1967475,3,0,0_okno_n2
1967497,3,0,0_okno_n1
1967546,3,0,0_okno_n2
1967643,0,1,1_pozaokno_n1
1967746,0,0,0_okno_n1
1967768,0,0,0_okno_n1
1967804,0,0,0_okno_n1
1967963,3,0,0_okno_n2
1968015,0,0,0_okno_n1
1968021,0,0,0_okno_n1
1968077,2,0,0_okno_n2
1968086,2,0,0_okno_n1
1968163,3,0,0_okno_n1
1968164,1,0,0_okno_n1
1968557,4,0,0_okno_n1
1968611,0,0,0_okno_n1
1968615,1,1,1_pozaokno_n2
1968620,2,0,0_okno_n1
1968631,0,0,0_okno_n2
1968647,3,0,0_okno_n1
1968673,2,0,0_okno_n1
1968688,2,0,0_okno_n2
1968709,4,0,0_okno_n1
1968721,1,0,0_okno_n2
1968732,0,0,0_okno_n1
1968904,0,0,0_okno_n1
1968928,2,0,0_okno_n3-4
1968932,4,0,0_okno_n2
1968983,0,0,0_okno_n1
1969063,0,0,0_okno_n3-4
1969103,2,0,0_okno_n3-4
1969126,4,1,1_pozaokno_n1
1969129,3,0,0_okno_n1
1969169,0,1,1_pozaokno_n5+
1969253,1,0,0_okno_n1
1969274,0,0,0_okno_n1
1969292,4,0,0_okno_n1
1969403,1,0,0_okno_n5+
1969411,4,0,0_okno_n1
1969501,1,1,1_pozaokno_n2
1969704,0,0,0_okno_n2
1969732,0,0,0_okno_n2
1969991,4,0,0_okno_n5+
1970094,2,0,0_okno_n3-4
1970105,0,0,0_okno_n2
1970191,2,0,0_okno_n5+
1970334,4,0,0_okno_n1
1970388,2,0,0_okno_n1
1970459,0,0,0_okno_n1
1970475,0,0,0_okno_n1
1970542,0,0,0_okno_n1
1970556,3,0,0_okno_n1
1970597,4,0,0_okno_n3-4
1970599,4,0,0_okno_n1
1970646,1,0,0_okno_n2
1970705,2,0,0_okno_n1
1970780,1,0,0_okno_n2
1970803,1,0,0_okno_n2
1970845,2,0,0_okno_n1
1970908,1,0,0_okno_n1
1970918,4,0,0_okno_n5+
1970923,0,0,0_okno_n1
1971111,1,0,0_okno_n1
1971245,1,0,0_okno_n2
1971262,2,0,0_okno_n2
1971264,2,0,0_okno_n1
1971289,4,0,0_okno_n5+
1971320,2,0,0_okno_n1
1971462,2,0,0_okno_n1
1971502,0,0,0_okno_n2
1971519,3,0,0_okno_n1
1971590,4,0,0_okno_n2
1971620,1,1,1_pozaokno_n1
1971650,3,0,0_okno_n1
1971692,0,0,0_okno_n2
1971728,4,0,0_okno_n1
1971748,2,0,0_okno_n1
1971831,2,0,0_okno_n1
1971856,0,0,0_okno_n1
1971918,3,0,0_okno_n5+
1971926,0,0,0_okno_n5+
1972018,3,0,0_okno_n1
1972049,1,0,0_okno_n1
1972113,2,0,0_okno_n1
1972142,0,0,0_okno_n2
1972148,3,0,0_okno_n1
1972177,3,0,0_okno_n1
1972302,4,0,0_okno_n2
1972406,2,0,0_okno_n1
1972418,0,0,0_okno_n1
1972486,1,0,0_okno_n2
1972636,1,0,0_okno_n3-4
1972653,2,0,0_okno_n1
1972657,0,0,0_okno_n1
1972779,3,0,0_okno_n1
1972813,4,0,0_okno_n2
1972865,2,0,0_okno_n1
1972896,3,0,0_okno_n2
1972939,2,0,0_okno_n1
1972997,1,0,0_okno_n1
1973074,3,0,0_okno_n3-4
1973083,4,0,0_okno_n1
1973117,1,0,0_okno_n3-4
1973150,1,0,0_okno_n2
1973176,2,0,0_okno_n1
1973215,2,0,0_okno_n1
1973248,0,0,0_okno_n5+
1973253,1,0,0_okno_n1
1973270,3,0,0_okno_n2
1973294,2,0,0_okno_n3-4
1973306,1,0,0_okno_n1
1973358,4,0,0_okno_n3-4
1973378,4,0,0_okno_n1
1973413,3,0,0_okno_n1
1973419,2,0,0_okno_n1
1973510,0,0,0_okno_n1
1973524,3,0,0_okno_n1
1973533,3,0,0_okno_n1
1973593,4,0,0_okno_n3-4
1973693,4,0,0_okno_n2
1973932,2,0,0_okno_n3-4
1973972,4,0,0_okno_n1
1973985,0,1,1_pozaokno_n5+
1974022,3,0,0_okno_n1
1974141,0,0,0_okno_n1
1974169,1,0,0_okno_n3-4
1974234,1,0,0_okno_n1
1974322,2,0,0_okno_n1
1974475,0,0,0_okno_n1
1974648,0,0,0_okno_n1
1974664,1,0,0_okno_n1
1974705,2,1,1_pozaokno_n3-4
1974846,3,0,0_okno_n2
1974916,3,0,0_okno_n1
1974940,1,0,0_okno_n2
1974996,4,0,0_okno_n2
1975033,3,0,0_okno_n1
1975071,4,0,0_okno_n1
1975084,0,1,1_okno_n2
1975100,2,0,0_okno_n2
1975159,4,0,0_okno_n2
1975263,0,1,1_pozaokno_n1
1975291,0,0,0_okno_n1
1975342,0,0,0_okno_n1
1975353,3,0,0_okno_n1
1975370,4,0,0_okno_n3-4
1975391,4,0,0_okno_n1
1975437,2,0,0_okno_n2
1975471,0,0,0_okno_n1
1975546,0,0,0_okno_n2
1975671,1,0,0_okno_n3-4
1975690,2,0,0_okno_n1
1975752,3,0,0_okno_n1
1975755,1,0,0_okno_n1
1975852,0,0,0_okno_n3-4
1975866,3,0,0_okno_n1
1975964,0,0,0_okno_n1
1975966,0,0,0_okno_n3-4
1976115,1,0,0_okno_n5+
1976127,1,0,0_okno_n1
1976130,3,0,0_okno_n1
1976141,3,0,0_okno_n3-4
1976157,4,0,0_okno_n2
1976174,2,0,0_okno_n1
1976293,3,0,0_okno_n1
1976335,2,0,0_okno_n1
1976365,0,0,0_okno_n1
1976500,2,0,0_okno_n1
1976558,4,0,0_okno_n1
1976568,3,0,0_okno_n2
1976599,0,0,0_okno_n1
1976632,3,0,0_okno_n2
1976732,1,1,1_pozaokno_n1
1976774,3,0,0_okno_n3-4
1976794,2,0,0_okno_n1
1976931,0,0,0_okno_n2
1976942,1,0,0_okno_n1
1977012,4,0,0_okno_n5+
1977046,4,0,0_okno_n1
1977063,3,0,0_okno_n1
1977122,1,0,0_okno_n3-4
1977198,0,0,0_okno_n2
1977235,3,0,0_okno_n3-4
1977303,2,0,0_okno_n1
1977353,4,0,0_okno_n1
1977462,3,0,0_okno_n1
1977483,0,0,0_okno_n3-4
1977605,0,0,0_okno_n2
1977649,2,0,0_okno_n1
1977706,1,0,0_okno_n1
1977807,4,0,0_okno_n1
1977834,4,0,0_okno_n1
1977860,3,0,0_okno_n1
1977925,0,0,0_okno_n3-4
1978081,2,0,0_okno_n1
1978192,1,0,0_okno_n1
1978297,4,0,0_okno_n1
1978310,4,0,0_okno_n1
1978375,2,0,0_okno_n1
1978415,0,0,0_okno_n1
1978425,3,0,0_okno_n1
1978586,4,0,0_okno_n3-4
1978638,4,0,0_okno_n1
1978656,0,0,0_okno_n1
1978679,2,0,0_okno_n1
1978728,1,0,0_okno_n1
1978856,1,0,0_okno_n1
1978876,4,0,0_okno_n1
1978968,0,0,0_okno_n1
1978998,2,0,0_okno_n1
1979007,1,0,0_okno_n2
1979022,2,0,0_okno_n1
1979061,2,0,0_okno_n2
1979094,4,0,0_okno_n1
1979292,3,0,0_okno_n1
1979351,2,0,0_okno_n1
1979366,0,1,1_pozaokno_n2
1979442,0,0,0_okno_n1
1979493,4,0,0_okno_n2
1979542,1,0,0_okno_n1
1979791,3,0,0_okno_n1
1979924,1,0,0_okno_n1
1979966,0,0,0_okno_n1
1980067,2,0,0_okno_n5+
1980083,0,0,0_okno_n1
1980085,0,0,0_okno_n1
1980186,0,0,0_okno_n1
1980261,4,0,0_okno_n1
1980312,2,0,0_okno_n1
1980370,2,0,0_okno_n2
1980552,2,0,0_okno_n1
1980614,3,0,0_okno_n1
1980678,0,0,0_okno_n5+
1980684,0,0,0_okno_n1
1980726,4,0,0_okno_n2
1980775,4,0,0_okno_n2
1980780,4,0,0_okno_n3-4
1980830,2,0,0_okno_n2
1981073,2,0,0_okno_n1
1981120,2,0,0_okno_n1
1981137,2,0,0_okno_n2
1981191,2,0,0_okno_n1
1981323,3,0,0_okno_n1
1981329,2,0,0_okno_n1
1981416,1,0,0_okno_n1
1981478,0,0,0_okno_n3-4
1981483,4,0,0_okno_n1
1981494,4,0,0_okno_n1
1981565,1,0,0_okno_n1
1981567,4,0,0_okno_n1
1981640,2,0,0_okno_n1
1981646,3,0,0_okno_n1
1981702,2,0,0_okno_n2
1981740,1,0,0_okno_n1
1981883,4,0,0_okno_n1
1981896,1,0,0_okno_n2
1981898,0,0,0_okno_n3-4
1981937,4,0,0_okno_n1
1981954,2,0,0_okno_n1
1981987,3,0,0_okno_n1
1981990,4,0,0_okno_n5+
1982011,1,0,0_okno_n5+
1982022,2,0,0_okno_n1
1982076,2,0,0_okno_n1
1982273,0,0,0_okno_n2
1982292,0,0,0_okno_n1
1982419,1,0,0_okno_n1
1982423,1,0,0_okno_n1
1982471,1,1,1_pozaokno_n5+
1982479,0,0,0_okno_n2
1982491,2,0,0_okno_n1
1982525,3,0,0_okno_n1
1982599,4,0,0_okno_n2
1982753,1,0,0_okno_n1
1982759,2,0,0_okno_n2
1982859,3,0,0_okno_n1
1982873,0,0,0_okno_n1
1982982,0,0,0_okno_n1
1983122,2,0,0_okno_n1
1983244,0,0,0_okno_n1
1983255,3,0,0_okno_n1
1983261,2,0,0_okno_n1
1983274,0,0,0_okno_n2
1983294,0,0,0_okno_n1
1983314,4,0,0_okno_n1
1983376,4,0,0_okno_n1
1983419,1,0,0_okno_n1
1983489,4,0,0_okno_n1
1983518,0,0,0_okno_n2
1983614,1,0,0_okno_n1
1983626,1,0,0_okno_n2
1983729,4,0,0_okno_n2
1983756,4,0,0_okno_n1
1983813,1,0,0_okno_n2
1983866,0,0,0_okno_n1
1983893,0,0,0_okno_n1
1983900,3,0,0_okno_n5+
1984007,4,0,0_okno_n5+
1984335,0,1,1_pozaokno_n2
1984349,1,0,0_okno_n5+
1984405,4,0,0_okno_n5+
1984483,3,0,0_okno_n1
1984487,0,0,0_okno_n2
1984492,1,0,0_okno_n1
1984586,4,0,0_okno_n1
1984606,2,0,0_okno_n1
1984694,0,0,0_okno_n1
1984708,3,0,0_okno_n1
1984800,0,0,0_okno_n1
1984809,1,0,0_okno_n1
1984860,3,0,0_okno_n2
1984949,1,0,0_okno_n1
1985094,3,0,0_okno_n3-4
1985287,0,0,0_okno_n1
1985334,0,0,0_okno_n1
1985356,4,0,0_okno_n3-4
1985361,2,0,0_okno_n1
1985420,0,0,0_okno_n2
1985456,3,0,0_okno_n1
1985480,2,0,0_okno_n1
1985523,4,0,0_okno_n1
1985555,1,0,0_okno_n2
1985656,0,0,0_okno_n1
1985666,2,0,0_okno_n2
1985688,3,0,0_okno_n1
1985829,4,0,0_okno_n2
1985851,2,0,0_okno_n2
1985884,3,0,0_okno_n1
1985886,3,0,0_okno_n1
1985939,3,0,0_okno_n3-4
1985987,3,0,0_okno_n1
1985993,4,0,0_okno_n1
1986000,4,0,0_okno_n1
1986022,4,0,0_okno_n2
1986080,3,0,0_okno_n3-4
1986086,4,0,0_okno_n1
1986098,0,0,0_okno_n2
1986100,4,0,0_okno_n2
1986185,2,0,0_okno_n1
1986240,2,0,0_okno_n1
1986266,2,0,0_okno_n1
1986268,2,0,0_okno_n2
1986488,3,0,0_okno_n1
1986503,1,0,0_okno_n1
1986532,1,0,0_okno_n3-4
1986563,2,0,0_okno_n1
1986571,1,0,0_okno_n1
1986696,0,0,0_okno_n1
1986731,2,0,0_okno_n2
1986827,3,0,0_okno_n1
1986832,4,0,0_okno_n1
1986871,4,0,0_okno_n1
1986909,1,0,0_okno_n3-4
1986968,0,0,0_okno_n2
1986978,4,0,0_okno_n3-4
1987136,0,0,0_okno_n1
1987158,2,0,0_okno_n3-4
1987160,1,0,0_okno_n1
1987170,0,0,0_okno_n3-4
1987176,4,0,0_okno_n3-4
1987286,2,0,0_okno_n1
1987327,4,0,0_okno_n1
1987491,0,0,0_okno_n1
1987569,0,0,0_okno_n1
1987626,0,0,0_okno_n1
1987633,4,0,0_okno_n2
1987704,1,0,0_okno_n2
1987715,1,1,1_pozaokno_n3-4
1987735,2,0,0_okno_n1
1987740,3,0,0_okno_n1
1987775,3,0,0_okno_n2
1987832,1,0,0_okno_n1
1987839,0,0,0_okno_n1
1987866,4,0,0_okno_n3-4
1987931,3,0,0_okno_n5+
1987945,0,0,0_okno_n5+
1987952,3,0,0_okno_n5+
1987957,3,0,0_okno_n1
1987965,3,0,0_okno_n1
1988069,3,0,0_okno_n1
1988083,4,0,0_okno_n1
1988104,2,0,0_okno_n1
1988126,0,0,0_okno_n1
1988194,3,0,0_okno_n2
1988220,3,0,0_okno_n1
1988336,3,0,0_okno_n1
1988337,2,0,0_okno_n1
1988488,3,1,1_pozaokno_n1
1988661,2,0,0_okno_n1
1988715,2,0,0_okno_n3-4
1988724,4,1,1_okno_n1
1988776,4,0,0_okno_n1
1988931,2,0,0_okno_n3-4
1988952,0,0,0_okno_n1
1988983,0,0,0_okno_n1
1989004,0,0,0_okno_n1
1989246,1,0,0_okno_n1
1989336,3,0,0_okno_n2
1989477,1,0,0_okno_n2
1989552,1,0,0_okno_n2
1989575,1,0,0_okno_n1
1989582,4,0,0_okno_n3-4
1989588,4,0,0_okno_n1
1989633,1,0,0_okno_n3-4
1989642,0,0,0_okno_n2
1989720,2,0,0_okno_n1
1989747,3,0,0_okno_n1
1989751,2,0,0_okno_n2
1989758,2,0,0_okno_n1
1989784,3,0,0_okno_n1
1989891,2,1,1_pozaokno_n1
1990017,2,0,0_okno_n1
1990123,2,0,0_okno_n3-4
1990193,4,0,0_okno_n1
1990233,1,0,0_okno_n1
1990238,2,0,0_okno_n2
1990274,1,0,0_okno_n1
1990281,2,0,0_okno_n1
1990388,4,0,0_okno_n1
1990481,4,0,0_okno_n1
1990532,2,0,0_okno_n1
1990585,0,1,1_pozaokno_n1
1990623,0,0,0_okno_n3-4
1990711,2,0,0_okno_n2
1990730,0,0,0_okno_n2
1990762,0,0,0_okno_n2
1990861,1,0,0_okno_n1
1990905,3,0,0_okno_n1
1990909,0,0,0_okno_n3-4
1990920,1,0,0_okno_n1
1991005,1,0,0_okno_n1
1991009,2,0,0_okno_n1
1991016,4,0,0_okno_n1
1991068,0,0,0_okno_n1
1991154,3,0,0_okno_n1
1991161,1,0,0_okno_n1
1991173,1,0,0_okno_n1
1991175,0,1,1_pozaokno_n1
1991181,2,0,0_okno_n1
1991453,4,0,0_okno_n1
1991480,0,0,0_okno_n2
1991542,0,0,0_okno_n2
1991548,4,0,0_okno_n5+
1991597,1,0,0_okno_n1
1991613,0,0,0_okno_n1
1991709,0,0,0_okno_n3-4
1991731,0,0,0_okno_n3-4
1991749,3,0,0_okno_n3-4
1991774,0,0,0_okno_n1
1991776,1,0,0_okno_n1
1991780,4,0,0_okno_n1
1991786,4,0,0_okno_n1
1991816,0,0,0_okno_n2
1991856,4,0,0_okno_n3-4
1991929,1,0,0_okno_n1
1991947,0,0,0_okno_n1
1992094,2,0,0_okno_n1
1992154,0,0,0_okno_n1
1992162,4,0,0_okno_n1
1992195,2,0,0_okno_n1
1992227,0,0,0_okno_n1
1992280,1,0,0_okno_n1
1992299,0,0,0_okno_n2
1992470,0,0,0_okno_n1
1992624,3,0,0_okno_n2
1992698,0,0,0_okno_n2
1992732,2,1,1_pozaokno_n3-4
1992763,1,0,0_okno_n1
1992969,3,0,0_okno_n1
1993096,4,0,0_okno_n1
1993116,1,0,0_okno_n1
1993175,1,0,0_okno_n1
1993209,3,0,0_okno_n3-4
1993235,0,1,1_pozaokno_n3-4
1993328,3,0,0_okno_n2
1993384,2,0,0_okno_n1
1993450,2,0,0_okno_n1
1993451,1,0,0_okno_n2
1993779,4,0,0_okno_n2
1993781,3,0,0_okno_n5+
1993783,2,0,0_okno_n1
1993860,1,0,0_okno_n3-4
1993933,3,1,1_pozaokno_n3-4
1994000,3,0,0_okno_n1
1994075,4,0,0_okno_n2
1994101,4,0,0_okno_n3-4
1994102,1,0,0_okno_n1
1994117,4,0,0_okno_n1
1994118,2,0,0_okno_n2
1994155,3,0,0_okno_n1
1994207,2,0,0_okno_n1
1994261,3,0,0_okno_n3-4
1994298,3,0,0_okno_n1
1994344,0,0,0_okno_n3-4
1994372,3,0,0_okno_n1
1994457,4,0,0_okno_n3-4
1994483,4,0,0_okno_n5+
1994623,0,0,0_okno_n1
1994890,3,0,0_okno_n2
1994941,4,0,0_okno_n1
1994979,1,0,0_okno_n1
1995037,1,0,0_okno_n1
1995198,1,0,0_okno_n1
1995260,2,0,0_okno_n1
1995349,0,0,0_okno_n3-4
1995419,1,1,1_pozaokno_n1
1995423,4,0,0_okno_n1
1995433,1,0,0_okno_n2
1995450,3,0,0_okno_n2
1995454,1,0,0_okno_n2
1995475,3,0,0_okno_n2
1995607,1,0,0_okno_n1
1995839,0,0,0_okno_n1
1995859,4,0,0_okno_n3-4
1995945,4,0,0_okno_n1
1996068,1,0,0_okno_n3-4
1996166,1,0,0_okno_n2
1996242,0,0,0_okno_n1
1996252,4,0,0_okno_n5+
1996304,0,0,0_okno_n2
1996371,1,0,0_okno_n1
1996400,0,0,0_okno_n2
1996415,3,0,0_okno_n3-4
1996423,4,0,0_okno_n3-4
1996433,2,0,0_okno_n2
1996501,3,0,0_okno_n1
1996605,0,0,0_okno_n2
1996701,2,0,0_okno_n1
1996887,4,0,0_okno_n1
1996929,3,0,0_okno_n1
1997170,0,0,0_okno_n1
1997225,4,0,0_okno_n1
1997233,4,1,1_pozaokno_n1
1997243,4,0,0_okno_n1
1997284,3,0,0_okno_n1
1997319,3,0,0_okno_n3-4
1997347,1,0,0_okno_n1
1997360,1,0,0_okno_n2
1997443,0,0,0_okno_n1
1997589,1,0,0_okno_n1
1997710,2,0,0_okno_n1
1997741,4,0,0_okno_n1
1997752,0,0,0_okno_n1
1997764,0,0,0_okno_n2
1997877,3,0,0_okno_n2
1997933,1,0,0_okno_n2
1997994,3,0,0_okno_n1
1998136,1,0,0_okno_n1
1998143,1,0,0_okno_n3-4
1998176,2,0,0_okno_n1
1998320,0,0,0_okno_n2
1998344,0,0,0_okno_n1
1998538,3,0,0_okno_n1
1998637,4,0,0_okno_n1
1998669,3,0,0_okno_n1
1998696,0,0,0_okno_n5+
1998862,0,0,0_okno_n2
1998922,3,0,0_okno_n2
1998983,2,1,1_pozaokno_n1
1999126,3,0,0_okno_n5+
1999280,1,0,0_okno_n1
1999321,1,0,0_okno_n1
1999458,2,0,0_okno_n5+
1999667,2,1,1_pozaokno_n1
1999678,2,0,0_okno_n1
1999687,3,0,0_okno_n1
1999736,4,0,0_okno_n3-4
1999808,4,0,0_okno_n1
1999999,4,0,0_okno_n1
2000028,2,0,0_okno_n2
2000228,1,0,0_okno_n2
2000273,0,0,0_okno_n2
2000339,0,0,0_okno_n5+
2000373,2,0,0_okno_n1
2000566,3,0,0_okno_n3-4
2000636,1,0,0_okno_n2
2000658,1,0,0_okno_n1
2000678,4,0,0_okno_n1
2000685,1,0,0_okno_n1
2000692,1,0,0_okno_n1
2000754,3,0,0_okno_n2
2000863,4,0,0_okno_n1
2000920,1,0,0_okno_n2
2001024,4,0,0_okno_n1
2001046,1,0,0_okno_n3-4
2001048,4,0,0_okno_n1
2001119,2,0,0_okno_n1
2001219,3,0,0_okno_n1
2001273,2,0,0_okno_n5+
2001286,2,0,0_okno_n1
2001317,0,0,0_okno_n3-4
2001322,2,0,0_okno_n5+
2001348,0,0,0_okno_n1
2001366,1,0,0_okno_n2
2001444,0,0,0_okno_n1
2001502,3,0,0_okno_n2
2001653,2,0,0_okno_n2
2001691,0,0,0_okno_n2
2001716,2,0,0_okno_n1
2001753,0,0,0_okno_n2
2002051,1,0,0_okno_n3-4
2002365,0,0,0_okno_n1
2002381,4,0,0_okno_n2
2002403,0,0,0_okno_n1
2002896,3,0,0_okno_n1
2003045,4,0,0_okno_n1
2003068,4,0,0_okno_n1
2003160,0,0,0_okno_n2
2003217,3,1,1_pozaokno_n3-4
2003222,4,0,0_okno_n2
2003267,2,0,0_okno_n2
2003286,3,0,0_okno_n1
2003308,2,0,0_okno_n1
2003343,1,0,0_okno_n1
2003521,1,0,0_okno_n1
2003535,4,0,0_okno_n1
2003579,1,0,0_okno_n2
2003725,3,0,0_okno_n2
2003888,1,0,0_okno_n3-4
2003957,3,1,1_pozaokno_n2
2003985,2,1,1_pozaokno_n2
2004065,1,0,0_okno_n1
2004158,1,0,0_okno_n5+
2004201,0,0,0_okno_n1
2004294,3,0,0_okno_n1
2004388,2,0,0_okno_n1
2004540,4,0,0_okno_n1
2004544,1,1,1_pozaokno_n1
2004574,1,0,0_okno_n1
2004575,1,0,0_okno_n1
2004652,1,0,0_okno_n1
2004659,4,0,0_okno_n1
2004664,0,0,0_okno_n3-4
2004736,2,0,0_okno_n1
2004829,0,0,0_okno_n1
2004854,4,0,0_okno_n1
2004994,3,0,0_okno_n1
2005063,0,0,0_okno_n1
2005071,0,0,0_okno_n3-4
2005085,4,0,0_okno_n1
2005182,1,0,0_okno_n1
2005204,2,0,0_okno_n1
2005270,4,0,0_okno_n2
2005395,2,0,0_okno_n2
2005448,2,0,0_okno_n1
2005453,1,0,0_okno_n1
2005474,2,0,0_okno_n3-4
2005502,4,0,0_okno_n2
2005573,1,0,0_okno_n2
2005577,2,0,0_okno_n2
2005724,1,1,1_pozaokno_n2
2005772,4,0,0_okno_n1
2005918,4,0,0_okno_n1
2005969,3,0,0_okno_n2
2005996,0,0,0_okno_n1
2006105,1,0,0_okno_n2
2006282,1,0,0_okno_n5+
2006412,4,0,0_okno_n1
2006537,4,0,0_okno_n2
2006543,0,0,0_okno_n1
2006591,1,0,0_okno_n2
2006644,2,0,0_okno_n2
2006717,3,0,0_okno_n1
2006780,0,0,0_okno_n1
2006844,1,0,0_okno_n2
2006921,1,0,0_okno_n1
2006952,3,1,1_pozaokno_n1
2006992,0,0,0_okno_n1
2007045,2,0,0_okno_n1
2007046,0,0,0_okno_n1
2007077,3,0,0_okno_n1
2007206,1,0,0_okno_n1
2007275,3,0,0_okno_n3-4
2007302,3,0,0_okno_n1
2007319,1,1,1_pozaokno_n1
2007506,1,0,0_okno_n2
2007582,4,0,0_okno_n2
2007606,3,0,0_okno_n1
2007609,3,0,0_okno_n2
2007702,4,0,0_okno_n1
2007748,3,0,0_okno_n1
2007799,2,0,0_okno_n1
2007827,3,0,0_okno_n1
2007909,1,0,0_okno_n2
2007912,1,0,0_okno_n2
2007920,1,0,0_okno_n2
2007940,4,1,1_pozaokno_n1
2007959,4,0,0_okno_n1
2008010,1,0,0_okno_n1
2008066,1,0,0_okno_n2
2008069,3,0,0_okno_n5+
2008175,1,0,0_okno_n2
2008183,0,0,0_okno_n3-4
2008203,0,0,0_okno_n1
2008232,1,0,0_okno_n3-4
2008238,0,0,0_okno_n1
2008243,3,0,0_okno_n2
2008332,1,0,0_okno_n1
2008383,2,0,0_okno_n1
2008387,4,0,0_okno_n1
2008408,3,0,0_okno_n1
2008502,2,0,0_okno_n2
2008531,4,0,0_okno_n1
2008567,1,0,0_okno_n3-4
2008575,0,0,0_okno_n3-4
2008604,4,0,0_okno_n1
2008609,0,0,0_okno_n1
2008631,0,0,0_okno_n2
2008653,0,0,0_okno_n1
2008730,4,0,0_okno_n2
2008772,4,0,0_okno_n5+
2008803,4,0,0_okno_n2
2008909,4,0,0_okno_n1
2009000,1,0,0_okno_n1
2009003,3,0,0_okno_n1
2009085,2,0,0_okno_n3-4
2009101,2,1,1_pozaokno_n2
2009238,4,0,0_okno_n1
2009265,4,0,0_okno_n2
2009304,1,0,0_okno_n1
2009443,3,0,0_okno_n3-4
2009577,3,0,0_okno_n5+
2009643,1,0,0_okno_n1
2009704,3,0,0_okno_n3-4
2009755,2,1,1_pozaokno_n1
2009815,3,0,0_okno_n1
2009846,2,0,0_okno_n2
2009852,4,0,0_okno_n1
2010023,3,0,0_okno_n1
2010139,3,0,0_okno_n2
2010186,3,0,0_okno_n1
2010236,4,0,0_okno_n1
2010239,4,0,0_okno_n1
2010277,4,0,0_okno_n2
2010295,0,0,0_okno_n2
2010338,4,0,0_okno_n3-4
2010341,0,0,0_okno_n1
2010385,3,0,0_okno_n3-4
2010421,0,1,1_pozaokno_n3-4
2010444,3,0,0_okno_n1
2010514,0,0,0_okno_n1
2010559,4,0,0_okno_n1
2010692,2,0,0_okno_n2
2010719,0,0,0_okno_n1
2010758,1,0,0_okno_n3-4
2010765,1,0,0_okno_n1
2010800,1,0,0_okno_n1
2010866,1,0,0_okno_n1
2010891,1,0,0_okno_n1
2011044,0,0,0_okno_n1
2011090,0,0,0_okno_n2
2011186,2,0,0_okno_n3-4
2011204,0,0,0_okno_n1
2011213,2,0,0_okno_n2
2011228,3,0,0_okno_n2
2011253,2,0,0_okno_n3-4
2011269,0,0,0_okno_n2
2011302,4,0,0_okno_n2
2011412,2,0,0_okno_n1
2011737,2,0,0_okno_n1
2011807,2,0,0_okno_n5+
2011822,0,0,0_okno_n1
2011924,1,0,0_okno_n1
2011963,1,0,0_okno_n1
2011990,1,0,0_okno_n1
2012007,4,0,0_okno_n1
2012064,3,0,0_okno_n1
2012126,4,0,0_okno_n2
2012359,1,0,0_okno_n3-4
2012499,1,0,0_okno_n1
2012673,0,0,0_okno_n2
2012712,0,0,0_okno_n1
2012782,4,0,0_okno_n3-4
2012920,3,0,0_okno_n1
2013095,1,0,0_okno_n1
2013104,0,0,0_okno_n1
2013153,3,0,0_okno_n3-4
2013161,2,0,0_okno_n1
2013233,1,0,0_okno_n1
2013240,1,0,0_okno_n1
2013297,0,0,0_okno_n1
2013393,4,0,0_okno_n1
2013412,1,0,0_okno_n3-4
2013413,4,0,0_okno_n2
2013439,2,0,0_okno_n1
2013529,4,0,0_okno_n1
2013542,4,0,0_okno_n1
2013620,1,0,0_okno_n1
2013632,3,0,0_okno_n1
2013682,4,0,0_okno_n1
2013719,0,0,0_okno_n2
2013753,1,0,0_okno_n2
2013767,4,0,0_okno_n3-4
2013769,2,0,0_okno_n1
2013816,4,0,0_okno_n1
2013856,2,0,0_okno_n2
2013933,2,0,0_okno_n1
2013947,0,0,0_okno_n1
2013977,3,0,0_okno_n2
2013987,2,0,0_okno_n1
2014073,3,0,0_okno_n2
2014088,4,0,0_okno_n1
2014159,2,0,0_okno_n5+
2014231,2,0,0_okno_n2
2014286,4,0,0_okno_n1
2014400,1,0,0_okno_n1
2014461,0,0,0_okno_n1
2014480,4,0,0_okno_n1
2014509,2,0,0_okno_n1
2014545,0,0,0_okno_n1
2014561,0,0,0_okno_n1
2014586,3,0,0_okno_n3-4
2014629,2,0,0_okno_n1
2014635,2,0,0_okno_n5+
2014683,3,0,0_okno_n1
2014780,0,0,0_okno_n1
2014834,3,0,0_okno_n3-4
2014879,3,0,0_okno_n2
2014944,0,0,0_okno_n2
2014958,3,0,0_okno_n5+
2014997,1,0,0_okno_n2
2015012,0,0,0_okno_n1
2015077,3,0,0_okno_n3-4
2015088,1,0,0_okno_n5+
2015116,1,0,0_okno_n5+
2015301,1,0,0_okno_n2
2015308,4,0,0_okno_n1
2015353,3,0,0_okno_n2
2015355,0,0,0_okno_n2
2015360,3,0,0_okno_n1
2015398,3,0,0_okno_n1
2015449,4,0,0_okno_n1
2015556,4,0,0_okno_n1
2015580,2,0,0_okno_n1
2015627,2,0,0_okno_n1
2015635,0,0,0_okno_n2
2015853,1,1,1_pozaokno_n1
2015866,1,0,0_okno_n3-4
2015939,1,0,0_okno_n1
2015971,4,0,0_okno_n5+
2015996,1,0,0_okno_n2
2016001,4,0,0_okno_n1
2016085,2,0,0_okno_n1
2016114,0,0,0_okno_n1
2016150,2,0,0_okno_n2
2016180,0,0,0_okno_n1
2016185,4,0,0_okno_n1
2016196,0,0,0_okno_n1
2016420,0,0,0_okno_n1
2016424,1,0,0_okno_n1
2016429,4,0,0_okno_n1
2016448,0,0,0_okno_n1
2016484,0,0,0_okno_n2
2016550,2,0,0_okno_n2
2016587,3,0,0_okno_n1
2016599,0,0,0_okno_n1
2016622,1,0,0_okno_n1
2016665,4,0,0_okno_n2
2016673,4,0,0_okno_n1
2016720,3,0,0_okno_n2
2016754,3,0,0_okno_n3-4
2016845,0,0,0_okno_n3-4
2016979,1,0,0_okno_n1
2016997,1,0,0_okno_n5+
2017033,1,0,0_okno_n1
2017126,0,0,0_okno_n2
2017133,3,0,0_okno_n1
2017183,2,0,0_okno_n3-4
2017232,3,0,0_okno_n1
2017242,4,0,0_okno_n1
2017260,4,0,0_okno_n3-4
2017324,4,0,0_okno_n1
2017394,4,0,0_okno_n1
2017444,3,0,0_okno_n1
2017464,0,0,0_okno_n3-4
2017487,2,0,0_okno_n2
2017543,4,0,0_okno_n1
2017583,2,0,0_okno_n1
2017700,4,0,0_okno_n1
2017703,0,0,0_okno_n5+
2017763,2,0,0_okno_n3-4
2017982,2,0,0_okno_n1
2017994,2,0,0_okno_n2
2018030,2,0,0_okno_n1
2018049,1,0,0_okno_n2
2018100,0,0,0_okno_n1
2018185,4,0,0_okno_n1
2018212,4,1,1_pozaokno_n1
2018269,3,0,0_okno_n1
2018306,3,0,0_okno_n2
2018359,2,0,0_okno_n1
2018499,2,0,0_okno_n1
2018506,1,0,0_okno_n1
2018605,1,0,0_okno_n1
2018618,2,0,0_okno_n2
2018699,3,0,0_okno_n1
2018711,3,0,0_okno_n1
2018980,4,0,0_okno_n1
2019016,3,0,0_okno_n2
2019148,2,1,1_pozaokno_n3-4
2019155,0,0,0_okno_n2
2019234,3,0,0_okno_n2
2019236,3,0,0_okno_n2
2019274,2,1,1_pozaokno_n1
2019293,2,0,0_okno_n3-4
2019394,1,0,0_okno_n1
2019576,0,0,0_okno_n2
2019723,4,0,0_okno_n1
2019809,1,0,0_okno_n1
2019879,1,0,0_okno_n1
2019912,4,0,0_okno_n1
2020062,1,0,0_okno_n1
2020093,4,0,0_okno_n2
2020098,0,0,0_okno_n1
2020213,2,0,0_okno_n1
2020367,3,0,0_okno_n1
2020440,1,0,0_okno_n1
2020489,3,0,0_okno_n1
2020517,3,0,0_okno_n1
2020568,3,0,0_okno_n1
2020594,4,0,0_okno_n2
2020649,3,0,0_okno_n3-4
2020702,2,0,0_okno_n2
2020783,4,0,0_okno_n2
2020873,1,0,0_okno_n2
2020947,1,0,0_okno_n5+
2020953,2,0,0_okno_n1
2021125,1,0,0_okno_n5+
2021135,4,0,0_okno_n3-4
2021252,4,0,0_okno_n2
2021272,1,0,0_okno_n1
2021281,1,0,0_okno_n1
2021294,4,0,0_okno_n1
2021321,4,0,0_okno_n1
2021423,3,0,0_okno_n1
2021539,0,1,1_pozaokno_n1
2021560,1,0,0_okno_n2
2021577,4,0,0_okno_n3-4
2021624,3,0,0_okno_n1
2021742,0,0,0_okno_n1
2021822,1,0,0_okno_n1
2021842,0,0,0_okno_n1
2021957,2,0,0_okno_n1
2022000,1,0,0_okno_n1
2022025,3,0,0_okno_n1
2022037,1,0,0_okno_n1
2022042,0,0,0_okno_n1
2022124,3,0,0_okno_n1
2022157,4,0,0_okno_n1
2022162,0,0,0_okno_n1
2022187,0,0,0_okno_n2
2022233,3,0,0_okno_n5+
2022267,3,0,0_okno_n5+
2022347,0,0,0_okno_n3-4
2022370,1,0,0_okno_n1
2022478,2,0,0_okno_n5+
2022498,1,0,0_okno_n1
2022508,0,0,0_okno_n1
2022524,3,0,0_okno_n1
2022575,2,1,1_pozaokno_n1
2022581,1,0,0_okno_n3-4
2022588,4,0,0_okno_n1
2022621,0,0,0_okno_n3-4
2022691,1,0,0_okno_n3-4
2022728,0,0,0_okno_n2
2022813,1,0,0_okno_n5+
2022841,4,0,0_okno_n1
2022903,2,0,0_okno_n1
2022938,1,0,0_okno_n1
2022979,4,0,0_okno_n1
2023106,3,0,0_okno_n1
2023138,1,0,0_okno_n1
2023144,1,0,0_okno_n1
2023262,4,0,0_okno_n2
2023345,4,0,0_okno_n1
2023384,3,0,0_okno_n1
2023398,2,0,0_okno_n1
2023416,2,0,0_okno_n1
2023423,2,0,0_okno_n5+
2023667,3,0,0_okno_n1
2023721,1,0,0_okno_n1
2023779,3,0,0_okno_n2
2023816,2,0,0_okno_n1
2023961,3,0,0_okno_n2
2023970,2,0,0_okno_n1
2024011,0,0,0_okno_n1
2024039,0,0,0_okno_n2
2024072,1,0,0_okno_n2
2024316,4,0,0_okno_n1
2024333,0,1,1_pozaokno_n1
2024462,4,0,0_okno_n1
2024477,4,0,0_okno_n3-4
2024483,0,0,0_okno_n1
2024566,2,0,0_okno_n1
2024610,2,0,0_okno_n1
2024622,4,0,0_okno_n3-4
2024631,3,0,0_okno_n1
2024832,3,0,0_okno_n5+
2024840,4,0,0_okno_n1
2024951,2,0,0_okno_n1
2025011,3,0,0_okno_n2
2025059,3,0,0_okno_n1
2025062,3,0,0_okno_n1
2025169,0,0,0_okno_n3-4
2025192,3,0,0_okno_n1
2025225,3,0,0_okno_n1
2025237,2,0,0_okno_n1
2025277,2,0,0_okno_n3-4
2025348,0,0,0_okno_n1
2025366,4,0,0_okno_n2
2025392,4,0,0_okno_n1
2025428,0,0,0_okno_n1
2025509,0,0,0_okno_n1
2025559,4,0,0_okno_n2
2025613,4,0,0_okno_n5+
2025706,4,0,0_okno_n2
2025751,0,0,0_okno_n3-4
2025759,2,0,0_okno_n2
2025839,4,0,0_okno_n5+
2026120,2,1,1_pozaokno_n1
2026286,2,0,0_okno_n1
2026384,3,0,0_okno_n3-4
2026431,3,0,0_okno_n1
2026505,0,0,0_okno_n1
2026556,2,0,0_okno_n2
2026569,2,0,0_okno_n1
2026673,3,0,0_okno_n2
2026714,0,0,0_okno_n2
2026744,1,0,0_okno_n2
2026758,3,0,0_okno_n1
2026847,0,0,0_okno_n1
2026925,1,0,0_okno_n1
2026954,0,0,0_okno_n5+
2026961,0,0,0_okno_n2
2026962,0,0,0_okno_n1
2027040,3,0,0_okno_n2
2027049,0,0,0_okno_n5+
2027080,2,0,0_okno_n1
2027160,2,0,0_okno_n2
2027179,1,0,0_okno_n1
2027318,0,0,0_okno_n5+
2027371,3,0,0_okno_n1
2027407,2,1,1_pozaokno_n1
2027410,0,0,0_okno_n1
2027413,1,0,0_okno_n2
2027566,1,0,0_okno_n1
2027704,4,0,0_okno_n1
2027851,3,0,0_okno_n1
2027871,2,0,0_okno_n1
2027872,2,0,0_okno_n1
2027876,2,0,0_okno_n1
2027923,4,0,0_okno_n1
2027927,4,0,0_okno_n2
2027969,1,0,0_okno_n2
2028279,2,0,0_okno_n1
2028281,1,0,0_okno_n1
2028335,4,0,0_okno_n1
2028407,0,0,0_okno_n1
2028409,3,0,0_okno_n5+
2028496,0,0,0_okno_n3-4
2028541,2,0,0_okno_n1
2028573,3,0,0_okno_n3-4
2028593,1,0,0_okno_n1
2028633,3,0,0_okno_n1
2028789,0,0,0_okno_n1
2028918,3,1,1_pozaokno_n2
2028946,1,1,1_pozaokno_n1
2028989,4,0,0_okno_n1
2029006,4,0,0_okno_n1
2029123,3,0,0_okno_n2
2029138,0,0,0_okno_n1
2029255,0,0,0_okno_n2
2029281,3,0,0_okno_n3-4
2029293,2,0,0_okno_n1
2029312,4,0,0_okno_n1
2029321,2,0,0_okno_n2
2029402,0,0,0_okno_n1
2029576,4,0,0_okno_n2
2029590,1,0,0_okno_n2
2029651,0,0,0_okno_n1
2029702,4,0,0_okno_n1
2029791,1,0,0_okno_n1
2029892,3,0,0_okno_n2
2029916,0,0,0_okno_n5+
2029924,2,0,0_okno_n5+
2029926,3,0,0_okno_n1
2030166,0,0,0_okno_n1
2030216,0,1,1_pozaokno_n1
2030250,1,0,0_okno_n2
2030290,3,0,0_okno_n2
2030303,1,0,0_okno_n1
2030349,4,0,0_okno_n1
2030398,1,0,0_okno_n2
2030406,2,0,0_okno_n5+
2030407,1,0,0_okno_n3-4
2030424,4,0,0_okno_n1
2030484,2,0,0_okno_n2
2030549,0,1,1_pozaokno_n1
2030559,4,0,0_okno_n1
2030564,4,0,0_okno_n1
2030606,4,0,0_okno_n3-4
2030749,1,0,0_okno_n3-4
2030834,4,1,1_pozaokno_n3-4
2030934,2,0,0_okno_n3-4
2031062,2,0,0_okno_n1
2031229,2,0,0_okno_n1
2031231,1,0,0_okno_n1
2031249,4,0,0_okno_n1
2031263,4,0,0_okno_n3-4
2031269,1,0,0_okno_n1
2031276,0,0,0_okno_n1
2031296,0,0,0_okno_n2
2031308,4,0,0_okno_n2
2031331,0,0,0_okno_n1
2031393,2,0,0_okno_n2
2031415,3,1,1_okno_n5+
2031463,4,0,0_okno_n5+
2031507,4,0,0_okno_n2
2031562,0,0,0_okno_n2
2031564,2,0,0_okno_n1
2031589,2,0,0_okno_n3-4
2031613,0,0,0_okno_n1
2031697,4,1,1_pozaokno_n3-4
2031911,0,0,0_okno_n1
2031919,3,0,0_okno_n1
2032003,4,0,0_okno_n1
2032005,2,0,0_okno_n3-4
2032143,1,0,0_okno_n1
2032214,4,0,0_okno_n3-4
2032343,3,0,0_okno_n3-4
2032353,0,0,0_okno_n5+
2032488,4,0,0_okno_n2
2032496,0,0,0_okno_n1
2032510,1,0,0_okno_n2
2032563,3,0,0_okno_n2
2032594,0,0,0_okno_n1
2032623,2,0,0_okno_n2
2032640,3,0,0_okno_n2
2032665,4,0,0_okno_n1
2032773,3,0,0_okno_n2
2032922,1,0,0_okno_n3-4
2032950,1,0,0_okno_n2
2033082,3,0,0_okno_n3-4
2033106,2,0,0_okno_n1
2033107,1,0,0_okno_n1
2033141,0,0,0_okno_n1
2033168,2,0,0_okno_n2
2033192,3,0,0_okno_n1
2033206,2,0,0_okno_n5+
2033217,1,0,0_okno_n1
2033345,3,0,0_okno_n2
2033408,2,0,0_okno_n1
2033423,4,0,0_okno_n1
2033433,2,0,0_okno_n1
2033512,0,0,0_okno_n1
2033588,4,0,0_okno_n1
2033716,2,0,0_okno_n2
2033791,1,0,0_okno_n5+
2033854,3,0,0_okno_n1
2033905,1,0,0_okno_n1
2033989,4,0,0_okno_n1
2034040,2,0,0_okno_n1
2034084,4,0,0_okno_n2
2034128,0,0,0_okno_n3-4
2034177,3,0,0_okno_n3-4
2034203,0,0,0_okno_n1
2034251,2,0,0_okno_n3-4
2034262,4,0,0_okno_n1
2034282,1,0,0_okno_n1
2034284,0,0,0_okno_n3-4
2034373,1,0,0_okno_n2
2034562,2,0,0_okno_n1
2034574,1,0,0_okno_n5+
2034637,1,0,0_okno_n3-4
2034668,0,0,0_okno_n5+
2034676,2,0,0_okno_n2
2034686,4,0,0_okno_n3-4
2034788,1,0,0_okno_n2
2034867,1,0,0_okno_n2
2034969,4,0,0_okno_n1
2035047,2,0,0_okno_n2
2035096,1,0,0_okno_n1
2035246,1,1,1_pozaokno_n2
2035268,2,0,0_okno_n5+
2035274,1,0,0_okno_n3-4
2035355,0,0,0_okno_n1
2035387,0,0,0_okno_n1
2035394,3,0,0_okno_n1
2035448,4,0,0_okno_n2
2035509,4,0,0_okno_n2
2035558,1,0,0_okno_n2
2035684,1,0,0_okno_n1
2035701,4,0,0_okno_n1
2035710,1,0,0_okno_n1
2035755,3,0,0_okno_n3-4
2035800,3,0,0_okno_n3-4
2035869,1,1,1_pozaokno_n2
2035899,4,0,0_okno_n2
2035918,2,0,0_okno_n1
2035938,4,0,0_okno_n1
2035969,1,0,0_okno_n2
2035991,3,0,0_okno_n2
2036001,0,0,0_okno_n5+
2036061,0,0,0_okno_n3-4
2036145,4,0,0_okno_n1
2036214,1,1,1_okno_n1
2036289,4,0,0_okno_n1
2036291,1,0,0_okno_n1
2036383,4,0,0_okno_n1
2036485,0,0,0_okno_n5+
2036603,4,1,1_pozaokno_n2
2036754,3,0,0_okno_n1
2036765,2,0,0_okno_n1
2036797,2,0,0_okno_n1
2036826,1,0,0_okno_n1
2036835,2,0,0_okno_n1
2036866,4,0,0_okno_n1
2036882,0,0,0_okno_n2
2037023,1,0,0_okno_n3-4
2037097,4,0,0_okno_n1
2037133,4,0,0_okno_n1
2037188,4,0,0_okno_n2
2037223,4,0,0_okno_n1
2037283,1,0,0_okno_n5+
2037318,1,0,0_okno_n2
2037320,3,0,0_okno_n1
2037355,1,0,0_okno_n1
2037362,0,0,0_okno_n2
2037395,2,0,0_okno_n1
2037450,0,0,0_okno_n1
2037481,3,1,1_pozaokno_n2
2037490,0,0,0_okno_n1
2037508,1,0,0_okno_n2
2037618,0,0,0_okno_n3-4
2037626,0,0,0_okno_n1
2037655,1,0,0_okno_n1
2037657,1,0,0_okno_n1
2037684,4,0,0_okno_n5+
2037700,4,0,0_okno_n2
2038147,3,0,0_okno_n5+
2038157,1,0,0_okno_n1
2038172,4,0,0_okno_n1
2038176,4,0,0_okno_n1
2038197,0,0,0_okno_n2
2038216,0,0,0_okno_n2
2038218,2,0,0_okno_n5+
2038274,2,0,0_okno_n1
2038360,3,0,0_okno_n2
2038372,2,0,0_okno_n2
2038375,3,0,0_okno_n1
2038388,4,0,0_okno_n1
2038402,3,0,0_okno_n2
2038413,1,0,0_okno_n5+
2038511,3,0,0_okno_n1
2038514,4,0,0_okno_n2
2038589,4,0,0_okno_n3-4
2038607,2,0,0_okno_n1
2038611,4,0,0_okno_n1
2038639,0,0,0_okno_n1
2038821,0,1,1_pozaokno_n1
2038879,3,0,0_okno_n1
2038910,2,0,0_okno_n1
2039026,0,1,1_pozaokno_n3-4
2039044,2,0,0_okno_n1
2039047,1,0,0_okno_n5+
2039150,2,0,0_okno_n1
2039158,0,0,0_okno_n1
2039197,1,0,0_okno_n1
2039267,1,0,0_okno_n2
2039325,2,0,0_okno_n1
2039378,0,0,0_okno_n3-4
2039385,0,0,0_okno_n1
2039438,0,0,0_okno_n1
2039454,4,0,0_okno_n1
2039527,3,0,0_okno_n5+
2039574,2,0,0_okno_n1
2039606,1,0,0_okno_n1
2039621,4,1,1_pozaokno_n1
2039665,3,0,0_okno_n1
2039698,4,0,0_okno_n1
2039745,0,0,0_okno_n2
2039783,1,0,0_okno_n2
2039829,2,0,0_okno_n2
2039833,1,0,0_okno_n1
2039882,0,0,0_okno_n5+
2039924,4,0,0_okno_n1
2039928,0,0,0_okno_n1
2039945,4,0,0_okno_n2
2039955,3,0,0_okno_n2
2039956,2,0,0_okno_n2
2039990,3,0,0_okno_n2
2040054,0,0,0_okno_n2
2040087,2,0,0_okno_n1
2040095,3,0,0_okno_n1
2040096,3,0,0_okno_n1
2040169,1,0,0_okno_n1
2040171,2,0,0_okno_n1
2040202,3,0,0_okno_n1
2040277,4,0,0_okno_n1
2040297,1,0,0_okno_n1
2040301,4,0,0_okno_n3-4
2040393,1,0,0_okno_n1
2040411,3,0,0_okno_n1
2040488,2,0,0_okno_n1
2040582,2,0,0_okno_n1
2040677,2,0,0_okno_n2
2040687,4,0,0_okno_n1
2040962,3,0,0_okno_n1
2041098,0,0,0_okno_n1
2041163,1,0,0_okno_n1
2041278,4,0,0_okno_n1
2041325,4,0,0_okno_n1
2041379,0,0,0_okno_n1
2041492,1,0,0_okno_n3-4
2041526,3,0,0_okno_n1
2041623,3,0,0_okno_n2
2041647,4,0,0_okno_n3-4
2041678,1,0,0_okno_n1
2041680,1,0,0_okno_n1
2041718,3,0,0_okno_n3-4
2041732,2,0,0_okno_n2
2041738,1,0,0_okno_n1
2041779,1,0,0_okno_n1
2041939,0,0,0_okno_n3-4
2041950,2,0,0_okno_n1
2042104,3,0,0_okno_n1
2042106,4,0,0_okno_n1
2042119,0,0,0_okno_n1
2042214,3,0,0_okno_n1
2042273,1,0,0_okno_n3-4
2042427,1,0,0_okno_n2
2042451,4,0,0_okno_n1
2042495,1,0,0_okno_n1
2042524,1,0,0_okno_n3-4
2042599,1,0,0_okno_n2
2042637,3,0,0_okno_n5+
2042724,4,0,0_okno_n3-4
2042859,0,0,0_okno_n3-4
2042876,1,0,0_okno_n1
2042886,4,0,0_okno_n1
2043180,0,0,0_okno_n1
2043184,3,0,0_okno_n1
2043192,0,1,1_pozaokno_n1
2043359,0,0,0_okno_n2
2043463,2,0,0_okno_n1
2043520,1,0,0_okno_n1
2043565,0,0,0_okno_n1
2043597,2,0,0_okno_n1
2043638,1,0,0_okno_n3-4
2043709,2,0,0_okno_n1
2043762,1,0,0_okno_n1
2043820,4,0,0_okno_n1
2043823,2,0,0_okno_n3-4
2043844,4,0,0_okno_n1
2043923,2,0,0_okno_n2
2043927,0,0,0_okno_n1
2044062,3,0,0_okno_n1
2044067,4,0,0_okno_n2
2044137,4,0,0_okno_n3-4
2044179,0,0,0_okno_n2
2044204,1,0,0_okno_n1
2044225,0,0,0_okno_n1
2044256,3,0,0_okno_n1
2044258,2,0,0_okno_n2
2044280,4,0,0_okno_n1
2044323,3,0,0_okno_n3-4
2044422,2,0,0_okno_n1
2044512,2,0,0_okno_n1
2044518,2,0,0_okno_n1
2044566,2,0,0_okno_n1
2044635,2,0,0_okno_n1
2044707,4,0,0_okno_n1
2044737,3,0,0_okno_n5+
2044749,1,0,0_okno_n1
2044833,0,0,0_okno_n1
2044836,4,0,0_okno_n2
2044846,2,0,0_okno_n1
2044941,3,0,0_okno_n1
2045008,0,0,0_okno_n1
2045055,3,0,0_okno_n3-4
2045067,4,0,0_okno_n2
2045150,4,0,0_okno_n5+
2045321,2,0,0_okno_n2
2045423,0,0,0_okno_n2
2045510,0,0,0_okno_n1
2045519,3,0,0_okno_n1
2045563,1,0,0_okno_n1
2045637,4,0,0_okno_n5+
2045641,1,0,0_okno_n1
2045646,1,0,0_okno_n2
2045745,2,0,0_okno_n2
2045764,3,0,0_okno_n1
2045777,2,0,0_okno_n2
2045810,4,0,0_okno_n1
2045860,3,0,0_okno_n2
2045879,3,0,0_okno_n1
2045884,1,0,0_okno_n2
2045898,0,0,0_okno_n3-4
2045963,1,0,0_okno_n1
2045997,1,1,1_pozaokno_n5+
2046002,1,0,0_okno_n1
2046022,2,1,1_pozaokno_n2
2046050,3,0,0_okno_n1
2046064,4,0,0_okno_n1
2046160,2,1,1_pozaokno_n1
2046265,0,0,0_okno_n1
2046301,0,0,0_okno_n1
2046525,1,0,0_okno_n3-4
2046646,2,0,0_okno_n1
2046677,2,0,0_okno_n2
2046711,1,0,0_okno_n1
2046718,0,0,0_okno_n1
2046745,0,0,0_okno_n1
2046839,0,1,1_okno_n1
2046981,2,0,0_okno_n1
2046998,0,0,0_okno_n1
2047076,4,0,0_okno_n2
2047177,0,0,0_okno_n2
2047193,1,0,0_okno_n3-4
2047221,3,0,0_okno_n1
2047225,1,0,0_okno_n3-4
2047255,0,0,0_okno_n1
2047318,0,0,0_okno_n2
2047341,1,0,0_okno_n2
2047348,4,0,0_okno_n1
2047371,2,0,0_okno_n1
2047374,3,0,0_okno_n1
2047400,3,0,0_okno_n2
2047405,4,0,0_okno_n1
2047440,4,0,0_okno_n2
2047593,0,0,0_okno_n1
2047681,2,1,1_pozaokno_n5+
2047724,0,0,0_okno_n2
2047750,4,1,1_okno_n2
2047752,1,0,0_okno_n1
2047823,0,0,0_okno_n1
2047848,2,0,0_okno_n2
2047938,1,0,0_okno_n2
2047992,4,0,0_okno_n1
2048088,0,0,0_okno_n2
2048115,2,0,0_okno_n1
2048167,4,0,0_okno_n1
2048173,0,0,0_okno_n3-4
2048211,0,0,0_okno_n1
2048233,0,0,0_okno_n1
2048249,3,0,0_okno_n1
2048343,4,0,0_okno_n1
2048348,2,0,0_okno_n1
2048375,3,0,0_okno_n1
2048466,0,0,0_okno_n1
2048491,3,0,0_okno_n1
2048553,0,0,0_okno_n1
2048726,3,0,0_okno_n2
2048828,3,0,0_okno_n1
2048842,1,0,0_okno_n1
2048852,1,0,0_okno_n1
2048905,2,0,0_okno_n1
2048918,4,0,0_okno_n1
2049046,2,0,0_okno_n2
2049065,4,0,0_okno_n2
2049104,2,0,0_okno_n2
2049166,1,0,0_okno_n3-4
2049273,2,0,0_okno_n2
2049281,0,0,0_okno_n1
2049322,3,0,0_okno_n2
2049699,2,0,0_okno_n1
2049791,0,0,0_okno_n3-4
2049860,0,0,0_okno_n2
2049884,3,0,0_okno_n5+
2050025,1,0,0_okno_n1
2050036,1,0,0_okno_n2
2050106,3,0,0_okno_n1
2050150,1,0,0_okno_n1
2050297,2,0,0_okno_n1
2050306,2,0,0_okno_n2
2050348,0,0,0_okno_n1
2050356,1,0,0_okno_n1
2050490,2,0,0_okno_n2
2050522,4,0,0_okno_n1
2050591,1,0,0_okno_n1
2050722,4,0,0_okno_n1
2050806,1,0,0_okno_n1
2050812,1,0,0_okno_n2
2050840,2,0,0_okno_n1
2050864,0,0,0_okno_n1
2050885,1,0,0_okno_n1
2050888,4,0,0_okno_n5+
2050913,1,0,0_okno_n3-4
2051240,3,0,0_okno_n2
2051249,3,0,0_okno_n1
2051250,2,0,0_okno_n2
2051274,4,0,0_okno_n1
2051309,3,0,0_okno_n1
2051323,0,0,0_okno_n2
2051336,4,0,0_okno_n1
2051367,0,1,1_pozaokno_n3-4
2051380,4,0,0_okno_n1
2051424,3,0,0_okno_n1
2051471,1,0,0_okno_n1
2051545,4,0,0_okno_n2
2051577,0,0,0_okno_n1
2051605,3,0,0_okno_n1
2051622,4,0,0_okno_n3-4
2051685,3,1,1_pozaokno_n1
2051710,0,0,0_okno_n5+
2051713,0,0,0_okno_n2
2051950,0,0,0_okno_n2
2052007,3,0,0_okno_n2
2052035,1,0,0_okno_n1
2052043,2,0,0_okno_n2
2052063,3,0,0_okno_n1
2052191,3,0,0_okno_n3-4
2052202,3,0,0_okno_n5+
2052213,1,0,0_okno_n2
2052333,3,0,0_okno_n1
2052437,1,0,0_okno_n1
2052534,4,0,0_okno_n1
2052554,1,0,0_okno_n3-4
2052559,0,0,0_okno_n1
2052573,0,0,0_okno_n2
2052608,0,0,0_okno_n2
2052622,0,0,0_okno_n1
2052634,2,0,0_okno_n2
2052716,2,0,0_okno_n2
2052783,3,0,0_okno_n1
2052818,3,0,0_okno_n1
2052979,2,0,0_okno_n1
2053012,1,0,0_okno_n1
2053051,2,0,0_okno_n1
2053069,0,0,0_okno_n3-4
2053160,0,0,0_okno_n1
2053172,1,0,0_okno_n1
2053335,2,0,0_okno_n1
2053349,4,0,0_okno_n3-4
2053361,4,1,1_pozaokno_n1
2053364,0,0,0_okno_n2
2053413,2,0,0_okno_n3-4
2053415,2,0,0_okno_n2
2053438,3,0,0_okno_n3-4
2053619,2,0,0_okno_n3-4
2053631,1,0,0_okno_n1
2053648,2,0,0_okno_n1
2053696,2,0,0_okno_n2
2053701,3,0,0_okno_n1
2053776,1,0,0_okno_n5+
2053887,2,0,0_okno_n2
2053911,1,0,0_okno_n1
2053917,1,0,0_okno_n1
2053921,3,0,0_okno_n2
2053953,0,0,0_okno_n1
2053975,2,0,0_okno_n2
2054045,2,0,0_okno_n1
2054081,4,0,0_okno_n3-4
2054082,4,0,0_okno_n2
2054087,0,0,0_okno_n3-4
2054093,2,0,0_okno_n3-4
2054169,1,0,0_okno_n1
2054224,4,0,0_okno_n1
2054280,0,0,0_okno_n1
2054323,3,0,0_okno_n2
2054336,2,0,0_okno_n2
2054559,4,0,0_okno_n2
2054593,3,0,0_okno_n1
2054636,4,0,0_okno_n1
2054868,0,0,0_okno_n2
2054877,1,0,0_okno_n2
2054923,1,0,0_okno_n3-4
2054945,0,0,0_okno_n2
2055131,4,0,0_okno_n2
2055158,3,0,0_okno_n3-4
2055205,1,0,0_okno_n2
2055246,0,0,0_okno_n1
2055287,3,0,0_okno_n1
2055326,0,0,0_okno_n1
2055332,3,0,0_okno_n1
2055381,4,0,0_okno_n1
2055386,4,0,0_okno_n1
2055421,4,0,0_okno_n5+
2055518,3,0,0_okno_n1
2055611,2,0,0_okno_n2
2055624,0,0,0_okno_n3-4
2055625,4,0,0_okno_n1
2055731,1,0,0_okno_n2
2055770,4,0,0_okno_n1
2055794,3,0,0_okno_n1
2055844,2,0,0_okno_n1
2055943,4,0,0_okno_n3-4
2055955,4,0,0_okno_n2
2056098,1,0,0_okno_n2
2056145,3,0,0_okno_n1
2056189,4,0,0_okno_n1
2056206,2,1,1_pozaokno_n3-4
2056212,0,0,0_okno_n2
2056380,1,0,0_okno_n1
2056399,2,0,0_okno_n3-4
2056538,4,0,0_okno_n2
2056555,2,0,0_okno_n3-4
2056607,1,0,0_okno_n1
2056614,4,0,0_okno_n3-4
2056626,1,0,0_okno_n1
2056726,3,0,0_okno_n3-4
2056777,4,0,0_okno_n3-4
2056862,0,0,0_okno_n1
2056878,1,0,0_okno_n3-4
2056884,4,0,0_okno_n2
2056895,3,0,0_okno_n1
2056896,4,0,0_okno_n2
2056906,0,0,0_okno_n1
2056957,2,0,0_okno_n1
2056958,3,0,0_okno_n1
2057205,4,0,0_okno_n2
2057269,1,0,0_okno_n3-4
2057293,2,0,0_okno_n1
2057300,3,0,0_okno_n5+
2057374,3,0,0_okno_n1
2057425,3,0,0_okno_n1
2057516,2,0,0_okno_n1
2057594,1,0,0_okno_n2
2057623,0,0,0_okno_n2
2057661,0,0,0_okno_n1
2057945,1,0,0_okno_n2
2057997,4,0,0_okno_n1
2058034,3,0,0_okno_n1
2058055,1,0,0_okno_n1
2058093,4,1,1_pozaokno_n2
2058120,4,0,0_okno_n3-4
2058234,0,0,0_okno_n3-4
2058402,1,0,0_okno_n3-4
2058406,0,0,0_okno_n2
2058449,0,0,0_okno_n1
2058494,1,1,1_pozaokno_n1
2058599,0,0,0_okno_n2
2058664,2,1,1_okno_n3-4
2058676,2,0,0_okno_n1
2058687,4,0,0_okno_n1
2058764,0,0,0_okno_n1
2058810,2,0,0_okno_n1
2058885,0,0,0_okno_n1
2058909,3,0,0_okno_n1
2058986,1,0,0_okno_n1
2059011,2,0,0_okno_n3-4
2059025,1,0,0_okno_n2
2059053,2,0,0_okno_n1
2059075,4,0,0_okno_n1
2059111,4,0,0_okno_n1
2059113,3,0,0_okno_n3-4
2059258,0,0,0_okno_n2
2059415,2,1,1_pozaokno_n3-4
2059433,0,0,0_okno_n2
2059672,1,0,0_okno_n1
2059688,3,0,0_okno_n5+
2059707,2,0,0_okno_n2
2059709,3,0,0_okno_n3-4
2059711,3,0,0_okno_n1
2059799,3,0,0_okno_n1
2059811,4,0,0_okno_n1
2059826,3,0,0_okno_n1
2059835,4,0,0_okno_n3-4
2059885,1,0,0_okno_n2
2059909,3,0,0_okno_n1
2059977,2,0,0_okno_n1
2059989,1,0,0_okno_n5+
2060088,0,0,0_okno_n1
2060280,2,0,0_okno_n3-4
2060329,4,0,0_okno_n1
2060383,4,0,0_okno_n3-4
2060405,3,0,0_okno_n1
2060497,1,0,0_okno_n1
2060524,1,0,0_okno_n1
2060546,0,0,0_okno_n1
2060584,1,0,0_okno_n1
2060585,3,0,0_okno_n1
2060587,4,0,0_okno_n2
2060597,4,0,0_okno_n5+
2060614,3,1,1_pozaokno_n2
2060676,1,0,0_okno_n2
2060711,4,0,0_okno_n1
2060716,2,0,0_okno_n1
2060769,2,0,0_okno_n1
2060787,0,0,0_okno_n2
2060813,0,0,0_okno_n1
2060828,1,0,0_okno_n1
2060849,3,0,0_okno_n1
2060914,2,0,0_okno_n2
2060938,0,0,0_okno_n1
2060981,1,0,0_okno_n1
2061010,3,0,0_okno_n1
2061072,1,0,0_okno_n3-4
2061120,1,0,0_okno_n1
2061159,1,1,1_pozaokno_n2
2061171,3,0,0_okno_n2
2061276,4,0,0_okno_n2
2061299,4,0,0_okno_n3-4
2061372,1,0,0_okno_n5+
2061384,2,0,0_okno_n1
2061497,3,0,0_okno_n2
2061612,2,0,0_okno_n1
2061694,3,0,0_okno_n5+
2061721,3,0,0_okno_n1
2061745,1,0,0_okno_n3-4
2061871,3,0,0_okno_n3-4
2061934,4,0,0_okno_n2
2062094,1,0,0_okno_n1
2062103,3,0,0_okno_n1
2062184,2,0,0_okno_n1
2062191,2,0,0_okno_n3-4
2062208,1,0,0_okno_n3-4
2062305,2,0,0_okno_n1
2062325,3,0,0_okno_n2
2062416,3,0,0_okno_n1
2062521,1,0,0_okno_n1
2062556,2,0,0_okno_n1
2062602,1,0,0_okno_n2
2062646,2,0,0_okno_n1
2062654,4,0,0_okno_n3-4
2062737,4,0,0_okno_n1
2062763,1,0,0_okno_n2
2062777,1,0,0_okno_n1
2062806,3,0,0_okno_n1
2062888,3,0,0_okno_n3-4
2062993,3,0,0_okno_n3-4
2063017,2,0,0_okno_n1
2063042,2,0,0_okno_n1
2063077,4,0,0_okno_n3-4
2063157,4,0,0_okno_n2
2063219,2,0,0_okno_n1
2063221,2,0,0_okno_n1
2063240,4,1,1_pozaokno_n2
2063247,2,0,0_okno_n1
2063280,1,0,0_okno_n2
2063304,3,0,0_okno_n1
2063329,2,0,0_okno_n1
2063356,2,0,0_okno_n1
2063361,2,0,0_okno_n3-4
2063620,2,0,0_okno_n1
2063629,0,0,0_okno_n1
2063642,1,0,0_okno_n1
2063645,1,0,0_okno_n1
2063695,2,0,0_okno_n1
2063703,2,0,0_okno_n2
2063717,3,0,0_okno_n1
2063775,2,0,0_okno_n5+
2063869,2,0,0_okno_n1
2063920,0,1,1_pozaokno_n1
2064080,4,0,0_okno_n1
2064241,3,0,0_okno_n1
2064245,3,0,0_okno_n1
2064246,0,0,0_okno_n2
2064271,0,0,0_okno_n5+
2064273,0,0,0_okno_n2
2064292,0,0,0_okno_n2
2064340,3,0,0_okno_n1
2064448,2,0,0_okno_n1
2064586,2,0,0_okno_n1
2064614,0,0,0_okno_n2
2064640,1,0,0_okno_n3-4
2064650,1,0,0_okno_n1
2064690,2,0,0_okno_n1
2064738,0,0,0_okno_n1
2064886,1,0,0_okno_n1
2064991,3,0,0_okno_n1
2064997,4,0,0_okno_n3-4
2065069,2,0,0_okno_n2
2065100,2,0,0_okno_n2
2065102,1,0,0_okno_n3-4
2065110,0,0,0_okno_n1
2065122,3,0,0_okno_n1
2065180,1,0,0_okno_n1
2065183,0,1,1_okno_n1
2065257,2,0,0_okno_n1
2065299,3,0,0_okno_n1
2065345,0,0,0_okno_n1
2065448,4,0,0_okno_n3-4
2065469,4,0,0_okno_n3-4
2065497,2,0,0_okno_n2
2065507,3,0,0_okno_n3-4
2065510,0,0,0_okno_n1
2065552,4,0,0_okno_n2
2065658,3,0,0_okno_n1
2065735,3,0,0_okno_n1
2065803,2,0,0_okno_n1
2065835,4,0,0_okno_n2
2065917,2,0,0_okno_n1
2065923,3,0,0_okno_n5+
2065937,4,0,0_okno_n2
2065943,0,0,0_okno_n1
2065996,2,0,0_okno_n1
2066143,3,0,0_okno_n1
2066177,2,0,0_okno_n1
2066198,2,0,0_okno_n1
2066219,1,0,0_okno_n1
2066306,2,0,0_okno_n2
2066320,3,0,0_okno_n1
2066327,2,0,0_okno_n1
2066370,3,0,0_okno_n1
2066376,3,0,0_okno_n1
2066404,3,0,0_okno_n1
2066412,2,0,0_okno_n3-4
2066433,4,0,0_okno_n1
2066514,0,0,0_okno_n3-4
2066585,3,0,0_okno_n2
2066610,4,0,0_okno_n1
2066616,0,0,0_okno_n1
2066654,0,0,0_okno_n2
2066672,3,0,0_okno_n1
2066809,0,0,0_okno_n1
2066810,3,0,0_okno_n5+
2066884,3,0,0_okno_n3-4
2066891,3,0,0_okno_n2
2066908,2,0,0_okno_n1
2066937,3,0,0_okno_n5+
2066941,0,0,0_okno_n1
2066964,0,0,0_okno_n1
2066984,3,0,0_okno_n3-4
2067022,3,0,0_okno_n2
2067036,1,0,0_okno_n1
2067047,0,0,0_okno_n1
2067093,4,0,0_okno_n1
2067215,1,0,0_okno_n1
2067415,4,0,0_okno_n2
2067564,0,0,0_okno_n1
2067577,2,0,0_okno_n1
2067669,3,0,0_okno_n1
2067737,0,0,0_okno_n1
2067786,0,0,0_okno_n2
2067796,2,0,0_okno_n1
2067823,3,1,1_pozaokno_n1
2067868,4,0,0_okno_n1
2067979,1,0,0_okno_n1
2068049,2,0,0_okno_n1
2068068,3,0,0_okno_n1
2068108,0,0,0_okno_n1
2068160,3,0,0_okno_n1
2068166,4,0,0_okno_n1
2068172,3,0,0_okno_n2
2068212,2,0,0_okno_n3-4
2068230,2,0,0_okno_n3-4
2068238,2,0,0_okno_n3-4
2068267,1,0,0_okno_n1
2068270,0,0,0_okno_n1
2068366,3,0,0_okno_n3-4
2068406,1,0,0_okno_n3-4
2068424,4,0,0_okno_n3-4
2068465,3,0,0_okno_n1
2068487,1,0,0_okno_n5+
2068594,1,0,0_okno_n2
2068604,2,0,0_okno_n1
2068620,4,0,0_okno_n1
2068641,0,0,0_okno_n1
2068659,4,0,0_okno_n1
2068694,2,0,0_okno_n1
2068739,2,0,0_okno_n1
2068909,1,0,0_okno_n2
2068947,3,0,0_okno_n1
2069052,0,0,0_okno_n1
2069054,3,0,0_okno_n1
2069103,4,0,0_okno_n1
2069134,3,0,0_okno_n3-4
2069234,4,0,0_okno_n1
2069480,1,0,0_okno_n5+
2069553,3,0,0_okno_n1
2069556,4,0,0_okno_n5+
2069559,2,0,0_okno_n1
2069634,3,0,0_okno_n3-4
2069657,0,0,0_okno_n1
2069669,4,0,0_okno_n1
2069701,3,0,0_okno_n1
2069721,0,0,0_okno_n1
2069725,1,1,1_pozaokno_n2
2069792,1,0,0_okno_n1
2069870,1,0,0_okno_n3-4
2069990,2,0,0_okno_n2
2070058,0,0,0_okno_n1
2070080,0,0,0_okno_n1
2070151,0,0,0_okno_n1
2070367,0,0,0_okno_n1
2070371,0,0,0_okno_n2
2070379,0,0,0_okno_n2
2070409,0,0,0_okno_n2
2070444,2,0,0_okno_n2
2070486,0,0,0_okno_n1
2070500,1,0,0_okno_n1
2070579,2,0,0_okno_n5+
2070591,2,0,0_okno_n2
2070631,1,0,0_okno_n1
2070636,2,0,0_okno_n1
2070701,0,0,0_okno_n1
2070704,3,0,0_okno_n1
2070729,4,0,0_okno_n1
2070758,1,0,0_okno_n3-4
2070775,3,0,0_okno_n1
2070778,2,1,1_pozaokno_n1
2070784,0,0,0_okno_n1
2070840,2,0,0_okno_n1
2070882,4,0,0_okno_n1
2070918,4,0,0_okno_n1
2070962,2,0,0_okno_n1
2071020,3,0,0_okno_n1
2071035,3,0,0_okno_n1
2071048,4,0,0_okno_n1
2071087,1,0,0_okno_n2
2071131,4,0,0_okno_n2
2071169,2,1,1_okno_n1
2071187,3,0,0_okno_n1
2071260,2,0,0_okno_n2
2071270,4,0,0_okno_n1
2071281,2,0,0_okno_n1
2071298,3,0,0_okno_n2
2071319,2,0,0_okno_n1
2071321,1,0,0_okno_n1
2071336,2,0,0_okno_n2
2071339,1,0,0_okno_n1
2071441,1,0,0_okno_n3-4
2071453,4,0,0_okno_n1
2071467,2,0,0_okno_n3-4
2071471,4,0,0_okno_n1
2071476,3,0,0_okno_n1
2071524,4,0,0_okno_n1
2071557,3,0,0_okno_n2
2071619,0,0,0_okno_n3-4
2071626,3,0,0_okno_n2
2071671,2,0,0_okno_n1
2071713,0,0,0_okno_n5+
2071727,1,0,0_okno_n2
2071772,1,1,1_pozaokno_n2
2071901,0,0,0_okno_n3-4
2071920,0,0,0_okno_n1
2072022,3,0,0_okno_n1
2072083,2,0,0_okno_n1
2072121,1,1,1_pozaokno_n2
2072126,1,0,0_okno_n1
2072128,0,0,0_okno_n1
2072131,1,0,0_okno_n2
2072145,2,0,0_okno_n2
2072163,0,0,0_okno_n1
2072207,1,0,0_okno_n2
2072242,3,0,0_okno_n1
2072246,1,0,0_okno_n3-4
2072352,0,0,0_okno_n1
2072370,1,0,0_okno_n1
2072381,0,0,0_okno_n3-4
2072385,1,0,0_okno_n2
2072389,0,0,0_okno_n1
2072400,2,0,0_okno_n1
2072407,3,0,0_okno_n1
2072443,4,0,0_okno_n2
2072445,2,0,0_okno_n1
2072452,4,0,0_okno_n1
2072475,2,0,0_okno_n1
2072533,0,0,0_okno_n1
2072559,3,0,0_okno_n1
2072612,0,0,0_okno_n1
2072684,1,0,0_okno_n2
2072689,2,0,0_okno_n2
2072730,4,0,0_okno_n1
2072751,3,0,0_okno_n3-4
2072756,3,0,0_okno_n1
2072767,3,0,0_okno_n1
2072805,0,0,0_okno_n1
2072807,0,0,0_okno_n1
2072862,1,0,0_okno_n2
2072958,4,0,0_okno_n1
2072976,2,1,1_pozaokno_n5+
2072980,3,0,0_okno_n2
2073162,4,0,0_okno_n2
2073262,2,0,0_okno_n2
2073267,1,0,0_okno_n2
2073380,4,0,0_okno_n1
2073419,3,0,0_okno_n3-4
2073439,4,0,0_okno_n1
2073464,2,0,0_okno_n1
2073483,0,0,0_okno_n1
2073524,3,0,0_okno_n2
2073540,0,0,0_okno_n5+
2073595,1,0,0_okno_n1
2073601,2,0,0_okno_n1
2073759,0,0,0_okno_n5+
2073782,1,0,0_okno_n5+
2073841,1,0,0_okno_n1
2073877,4,0,0_okno_n3-4
2073885,3,0,0_okno_n1
2073929,1,0,0_okno_n1
2073974,0,0,0_okno_n3-4
2074113,2,0,0_okno_n1
2074136,0,0,0_okno_n1
2074170,0,0,0_okno_n1
2074286,2,0,0_okno_n1
2074317,2,0,0_okno_n1
2074376,0,0,0_okno_n1
2074394,4,0,0_okno_n3-4
2074410,2,0,0_okno_n2
2074495,0,0,0_okno_n2
2074529,3,0,0_okno_n1
2074556,0,0,0_okno_n2
2074755,4,0,0_okno_n1
2074789,2,0,0_okno_n5+
2074822,1,0,0_okno_n1
2074905,2,0,0_okno_n1
2074968,0,0,0_okno_n1
2074970,0,0,0_okno_n3-4
2075122,2,0,0_okno_n2
2075286,3,0,0_okno_n1
2075320,3,0,0_okno_n1
2075326,3,0,0_okno_n1
2075400,0,0,0_okno_n1
2075415,4,0,0_okno_n1
2075440,0,0,0_okno_n1
2075518,2,0,0_okno_n5+
2075519,4,0,0_okno_n3-4
2075560,0,1,1_pozaokno_n1
2075589,2,0,0_okno_n1
2075591,1,0,0_okno_n1
2075722,0,0,0_okno_n1
2075725,4,0,0_okno_n3-4
2075732,4,0,0_okno_n1
2075740,2,0,0_okno_n1
2075891,3,0,0_okno_n1
2076073,1,0,0_okno_n5+
2076119,3,0,0_okno_n1
2076247,1,0,0_okno_n1
2076257,1,0,0_okno_n1
2076259,3,0,0_okno_n1
2076314,0,0,0_okno_n1
2076341,1,0,0_okno_n1
2076449,0,0,0_okno_n3-4
2076465,1,0,0_okno_n1
2076468,4,0,0_okno_n5+
2076536,1,0,0_okno_n2
2076620,4,0,0_okno_n1
2076624,3,0,0_okno_n1
2076642,3,0,0_okno_n1
2076675,1,0,0_okno_n2
2076705,4,1,1_pozaokno_n2
2076708,1,0,0_okno_n3-4
2076753,3,0,0_okno_n1
2076781,3,0,0_okno_n2
2076818,3,0,0_okno_n1
2076871,2,0,0_okno_n1
2076990,4,0,0_okno_n1
2076998,1,0,0_okno_n2
2077002,4,0,0_okno_n1
2077050,4,0,0_okno_n2
2077080,1,0,0_okno_n1
2077121,0,0,0_okno_n1
2077134,1,1,1_pozaokno_n1
2077137,1,0,0_okno_n2
2077169,4,0,0_okno_n2
2077209,0,0,0_okno_n1
2077213,1,0,0_okno_n1
2077403,4,0,0_okno_n2
2077437,3,0,0_okno_n1
2077579,2,0,0_okno_n1
2077649,1,0,0_okno_n2
2077653,3,0,0_okno_n1
2077742,1,0,0_okno_n2
2077842,3,0,0_okno_n1
2077882,3,0,0_okno_n1
2078004,3,0,0_okno_n1
2078007,2,0,0_okno_n1
2078039,3,0,0_okno_n1
2078045,3,0,0_okno_n3-4
2078052,4,0,0_okno_n1
2078075,4,0,0_okno_n1
2078314,4,1,1_pozaokno_n5+
2078368,4,0,0_okno_n5+
2078503,0,0,0_okno_n3-4
2078523,3,0,0_okno_n1
2078537,3,0,0_okno_n2
2078562,3,0,0_okno_n1
2078574,4,0,0_okno_n1
2078608,2,0,0_okno_n2
2078683,4,0,0_okno_n1
2078709,4,0,0_okno_n1
2078818,3,0,0_okno_n1
2078870,3,0,0_okno_n2
2078925,0,0,0_okno_n1
2078932,1,0,0_okno_n1
2078935,2,0,0_okno_n1
2079043,2,0,0_okno_n1
2079124,4,0,0_okno_n1
2079143,1,0,0_okno_n1
2079164,2,0,0_okno_n1
2079171,2,0,0_okno_n5+
2079243,3,0,0_okno_n1
2079369,1,0,0_okno_n5+
2079477,1,0,0_okno_n3-4
2079500,0,0,0_okno_n1
2079582,3,0,0_okno_n1
2079735,2,0,0_okno_n1
2079761,0,0,0_okno_n1
2079892,3,0,0_okno_n5+
2080011,0,1,1_pozaokno_n1
2080057,0,0,0_okno_n1
2080081,1,0,0_okno_n2
2080100,3,0,0_okno_n2
2080107,3,0,0_okno_n1
2080155,2,0,0_okno_n1
2080196,1,1,1_pozaokno_n1
2080232,4,0,0_okno_n1
2080337,1,0,0_okno_n3-4
2080339,2,0,0_okno_n5+
2080353,4,0,0_okno_n1
2080385,1,0,0_okno_n1
2080497,0,0,0_okno_n1
2080522,0,1,1_pozaokno_n3-4
2080629,3,0,0_okno_n1
2080652,3,0,0_okno_n2
2080739,1,0,0_okno_n2
2080775,0,0,0_okno_n1
2080777,3,0,0_okno_n1
2080849,3,0,0_okno_n1
2080933,0,0,0_okno_n2
2080991,2,0,0_okno_n1
2081042,4,0,0_okno_n2
2081066,4,0,0_okno_n1
2081127,3,0,0_okno_n1
2081147,2,0,0_okno_n2
2081169,3,0,0_okno_n1
2081179,4,0,0_okno_n5+
2081258,0,0,0_okno_n1
2081263,3,0,0_okno_n1
2081345,4,0,0_okno_n3-4
2081350,3,0,0_okno_n1
2081419,3,0,0_okno_n1
2081437,3,0,0_okno_n2
2081439,4,0,0_okno_n2
2081483,1,0,0_okno_n1
2081496,1,0,0_okno_n1
2081507,1,0,0_okno_n2
2081539,4,0,0_okno_n1
2081553,1,0,0_okno_n3-4
2081723,2,0,0_okno_n2
2081772,3,0,0_okno_n3-4
2081813,3,0,0_okno_n1
2081884,1,0,0_okno_n1
2081889,2,0,0_okno_n1
2081896,4,0,0_okno_n1
2081905,2,0,0_okno_n1
2081945,2,0,0_okno_n2
2082092,3,0,0_okno_n1
2082176,1,0,0_okno_n1
2082264,1,0,0_okno_n1
2082369,2,0,0_okno_n2
2082371,2,0,0_okno_n1
2082475,2,0,0_okno_n1
2082517,1,0,0_okno_n2
2082521,3,0,0_okno_n1
2082544,1,0,0_okno_n1
2082570,2,0,0_okno_n5+
2082615,4,0,0_okno_n2
2082678,3,0,0_okno_n1
2082806,3,0,0_okno_n3-4
2082924,1,1,1_okno_n5+
2082933,1,0,0_okno_n3-4
2082942,2,0,0_okno_n5+
2082955,1,0,0_okno_n1
2082980,3,0,0_okno_n1
2082991,2,0,0_okno_n1
2083002,3,1,1_pozaokno_n5+
2083182,4,0,0_okno_n2
2083199,2,0,0_okno_n1
2083216,3,0,0_okno_n1
2083244,2,0,0_okno_n1
2083254,4,0,0_okno_n2
2083263,1,0,0_okno_n2
2083349,0,0,0_okno_n2
2083368,3,0,0_okno_n5+
2083393,4,0,0_okno_n1
2083461,0,0,0_okno_n5+
2083485,3,0,0_okno_n1
2083502,0,0,0_okno_n2
2083541,3,0,0_okno_n1
2083558,3,0,0_okno_n1
2083633,3,0,0_okno_n2
2083662,4,0,0_okno_n2
2083704,2,0,0_okno_n1
2083709,2,0,0_okno_n2
2083729,3,0,0_okno_n5+
2083853,1,0,0_okno_n3-4
2083902,2,0,0_okno_n1
2083920,2,0,0_okno_n2
2083921,1,0,0_okno_n5+
2083943,3,0,0_okno_n3-4
2083960,2,0,0_okno_n2
2083992,1,0,0_okno_n3-4
2084027,3,0,0_okno_n5+
2084028,3,0,0_okno_n2
2084080,0,0,0_okno_n1
2084147,0,0,0_okno_n1
2084179,4,0,0_okno_n1
2084231,1,0,0_okno_n1
2084239,2,0,0_okno_n1
2084252,2,0,0_okno_n2
2084315,2,0,0_okno_n1
2084317,1,0,0_okno_n2
2084325,1,0,0_okno_n2
2084328,3,0,0_okno_n1
2084329,0,0,0_okno_n3-4
2084359,3,0,0_okno_n5+
2084371,4,0,0_okno_n2
2084401,0,0,0_okno_n5+
2084422,1,0,0_okno_n1
2084424,1,0,0_okno_n1
2084497,3,0,0_okno_n2
2084542,3,0,0_okno_n1
2084571,2,0,0_okno_n3-4
2084598,0,0,0_okno_n2
2084611,0,0,0_okno_n1
2084771,0,0,0_okno_n3-4
2084778,0,0,0_okno_n3-4
2084817,0,0,0_okno_n2
2084911,1,0,0_okno_n1
2084929,2,0,0_okno_n1
2084955,0,0,0_okno_n1
2084962,1,0,0_okno_n5+
2084975,2,0,0_okno_n5+
2085059,2,0,0_okno_n1
2085063,2,0,0_okno_n1
2085093,1,0,0_okno_n1
2085142,1,0,0_okno_n1
2085210,4,0,0_okno_n1
2085240,3,0,0_okno_n1
2085249,1,0,0_okno_n1
2085298,4,0,0_okno_n3-4
2085305,4,0,0_okno_n2
2085357,0,0,0_okno_n3-4
2085361,4,0,0_okno_n1
2085367,0,0,0_okno_n1
2085404,2,0,0_okno_n5+
2085444,4,0,0_okno_n2
2085497,3,0,0_okno_n1
2085536,0,0,0_okno_n1
2085568,2,0,0_okno_n2
2085579,2,0,0_okno_n3-4
2085580,3,0,0_okno_n2
2085761,3,0,0_okno_n1
2085809,0,0,0_okno_n1
2085905,1,0,0_okno_n2
2085906,4,0,0_okno_n1
2085923,0,0,0_okno_n5+
2085933,1,0,0_okno_n2
2085942,4,0,0_okno_n2
2085943,2,0,0_okno_n1
2085947,3,0,0_okno_n1
2085957,1,0,0_okno_n1
2086070,4,0,0_okno_n3-4
2086091,4,0,0_okno_n1
2086162,0,0,0_okno_n1
2086177,3,0,0_okno_n3-4
2086184,1,0,0_okno_n1
2086229,3,0,0_okno_n1
2086311,1,0,0_okno_n1
2086341,0,0,0_okno_n2
2086377,1,0,0_okno_n1
2086427,2,0,0_okno_n1
2086452,3,0,0_okno_n1
2086531,0,0,0_okno_n1
2086566,1,0,0_okno_n3-4
2086601,3,0,0_okno_n2
2086652,3,0,0_okno_n2
2086769,3,0,0_okno_n1
2086779,3,0,0_okno_n3-4
2086836,1,0,0_okno_n1
2086859,1,0,0_okno_n1
2086927,4,0,0_okno_n3-4
2086955,2,0,0_okno_n1
2086994,0,0,0_okno_n1
2087023,1,0,0_okno_n1
2087047,3,0,0_okno_n1
2087080,1,0,0_okno_n1
2087169,2,0,0_okno_n1
2087265,4,0,0_okno_n5+
2087287,0,0,0_okno_n1
2087333,3,0,0_okno_n2
2087335,4,0,0_okno_n1
2087340,3,0,0_okno_n1
2087359,1,0,0_okno_n3-4
2087386,1,0,0_okno_n2
2087535,1,0,0_okno_n1
2087551,4,0,0_okno_n1
2087565,4,0,0_okno_n1
2087584,0,0,0_okno_n2
2087604,2,0,0_okno_n2
2087660,3,0,0_okno_n1
2087749,0,0,0_okno_n1
2087756,1,0,0_okno_n2
2087809,0,0,0_okno_n1
2087861,3,0,0_okno_n1
2087898,0,0,0_okno_n3-4
2087930,0,0,0_okno_n1
2087987,3,0,0_okno_n1
2087998,2,0,0_okno_n5+
2088011,1,0,0_okno_n2
2088018,2,0,0_okno_n3-4
2088039,1,0,0_okno_n1
2088084,3,0,0_okno_n2
2088208,1,0,0_okno_n2
2088260,3,0,0_okno_n1
2088271,4,0,0_okno_n1
2088274,4,0,0_okno_n1
2088279,2,0,0_okno_n1
2088321,0,0,0_okno_n3-4
2088328,3,0,0_okno_n2
2088497,1,0,0_okno_n1
2088511,1,0,0_okno_n3-4
2088528,3,0,0_okno_n3-4
2088661,4,0,0_okno_n1
2088706,3,0,0_okno_n1
2088762,2,0,0_okno_n5+
2088770,3,0,0_okno_n1
2088836,4,0,0_okno_n1
2088846,4,0,0_okno_n1
2088851,1,0,0_okno_n1
2088910,0,0,0_okno_n3-4
2088921,1,0,0_okno_n2
2088941,3,0,0_okno_n5+
2089021,0,0,0_okno_n1
2089037,3,0,0_okno_n3-4
2089067,0,0,0_okno_n1
2089110,2,0,0_okno_n1
2089208,0,0,0_okno_n1
2089233,4,0,0_okno_n3-4
2089263,0,0,0_okno_n1
2089342,0,0,0_okno_n1
2089360,2,0,0_okno_n1
2089364,4,0,0_okno_n1
2089410,3,0,0_okno_n3-4
2089440,4,0,0_okno_n2
2089596,2,0,0_okno_n1
2089679,1,0,0_okno_n1
2089718,2,0,0_okno_n3-4
2089722,4,0,0_okno_n1
2089736,2,0,0_okno_n1
2089746,3,0,0_okno_n1
2089757,4,0,0_okno_n1
2089858,0,0,0_okno_n2
2089876,3,0,0_okno_n3-4
2089941,1,0,0_okno_n2
2089955,2,0,0_okno_n1
2089977,2,0,0_okno_n1
2090043,2,0,0_okno_n1
2090072,2,0,0_okno_n5+
2090081,4,0,0_okno_n1
2090107,3,0,0_okno_n1
2090154,3,0,0_okno_n3-4
2090233,3,0,0_okno_n1
2090295,1,0,0_okno_n2
2090343,3,0,0_okno_n1
2090368,0,0,0_okno_n2
2090402,2,0,0_okno_n1
2090404,3,0,0_okno_n3-4
2090484,4,0,0_okno_n3-4
2090510,1,0,0_okno_n1
2090542,1,0,0_okno_n1
2090564,2,0,0_okno_n1
2090625,4,0,0_okno_n1
2090633,4,0,0_okno_n1
2090732,2,0,0_okno_n2
2090800,1,0,0_okno_n1
2090899,3,0,0_okno_n1
2090944,2,0,0_okno_n3-4
2091025,3,0,0_okno_n1
2091054,1,0,0_okno_n1
2091107,2,0,0_okno_n1
2091114,3,0,0_okno_n5+
2091160,4,0,0_okno_n3-4
2091176,4,0,0_okno_n1
2091199,3,0,0_okno_n2
2091273,4,0,0_okno_n1
2091334,2,0,0_okno_n2
2091352,1,0,0_okno_n5+
2091361,3,0,0_okno_n1
2091420,3,0,0_okno_n5+
2091481,4,0,0_okno_n1
2091482,1,0,0_okno_n1
2091589,4,0,0_okno_n1
2091658,3,0,0_okno_n1
2091664,2,0,0_okno_n1
2091725,3,0,0_okno_n2
2091759,1,0,0_okno_n3-4
2091816,3,0,0_okno_n1
2091885,3,0,0_okno_n5+
2091911,2,0,0_okno_n5+
2092009,3,0,0_okno_n1
2092027,0,0,0_okno_n1
2092050,0,0,0_okno_n1
2092107,2,0,0_okno_n3-4
2092137,0,0,0_okno_n2
2092200,3,0,0_okno_n2
2092206,3,0,0_okno_n3-4
2092279,1,0,0_okno_n2
2092336,0,0,0_okno_n2
2092391,1,0,0_okno_n2
2092393,0,0,0_okno_n1
2092470,4,0,0_okno_n1
2092517,2,0,0_okno_n1
2092537,2,0,0_okno_n5+
2092786,3,0,0_okno_n1
2092792,3,0,0_okno_n3-4
2092809,1,0,0_okno_n1
2092846,3,0,0_okno_n2
2092881,0,0,0_okno_n1
2092936,4,0,0_okno_n2
2092940,1,0,0_okno_n1
2092942,3,0,0_okno_n3-4
2092988,1,0,0_okno_n1
2093029,2,0,0_okno_n3-4
2093065,3,0,0_okno_n1
2093070,2,0,0_okno_n3-4
2093183,3,0,0_okno_n1
2093200,1,0,0_okno_n2
2093224,1,0,0_okno_n3-4
2093272,2,0,0_okno_n2
2093320,3,0,0_okno_n1
2093328,1,0,0_okno_n1
2093329,3,0,0_okno_n2
2093368,4,0,0_okno_n1
2093369,0,0,0_okno_n3-4
2093379,0,0,0_okno_n1
2093391,2,1,1_pozaokno_n2
2093406,1,1,1_pozaokno_n2
2093430,3,0,0_okno_n1
2093483,3,0,0_okno_n1
2093591,2,0,0_okno_n1
2093598,4,0,0_okno_n1
2093600,0,0,0_okno_n1
2093642,4,0,0_okno_n2
2093655,2,0,0_okno_n3-4
2093672,1,0,0_okno_n1
2093674,2,0,0_okno_n1
2093702,0,0,0_okno_n2
2093752,3,0,0_okno_n1
2093756,0,0,0_okno_n1
2093759,1,0,0_okno_n2
2093806,2,0,0_okno_n1
2093942,2,0,0_okno_n1
2093954,4,0,0_okno_n3-4
2093997,0,0,0_okno_n1
2094082,3,0,0_okno_n2
2094106,4,0,0_okno_n2
2094261,0,0,0_okno_n5+
2094286,2,0,0_okno_n2
2094289,3,0,0_okno_n1
2094291,4,1,1_okno_n1
2094396,4,0,0_okno_n1
2094409,0,0,0_okno_n2
2094418,0,0,0_okno_n2
2094464,1,0,0_okno_n2
2094483,0,0,0_okno_n2
2094522,1,0,0_okno_n1
2094575,2,0,0_okno_n1
2094584,4,0,0_okno_n1
2094634,4,1,1_okno_n3-4
2094706,3,0,0_okno_n2
2094755,1,0,0_okno_n1
2094769,1,0,0_okno_n1
2094776,4,0,0_okno_n2
2094778,1,0,0_okno_n1
2094800,4,0,0_okno_n2
2094811,0,0,0_okno_n3-4
2094834,1,0,0_okno_n1
2094863,1,1,1_okno_n2
2094868,2,0,0_okno_n2
2094876,0,0,0_okno_n1
2094889,2,1,1_okno_n3-4
2094894,3,0,0_okno_n3-4
2094918,2,0,0_okno_n3-4
2094974,4,0,0_okno_n2
2094993,1,0,0_okno_n2
2095000,4,0,0_okno_n2
2095031,3,0,0_okno_n3-4
2095032,3,0,0_okno_n2
2095058,0,0,0_okno_n1
2095072,2,0,0_okno_n1
2095079,2,0,0_okno_n1
2095096,0,0,0_okno_n3-4
2095110,3,0,0_okno_n1
2095130,2,0,0_okno_n1
2095166,0,0,0_okno_n3-4
2095245,1,0,0_okno_n1
2095277,1,0,0_okno_n1
2095291,1,0,0_okno_n3-4
2095402,2,1,1_okno_n3-4
2095430,1,0,0_okno_n1
2095501,3,0,0_okno_n1
2095513,1,0,0_okno_n2
2095518,3,0,0_okno_n5+
2095552,4,0,0_okno_n1
2095589,0,0,0_okno_n2
2095592,3,0,0_okno_n3-4
2095680,0,0,0_okno_n5+
2095703,4,0,0_okno_n3-4
2095729,3,0,0_okno_n3-4
2095781,1,0,0_okno_n1
2095820,2,0,0_okno_n1
2095873,1,0,0_okno_n2
2095933,4,0,0_okno_n1
2095940,3,0,0_okno_n1
2095957,1,0,0_okno_n5+
2096006,3,0,0_okno_n3-4
2096025,1,0,0_okno_n1
2096045,3,0,0_okno_n2
2096048,2,0,0_okno_n3-4
2096107,3,0,0_okno_n5+
2096111,1,0,0_okno_n1
2096218,1,0,0_okno_n5+
2096294,4,0,0_okno_n1
2096302,0,0,0_okno_n3-4
2096305,0,0,0_okno_n1
2096306,3,0,0_okno_n3-4
2096310,0,0,0_okno_n2
2096312,0,0,0_okno_n1
2096322,3,0,0_okno_n1
2096342,0,0,0_okno_n5+
2096347,4,0,0_okno_n3-4
2096356,2,0,0_okno_n1
2096357,2,0,0_okno_n2
2096360,1,0,0_okno_n1
2096363,4,0,0_okno_n1
2096381,4,0,0_okno_n1
2096401,4,0,0_okno_n2
2096453,2,0,0_okno_n1
2096505,4,0,0_okno_n1
2096510,4,0,0_okno_n1
2096516,2,0,0_okno_n1
2096518,4,0,0_okno_n1
2096522,4,0,0_okno_n2
2096556,4,0,0_okno_n5+
2096567,3,0,0_okno_n2
2096568,3,0,0_okno_n2
2096572,0,0,0_okno_n1
2096596,3,0,0_okno_n3-4
2096613,0,0,0_okno_n5+
2096626,1,0,0_okno_n3-4
2096627,2,0,0_okno_n2
2096637,0,0,0_okno_n1
2096642,4,0,0_okno_n1
2096668,2,0,0_okno_n2
2096684,0,0,0_okno_n1
2096686,4,0,0_okno_n1
2096725,0,0,0_okno_n2
2096731,2,0,0_okno_n1
2096735,4,0,0_okno_n1
2096778,2,0,0_okno_n5+
2096796,0,0,0_okno_n1
2096819,0,0,0_okno_n2
2096861,4,0,0_okno_n1
2096871,2,0,0_okno_n3-4
2096873,0,0,0_okno_n1
2096881,0,0,0_okno_n1
2096895,1,0,0_okno_n2
2096904,0,0,0_okno_n1
2096909,4,0,0_okno_n1
2096913,1,0,0_okno_n2
2096920,2,0,0_okno_n1
2096927,2,0,0_okno_n1
2096929,1,0,0_okno_n1
2096935,4,0,0_okno_n1
2096954,2,0,0_okno_n1
2096965,2,0,0_okno_n3-4
2096967,4,0,0_okno_n2
2096974,0,0,0_okno_n1
2096976,0,0,0_okno_n2
2096978,0,0,0_okno_n3-4
2096980,0,0,0_okno_n1
2096986,2,0,0_okno_n2
2096988,3,0,0_okno_n1
2097000,1,0,0_okno_n1
2097011,1,0,0_okno_n2
2097012,1,0,0_okno_n1
2097013,1,0,0_okno_n1
2097016,3,0,0_okno_n1
2097019,2,0,0_okno_n1
2097021,1,0,0_okno_n1
2097032,0,0,0_okno_n1
2097040,3,0,0_okno_n1
2097043,2,0,0_okno_n1
2097046,3,0,0_okno_n3-4
2097047,2,0,0_okno_n1
2097057,1,0,0_okno_n1
2097058,1,0,0_okno_n1
2097061,2,0,0_okno_n1
2097062,3,0,0_okno_n5+
2097064,1,0,0_okno_n2
2097065,3,0,0_okno_n1
2097071,1,0,0_okno_n1
2097073,1,0,0_okno_n1
2097075,0,0,0_okno_n2
2097079,3,0,0_okno_n1
2097081,4,0,0_okno_n1
2097098,2,0,0_okno_n1
2097101,2,0,0_okno_n1
2097105,2,0,0_okno_n2
2097108,2,0,0_okno_n1
2097116,3,0,0_okno_n1
2097118,4,0,0_okno_n1
2097129,2,0,0_okno_n1
2097130,2,0,0_okno_n1
2097136,0,0,0_okno_n5+
2097142,2,0,0_okno_n3-4
2097149,1,0,0_okno_n1
2097152,3,0,0_okno_n1
2097161,0,0,0_okno_n1
2097163,1,0,0_okno_n1
2097164,3,0,0_okno_n1
2097167,2,0,0_okno_n1
2097170,1,0,0_okno_n5+
2097182,2,0,0_okno_n3-4
2097187,3,0,0_okno_n2
2097208,1,0,0_okno_n2
2097222,2,0,0_okno_n1
2097265,1,0,0_okno_n3-4
2097282,1,0,0_okno_n3-4
2097306,2,0,0_okno_n1
2097389,1,0,0_okno_n1
2097412,2,0,0_okno_n1
2097432,1,0,0_okno_n1
2097436,0,0,0_okno_n1
2097479,4,0,0_okno_n1
2097482,4,0,0_okno_n2
2097483,0,0,0_okno_n5+
2097488,0,0,0_okno_n2
2097500,3,0,0_okno_n5+
2097512,1,0,0_okno_n2
2097514,1,0,0_okno_n2
2097516,3,0,0_okno_n3-4
2097521,2,0,0_okno_n1
2097522,0,0,0_okno_n2
2097525,0,0,0_okno_n3-4
2097526,0,0,0_okno_n3-4
2097527,0,0,0_okno_n1
2097534,1,0,0_okno_n2
2097567,4,0,0_okno_n1
2097599,0,0,0_okno_n1
2097606,4,0,0_okno_n5+
2097656,3,0,0_okno_n2
2097689,0,0,0_okno_n1
2097704,3,0,0_okno_n1
2097712,2,0,0_okno_n2
2097719,0,0,0_okno_n1
2097721,4,0,0_okno_n3-4
2097744,4,0,0_okno_n1
2097770,4,0,0_okno_n1
2097786,2,0,0_okno_n2
2097794,0,0,0_okno_n1
2097798,0,0,0_okno_n1
2097801,3,0,0_okno_n1
2097805,0,0,0_okno_n1
2097808,4,0,0_okno_n1
2097810,2,0,0_okno_n2
2097829,4,0,0_okno_n1
2097884,4,0,0_okno_n1
2097898,3,0,0_okno_n1
2097908,4,0,0_okno_n3-4
2097911,0,0,0_okno_n1
2097918,2,0,0_okno_n3-4
2097933,0,0,0_okno_n1
2097936,3,0,0_okno_n1
2097944,4,0,0_okno_n3-4
2097959,3,0,0_okno_n3-4
2098012,0,0,0_okno_n2
2098022,2,0,0_okno_n1
2098036,2,0,0_okno_n2
2098050,3,0,0_okno_n2
2098054,3,0,0_okno_n5+
2098066,2,0,0_okno_n1
2098072,3,0,0_okno_n1
2098074,3,0,0_okno_n1
2098085,3,0,0_okno_n1
2098086,1,0,0_okno_n1
2098101,2,0,0_okno_n1
2098108,2,0,0_okno_n1
2098109,2,0,0_okno_n1
2098110,0,0,0_okno_n1
2098113,3,0,0_okno_n2
2098133,2,0,0_okno_n1
2098148,0,0,0_okno_n2
2098156,3,0,0_okno_n2
2098158,2,0,0_okno_n3-4
2098176,1,0,0_okno_n3-4
2098210,3,0,0_okno_n1
2098226,4,0,0_okno_n1
2098268,2,0,0_okno_n1
2098269,0,0,0_okno_n1
2098350,3,0,0_okno_n1
2098373,2,0,0_okno_n1
2098386,2,0,0_okno_n1
2098393,0,0,0_okno_n5+
2098396,2,0,0_okno_n1
2098404,3,0,0_okno_n1
2098406,3,0,0_okno_n2
2098409,1,0,0_okno_n1
2098411,2,0,0_okno_n1
2098418,2,0,0_okno_n3-4
2098420,1,0,0_okno_n5+
2098424,4,0,0_okno_n1
2098425,4,0,0_okno_n1
2098426,2,0,0_okno_n1
2098428,0,0,0_okno_n2
2098434,3,0,0_okno_n1
2098436,2,0,0_okno_n1
2098440,2,0,0_okno_n3-4
2098443,4,0,0_okno_n1
2098452,1,0,0_okno_n1
2098453,4,0,0_okno_n1
2098464,2,0,0_okno_n1
2098471,4,0,0_okno_n2
2098473,4,0,0_okno_n2
2098476,2,0,0_okno_n5+
2098482,4,0,0_okno_n1
2098486,1,0,0_okno_n5+
2098495,2,0,0_okno_n3-4
2098498,4,0,0_okno_n1
2098502,4,0,0_okno_n1
2098506,2,0,0_okno_n2
2098517,2,0,0_okno_n1
2098540,2,0,0_okno_n5+
2098558,3,0,0_okno_n1
2098571,0,0,0_okno_n1
2098580,2,0,0_okno_n1
2098589,0,0,0_okno_n1
2098591,4,0,0_okno_n3-4
2098593,3,0,0_okno_n1
2098602,4,0,0_okno_n1
2098605,3,0,0_okno_n1
2098614,2,0,0_okno_n2
2098634,2,0,0_okno_n3-4
2098658,2,0,0_okno_n1
2098671,0,0,0_okno_n1
2098674,2,0,0_okno_n3-4
2098680,4,0,0_okno_n1
2098724,0,0,0_okno_n2
2098761,2,0,0_okno_n1
2098762,0,0,0_okno_n1
2098823,2,0,0_okno_n1
2098825,0,0,0_okno_n3-4
2098826,4,0,0_okno_n2
2098833,0,0,0_okno_n3-4
2098853,0,0,0_okno_n1
2098875,0,0,0_okno_n3-4
2098884,1,0,0_okno_n2
2098888,0,0,0_okno_n1
2098893,3,0,0_okno_n3-4
2098894,3,0,0_okno_n3-4
2098897,1,0,0_okno_n1
2098901,1,0,0_okno_n1
2098910,2,0,0_okno_n3-4
2098934,4,0,0_okno_n1
2098959,3,0,0_okno_n2
2098962,4,0,0_okno_n2
2098967,3,0,0_okno_n1
2098973,2,0,0_okno_n2
2098975,2,0,0_okno_n1
2098977,0,0,0_okno_n1
2099005,4,0,0_okno_n1
2099013,4,0,0_okno_n1
2099020,4,0,0_okno_n5+
2099035,0,0,0_okno_n1
2099050,2,0,0_okno_n1
2099053,4,0,0_okno_n1
2099085,3,0,0_okno_n1
2099098,0,0,0_okno_n2
2099102,2,0,0_okno_n2
2099103,0,0,0_okno_n1
2099115,0,0,0_okno_n3-4
2099142,2,0,0_okno_n1
2099151,4,0,0_okno_n1
2099172,3,0,0_okno_n1
2099189,3,0,0_okno_n1
2099195,4,0,0_okno_n1
2099213,0,0,0_okno_n5+
2099216,0,0,0_okno_n3-4
2099234,4,0,0_okno_n1
2099238,4,0,0_okno_n1
2099240,1,0,0_okno_n5+
2099248,3,0,0_okno_n5+
2099257,2,0,0_okno_n1
2099291,3,0,0_okno_n1
2099306,0,0,0_okno_n1
2099316,0,0,0_okno_n2
2099333,0,0,0_okno_n1
2099376,3,0,0_okno_n1
2099386,2,0,0_okno_n1
2099407,3,0,0_okno_n2
2099434,3,1,1_okno_n3-4
2099444,1,0,0_okno_n1
2099466,1,0,0_okno_n1
2099473,3,0,0_okno_n3-4
2099481,2,0,0_okno_n1
2099482,2,0,0_okno_n1
2099487,2,0,0_okno_n1
2099509,2,0,0_okno_n2
2099522,4,0,0_okno_n1
2099524,0,0,0_okno_n2
2099534,0,0,0_okno_n3-4
2099537,1,0,0_okno_n1
2099541,4,0,0_okno_n1
2099548,1,0,0_okno_n2
2099553,1,0,0_okno_n3-4
2099556,1,0,0_okno_n1
2099642,1,0,0_okno_n1
2099656,0,0,0_okno_n3-4
2099676,0,0,0_okno_n1
2099685,4,0,0_okno_n2
2099692,3,0,0_okno_n1
2099719,0,0,0_okno_n1
2099738,0,0,0_okno_n1
2099755,2,0,0_okno_n1
2099780,1,0,0_okno_n2
2099786,4,0,0_okno_n2
2099794,1,0,0_okno_n2
2099800,3,0,0_okno_n3-4
2099813,3,0,0_okno_n2
2099829,3,0,0_okno_n1
2099860,4,0,0_okno_n3-4
2099864,0,0,0_okno_n1
2099865,3,0,0_okno_n5+
2099868,2,0,0_okno_n1
2099877,2,0,0_okno_n1
2099904,2,0,0_okno_n1
2099934,2,0,0_okno_n2
2099938,3,0,0_okno_n3-4
2099940,3,0,0_okno_n1
2099962,1,0,0_okno_n1
2099988,0,0,0_okno_n1
2100003,2,0,0_okno_n2
2100006,4,0,0_okno_n5+
2100012,1,0,0_okno_n1
2100019,4,0,0_okno_n1
2100037,1,0,0_okno_n2
2100049,4,0,0_okno_n2
2100112,2,0,0_okno_n3-4
2100132,4,0,0_okno_n2
2100141,2,0,0_okno_n2
2100143,2,0,0_okno_n1
2100149,4,0,0_okno_n1
2100152,1,0,0_okno_n2
2100153,4,0,0_okno_n1
2100157,4,0,0_okno_n1
2100164,3,0,0_okno_n3-4
2100168,2,0,0_okno_n2
2100173,3,0,0_okno_n3-4
2100176,4,0,0_okno_n2
2100185,0,0,0_okno_n1
2100204,2,0,0_okno_n2
2100206,1,0,0_okno_n2
2100209,3,0,0_okno_n2
2100215,0,0,0_okno_n2
2100224,2,0,0_okno_n1
2100226,2,0,0_okno_n1
2100228,2,0,0_okno_n1
2100238,1,0,0_okno_n1
2100251,1,0,0_okno_n1
2100264,0,0,0_okno_n1
2100267,0,0,0_okno_n1
2100275,0,0,0_okno_n1
2100282,3,0,0_okno_n1
2100289,3,0,0_okno_n3-4
2100372,3,0,0_okno_n1
2100387,0,0,0_okno_n1
2100388,0,0,0_okno_n1
2100409,2,0,0_okno_n1
2100434,2,0,0_okno_n2
2100447,1,0,0_okno_n2
2100453,4,0,0_okno_n1
2100474,0,0,0_okno_n1
2100481,4,0,0_okno_n1
2100493,2,0,0_okno_n1
2100522,3,0,0_okno_n2
2100529,0,0,0_okno_n2
2100536,1,0,0_okno_n1
2100543,0,0,0_okno_n3-4
2100544,1,0,0_okno_n1
2100569,0,0,0_okno_n1
2100572,3,0,0_okno_n2
2100578,2,0,0_okno_n1
2100579,1,0,0_okno_n1
2100591,1,0,0_okno_n1
2100595,1,0,0_okno_n5+
2100612,0,0,0_okno_n1
2100618,3,0,0_okno_n1
2100629,2,0,0_okno_n1
2100656,3,0,0_okno_n1
2100682,0,0,0_okno_n1
2100694,4,0,0_okno_n1
2100731,3,0,0_okno_n2
2100739,3,0,0_okno_n1
2100769,1,0,0_okno_n3-4
2100791,0,0,0_okno_n3-4
2100793,1,0,0_okno_n1
2100797,2,0,0_okno_n3-4
2100808,0,0,0_okno_n3-4
2100851,2,0,0_okno_n2
2100855,0,0,0_okno_n1
2100864,4,0,0_okno_n1
2100865,1,0,0_okno_n2
2100880,4,0,0_okno_n1
2100888,4,0,0_okno_n2
2100891,1,0,0_okno_n1
2100892,2,0,0_okno_n1
2100898,0,0,0_okno_n1
2100907,2,0,0_okno_n1
2100908,0,0,0_okno_n1
2100911,1,0,0_okno_n2
2100912,2,0,0_okno_n1
2100918,4,0,0_okno_n1
2100929,1,0,0_okno_n1
2100981,4,0,0_okno_n3-4
2101013,0,0,0_okno_n1
2101022,3,0,0_okno_n1
2101057,4,0,0_okno_n1
2101082,1,0,0_okno_n1
2101104,2,0,0_okno_n1
2101147,2,0,0_okno_n3-4
2101166,0,0,0_okno_n2
2101180,3,0,0_okno_n1
2101182,0,0,0_okno_n5+
2101193,4,0,0_okno_n1
2101204,3,0,0_okno_n1
2101235,3,0,0_okno_n1
2101237,4,0,0_okno_n1
2101239,1,0,0_okno_n5+
2101248,4,0,0_okno_n1
2101263,2,0,0_okno_n1
2101329,3,0,0_okno_n2
2101341,0,0,0_okno_n2
2101372,4,0,0_okno_n3-4
2101392,1,0,0_okno_n2
2101410,0,0,0_okno_n3-4
2101420,3,0,0_okno_n1
2101438,1,0,0_okno_n1
2101460,3,0,0_okno_n1
2101507,4,0,0_okno_n2
2101510,3,0,0_okno_n2
2101518,0,0,0_okno_n1
2101550,0,0,0_okno_n1
2101553,0,0,0_okno_n1
2101555,1,0,0_okno_n2
2101556,2,0,0_okno_n1
2101558,4,0,0_okno_n1
2101562,4,0,0_okno_n5+
2101587,2,0,0_okno_n2
2101590,4,0,0_okno_n2
2101618,1,0,0_okno_n1
2101631,3,0,0_okno_n1
2101642,0,0,0_okno_n1
2101661,4,0,0_okno_n1
2101673,3,0,0_okno_n2
2101676,0,0,0_okno_n1
2101680,1,0,0_okno_n1
2101711,3,0,0_okno_n2
2101717,2,0,0_okno_n5+
2101720,4,0,0_okno_n1
2101728,0,0,0_okno_n1
2101751,0,0,0_okno_n1
2101759,2,0,0_okno_n2
2101771,1,0,0_okno_n1
2101775,3,0,0_okno_n1
2101776,2,0,0_okno_n2
2101780,1,0,0_okno_n1
2101794,2,0,0_okno_n1
2101796,0,0,0_okno_n1
2101798,3,0,0_okno_n1
2101800,4,0,0_okno_n1
2101802,3,0,0_okno_n1
2101803,4,0,0_okno_n1
2101804,1,0,0_okno_n1
2101815,4,0,0_okno_n2
2101817,1,0,0_okno_n1
2101818,4,0,0_okno_n1
2101820,3,0,0_okno_n2
2101823,4,0,0_okno_n1
2101827,0,0,0_okno_n1
2101835,1,0,0_okno_n1
2101841,2,0,0_okno_n2
2101847,0,0,0_okno_n2
2101850,1,0,0_okno_n5+
2101854,2,0,0_okno_n1
2101856,1,0,0_okno_n1
2101861,0,1,1_okno_n1
2101862,2,0,0_okno_n1
2101863,1,0,0_okno_n1
2101869,0,0,0_okno_n1
2101880,4,0,0_okno_n1
2101885,3,0,0_okno_n1
2101889,2,0,0_okno_n1
2101907,0,0,0_okno_n1
2101909,0,0,0_okno_n1
2101922,3,0,0_okno_n1
2101927,4,0,0_okno_n1
2101932,1,0,0_okno_n1
2101940,3,0,0_okno_n1
2101943,0,0,0_okno_n1
2101949,0,0,0_okno_n1
2101971,2,0,0_okno_n1
2101986,4,0,0_okno_n1
2101996,2,0,0_okno_n1
2102000,0,0,0_okno_n1
2102015,1,0,0_okno_n5+
2102035,4,0,0_okno_n1
2102048,3,0,0_okno_n1
2102084,1,1,1_okno_n3-4
2102127,4,0,0_okno_n1
2102150,0,0,0_okno_n5+
2102205,0,0,0_okno_n1
2102213,2,0,0_okno_n2
2102216,4,0,0_okno_n1
2102225,1,0,0_okno_n1
2102226,0,0,0_okno_n1
2102236,4,0,0_okno_n3-4
2102237,1,0,0_okno_n1
2102242,0,0,0_okno_n1
2102254,4,0,0_okno_n1
2102259,4,0,0_okno_n1
2102264,2,0,0_okno_n1
2102267,0,0,0_okno_n2
2102269,4,0,0_okno_n1
2102270,4,0,0_okno_n5+
2102273,3,0,0_okno_n1
2102274,3,0,0_okno_n1
2102300,0,0,0_okno_n1
2102318,0,0,0_okno_n1
2102342,4,0,0_okno_n1
2102359,4,0,0_okno_n3-4
2102378,2,0,0_okno_n3-4
2102384,2,0,0_okno_n1
2102418,4,0,0_okno_n2
2102455,0,0,0_okno_n3-4
2102475,1,0,0_okno_n3-4
2102503,4,0,0_okno_n1
2102528,0,0,0_okno_n1
2102537,1,0,0_okno_n1
2102541,4,0,0_okno_n2
2102570,1,0,0_okno_n1
2102577,2,0,0_okno_n1
2102580,1,0,0_okno_n1
2102582,2,0,0_okno_n1
2102585,2,0,0_okno_n1
2102591,0,0,0_okno_n1
2102595,3,0,0_okno_n1
2102641,2,0,0_okno_n1
2102669,2,0,0_okno_n1
2102690,0,0,0_okno_n5+
2102697,0,0,0_okno_n3-4
2102794,2,0,0_okno_n1
2102824,0,0,0_okno_n1
2102830,0,0,0_okno_n2
2102851,0,0,0_okno_n1
2102853,0,0,0_okno_n1
2102857,1,0,0_okno_n1
2102863,2,0,0_okno_n2
2102865,4,0,0_okno_n1
2102868,0,0,0_okno_n1
2102871,3,0,0_okno_n1
2102902,2,0,0_okno_n1
2102939,1,0,0_okno_n1
2103043,2,0,0_okno_n2
2103044,1,0,0_okno_n1
2103090,3,0,0_okno_n2
2103097,2,0,0_okno_n1
2103115,1,0,0_okno_n3-4
2103117,1,0,0_okno_n1
2103123,4,0,0_okno_n1
2103137,2,0,0_okno_n1
2103142,4,0,0_okno_n1
2103146,4,0,0_okno_n1
2103153,1,0,0_okno_n1
2103162,0,0,0_okno_n2
2103176,1,0,0_okno_n1
2103179,2,0,0_okno_n1
2103201,2,1,1_pozaokno_n2
2103221,0,0,0_okno_n5+
2103258,0,0,0_okno_n2
2103262,0,0,0_okno_n2
2103266,2,0,0_okno_n2
2103290,2,0,0_okno_n1
2103298,3,0,0_okno_n1
2103327,4,0,0_okno_n1
2103345,2,0,0_okno_n5+
2103366,3,0,0_okno_n1
2103370,2,0,0_okno_n2
2103393,1,0,0_okno_n1
2103412,2,0,0_okno_n1
2103423,1,0,0_okno_n1
2103436,3,0,0_okno_n3-4
2103440,0,0,0_okno_n1
2103441,2,0,0_okno_n1
2103453,3,0,0_okno_n1
2103457,3,0,0_okno_n1
2103471,4,0,0_okno_n1
2103473,1,0,0_okno_n3-4
2103474,1,0,0_okno_n1
2103479,2,0,0_okno_n3-4
2103482,3,0,0_okno_n1
2103492,1,0,0_okno_n1
2103494,1,0,0_okno_n1
2103500,1,0,0_okno_n2
2103514,4,0,0_okno_n1
2103517,2,0,0_okno_n1
2103525,4,0,0_okno_n2
2103534,1,0,0_okno_n2
2103553,3,0,0_okno_n3-4
2103569,4,0,0_okno_n1
2103578,1,0,0_okno_n1
2103588,0,0,0_okno_n1
2103593,2,0,0_okno_n1
2103594,1,0,0_okno_n1
2103610,1,0,0_okno_n3-4
2103619,4,0,0_okno_n1
2103621,0,0,0_okno_n1
2103648,0,0,0_okno_n2
2103681,3,0,0_okno_n2
2103690,0,0,0_okno_n1
2103704,2,0,0_okno_n1
2103718,3,0,0_okno_n1
2103720,0,0,0_okno_n1
2103784,0,0,0_okno_n2
2103790,3,0,0_okno_n2
2103800,3,0,0_okno_n2
2103808,4,0,0_okno_n1
2103819,4,0,0_okno_n5+
2103845,3,0,0_okno_n3-4
2103859,3,0,0_okno_n2
2103874,3,0,0_okno_n3-4
2103876,3,0,0_okno_n3-4
2103879,3,0,0_okno_n1
2103888,4,0,0_okno_n2
2103896,1,0,0_okno_n1
2103901,4,0,0_okno_n1
2103902,2,0,0_okno_n1
2103903,3,0,0_okno_n1
2103907,0,0,0_okno_n1
2103915,3,0,0_okno_n1
2103941,1,0,0_okno_n1
2103943,3,0,0_okno_n1
2103944,4,0,0_okno_n1
2103950,3,0,0_okno_n1
2103952,1,0,0_okno_n3-4
2104013,1,0,0_okno_n1
2104015,0,0,0_okno_n1
2104027,4,0,0_okno_n1
2104043,2,0,0_okno_n2
2104053,4,0,0_okno_n3-4
2104089,3,0,0_okno_n1
2104099,2,0,0_okno_n1
2104100,4,0,0_okno_n1
2104107,3,0,0_okno_n1
2104118,0,0,0_okno_n1
2104124,0,0,0_okno_n1
2104135,1,0,0_okno_n1
2104141,1,0,0_okno_n3-4
2104183,0,0,0_okno_n1
2104201,2,0,0_okno_n1
2104224,4,0,0_okno_n1
2104231,4,0,0_okno_n1
2104236,1,0,0_okno_n1
2104258,1,0,0_okno_n1
2104272,4,0,0_okno_n1
2104278,3,0,0_okno_n1
2104298,3,0,0_okno_n1
2104342,4,0,0_okno_n1
2104359,1,0,0_okno_n1
2104375,0,0,0_okno_n3-4
2104377,0,0,0_okno_n1
2104417,4,0,0_okno_n1
2104423,1,1,1_okno_n2
2104440,2,0,0_okno_n1
2104456,4,0,0_okno_n2
2104459,2,0,0_okno_n3-4
2104460,0,0,0_okno_n3-4
2104466,2,0,0_okno_n1
2104483,3,0,0_okno_n1
2104493,1,0,0_okno_n1
2104503,3,0,0_okno_n2
2104505,1,0,0_okno_n2
2104520,1,0,0_okno_n2
2104541,2,0,0_okno_n2
2104544,1,0,0_okno_n5+
2104547,2,0,0_okno_n1
2104549,2,0,0_okno_n1
2104552,0,0,0_okno_n1
2104555,4,0,0_okno_n1
2104617,2,0,0_okno_n1
2104653,0,0,0_okno_n1
2104662,3,0,0_okno_n1
2104663,1,0,0_okno_n2
2104681,3,0,0_okno_n1
2104731,3,0,0_okno_n1
2104740,2,0,0_okno_n3-4
2104772,2,0,0_okno_n2
2104789,3,0,0_okno_n1
2104805,0,0,0_okno_n2
2104815,0,0,0_okno_n1
2104821,4,0,0_okno_n1
2104825,1,0,0_okno_n1
2104830,0,0,0_okno_n1
2104834,1,0,0_okno_n1
2104838,4,0,0_okno_n5+
2104841,2,0,0_okno_n1
2104843,1,0,0_okno_n2
2104847,0,0,0_okno_n1
2104862,0,0,0_okno_n3-4
2104863,1,0,0_okno_n3-4
2104891,4,0,0_okno_n1
2104909,2,0,0_okno_n2
2104938,2,0,0_okno_n1
2104960,3,0,0_okno_n1
2104974,0,0,0_okno_n5+
2104977,3,0,0_okno_n1
2104983,0,0,0_okno_n1
2104998,4,0,0_okno_n1
2105001,0,0,0_okno_n2
2105029,0,0,0_okno_n1
2105040,0,0,0_okno_n1
2105043,4,0,0_okno_n1
2105053,0,0,0_okno_n1
2105062,0,0,0_okno_n2
2105075,4,0,0_okno_n2
2105093,4,0,0_okno_n1
2105125,2,0,0_okno_n2
2105132,1,0,0_okno_n1
2105136,3,0,0_okno_n2
2105145,4,0,0_okno_n3-4
2105148,4,0,0_okno_n1
2105154,0,0,0_okno_n1
2105157,0,0,0_okno_n1
2105164,1,0,0_okno_n1
2105169,0,0,0_okno_n1
2105172,2,0,0_okno_n1
2105174,4,0,0_okno_n1
2105184,1,0,0_okno_n1
2105192,1,0,0_okno_n5+
2105200,3,0,0_okno_n1
2105211,3,0,0_okno_n2
2105213,3,0,0_okno_n1
2105220,0,0,0_okno_n1
2105223,3,0,0_okno_n1
2105229,2,0,0_okno_n1
2105233,1,0,0_okno_n1
2105236,3,0,0_okno_n1
2105238,3,0,0_okno_n1
2105249,2,0,0_okno_n1
2105250,2,0,0_okno_n5+
2105254,3,0,0_okno_n1
2105271,0,0,0_okno_n1
2105274,1,0,0_okno_n1
2105278,4,0,0_okno_n1
2105279,1,1,1_okno_n5+
2105292,1,0,0_okno_n1
2105301,1,0,0_okno_n1
2105305,1,0,0_okno_n1
2105312,0,0,0_okno_n2
2105331,1,0,0_okno_n1
2105338,1,0,0_okno_n3-4
2105341,4,0,0_okno_n1
2105554,3,0,0_okno_n1
2105557,1,0,0_okno_n2
2105559,2,0,0_okno_n1
2105564,4,0,0_okno_n1
2105574,3,0,0_okno_n1
2105579,0,0,0_okno_n3-4
2105585,0,0,0_okno_n2
2105600,1,0,0_okno_n1
2105607,0,0,0_okno_n1
2105613,0,0,0_okno_n1
2105621,4,0,0_okno_n1
2105626,3,0,0_okno_n1
2105632,4,0,0_okno_n1
2105636,4,0,0_okno_n1
2105640,2,0,0_okno_n2
2105658,3,0,0_okno_n1
2105705,4,0,0_okno_n3-4
2105707,3,0,0_okno_n1
2105710,4,0,0_okno_n3-4
2105758,2,0,0_okno_n1
2105760,2,0,0_okno_n1
2105761,3,0,0_okno_n3-4
2105783,3,0,0_okno_n1
2105857,4,0,0_okno_n1
2105877,2,0,0_okno_n1
2105881,1,0,0_okno_n1
2105901,3,0,0_okno_n1
2105908,4,0,0_okno_n3-4
2105934,4,0,0_okno_n1
2105940,3,0,0_okno_n1
2105941,1,0,0_okno_n3-4
2105943,4,0,0_okno_n5+
2105950,1,0,0_okno_n1
2105954,3,0,0_okno_n1
2105979,4,0,0_okno_n1
2105984,4,0,0_okno_n1
2106017,0,0,0_okno_n1
2106024,1,0,0_okno_n1
2106089,1,0,0_okno_n1
2106094,0,0,0_okno_n1
2106119,1,0,0_okno_n3-4
2106125,1,0,0_okno_n1
2106126,2,0,0_okno_n2
2106143,2,0,0_okno_n3-4
2106176,4,0,0_okno_n1
2106202,2,0,0_okno_n3-4
2106215,0,0,0_okno_n1
2106223,0,0,0_okno_n3-4
2106229,3,0,0_okno_n1
2106233,4,0,0_okno_n2
2106240,4,0,0_okno_n1
2106242,0,0,0_okno_n2
2106243,0,0,0_okno_n1
2106244,1,0,0_okno_n2
2106245,3,0,0_okno_n2
2106284,2,0,0_okno_n1
2106305,1,0,0_okno_n5+
2106315,3,0,0_okno_n2
2106320,4,0,0_okno_n1
2106340,3,0,0_okno_n1
2106412,4,0,0_okno_n1
2106430,0,0,0_okno_n1
2106465,1,0,0_okno_n3-4
2106472,2,0,0_okno_n1
2106499,1,0,0_okno_n1
2106511,0,0,0_okno_n3-4
2106521,2,0,0_okno_n2
2106525,4,0,0_okno_n1
2106528,4,0,0_okno_n3-4
2106530,1,0,0_okno_n1
2106537,0,0,0_okno_n1
2106551,0,0,0_okno_n1
2106562,0,0,0_okno_n1
2106638,2,0,0_okno_n1
2106646,0,0,0_okno_n5+
2106674,3,0,0_okno_n1
2106677,3,0,0_okno_n1
2106690,1,0,0_okno_n1
2106700,2,0,0_okno_n1
2106704,4,0,0_okno_n3-4
2106707,1,0,0_okno_n2
2106726,2,0,0_okno_n2
2106744,1,0,0_okno_n2
2106761,0,0,0_okno_n1
2106764,2,0,0_okno_n1
2106782,1,0,0_okno_n3-4
2106793,3,0,0_okno_n1
2106799,4,0,0_okno_n1
2106811,1,0,0_okno_n1
2106813,1,0,0_okno_n2
2106814,3,0,0_okno_n1
2106819,1,0,0_okno_n3-4
2106823,2,0,0_okno_n1
2106826,1,0,0_okno_n1
2106827,0,0,0_okno_n3-4
2106832,4,0,0_okno_n1
2106840,0,0,0_okno_n1
2106847,4,0,0_okno_n1
2106852,0,0,0_okno_n2
2106866,1,0,0_okno_n1
2106886,2,0,0_okno_n2
2106892,4,0,0_okno_n1
2106894,2,0,0_okno_n3-4
2106895,3,0,0_okno_n1
2106902,1,0,0_okno_n2
2106904,2,0,0_okno_n1
2106910,1,0,0_okno_n1
2106912,2,0,0_okno_n1
2106916,2,0,0_okno_n2
2106923,2,0,0_okno_n1
2106949,4,0,0_okno_n3-4
2106951,0,0,0_okno_n1
2106956,0,0,0_okno_n1
2106958,4,0,0_okno_n1
2106963,0,0,0_okno_n2
2107004,3,0,0_okno_n1
2107034,4,0,0_okno_n1
2107039,4,0,0_okno_n1
2107053,0,0,0_okno_n2
2107054,0,0,0_okno_n1
2107095,4,0,0_okno_n1
2107103,1,0,0_okno_n1
2107119,3,0,0_okno_n3-4
2107137,2,0,0_okno_n1
2107145,2,0,0_okno_n2
2107147,2,0,0_okno_n1
2107154,3,0,0_okno_n5+
2107157,1,0,0_okno_n1
2107181,0,0,0_okno_n1
2107184,0,0,0_okno_n1
2107197,3,0,0_okno_n1
2107248,2,0,0_okno_n3-4
2107249,2,0,0_okno_n1
2107257,3,0,0_okno_n1
2107261,0,0,0_okno_n1
2107270,0,0,0_okno_n1
2107273,0,0,0_okno_n1
2107274,3,0,0_okno_n2
2107287,3,0,0_okno_n1
2107307,0,0,0_okno_n5+
2107320,0,0,0_okno_n2
2107326,4,0,0_okno_n1
2107331,0,0,0_okno_n1
2107353,0,0,0_okno_n5+
2107365,1,0,0_okno_n1
2107382,4,0,0_okno_n1
2107461,2,0,0_okno_n2
2107488,4,0,0_okno_n1
2107499,4,0,0_okno_n1
2107515,0,0,0_okno_n1
2107520,3,0,0_okno_n1
2107521,2,0,0_okno_n2
2107533,2,0,0_okno_n1
2107538,1,0,0_okno_n2
2107547,0,0,0_okno_n1
2107568,1,0,0_okno_n1
2107572,4,0,0_okno_n1
2107587,0,0,0_okno_n2
2107589,4,0,0_okno_n1
2107599,3,0,0_okno_n3-4
2107602,3,0,0_okno_n2
2107607,2,0,0_okno_n1
2107621,0,0,0_okno_n1
2107628,3,1,1_pozaokno_n1
2107637,1,0,0_okno_n1
2107647,3,0,0_okno_n2
2107665,4,0,0_okno_n5+
2107672,1,0,0_okno_n1
2107688,3,0,0_okno_n2
2107705,0,0,0_okno_n2
2107731,3,0,0_okno_n1
2107747,2,0,0_okno_n1
2107760,2,0,0_okno_n3-4
2107815,1,0,0_okno_n2
2107859,1,0,0_okno_n2
2107861,2,0,0_okno_n1
2107871,1,0,0_okno_n1
2107880,2,0,0_okno_n2
2107882,2,0,0_okno_n1
2107885,2,0,0_okno_n1
2107886,0,0,0_okno_n2
2107887,3,0,0_okno_n3-4
2107890,3,0,0_okno_n3-4
2107891,3,0,0_okno_n3-4
2107904,2,0,0_okno_n1
2107907,3,0,0_okno_n1
2107918,2,0,0_okno_n1
2107928,3,0,0_okno_n1
2107943,0,0,0_okno_n2
2108009,0,0,0_okno_n1
2108020,2,0,0_okno_n2
2108043,2,0,0_okno_n1
2108052,0,0,0_okno_n3-4
2108081,2,0,0_okno_n1
2108099,3,0,0_okno_n1
2108115,4,0,0_okno_n3-4
2108167,1,0,0_okno_n1
2108178,2,0,0_okno_n1
2108183,0,0,0_okno_n1
2108198,0,0,0_okno_n1
2108202,1,0,0_okno_n1
2108204,2,0,0_okno_n1
2108209,0,0,0_okno_n1
2108211,1,0,0_okno_n2
2108212,1,0,0_okno_n2
2108214,4,0,0_okno_n1
2108240,3,0,0_okno_n1
2108242,1,0,0_okno_n5+
2108303,1,0,0_okno_n3-4
2108370,2,0,0_okno_n1
2108402,4,0,0_okno_n1
2108444,0,0,0_okno_n1
2108460,4,0,0_okno_n2
2108463,3,0,0_okno_n1
2108472,3,0,0_okno_n2
2108482,4,0,0_okno_n1
2108485,3,0,0_okno_n1
2108486,2,0,0_okno_n2
2108495,1,0,0_okno_n1
2108498,4,0,0_okno_n1
2108503,0,0,0_okno_n2
2108508,3,0,0_okno_n1
2108513,0,0,0_okno_n1
2108527,4,0,0_okno_n1
2108530,1,0,0_okno_n1
2108538,3,0,0_okno_n1
2108540,4,0,0_okno_n3-4
2108548,3,0,0_okno_n1
2108551,1,0,0_okno_n1
2108552,3,0,0_okno_n1
2108558,3,0,0_okno_n1
2108559,1,0,0_okno_n2
2108561,2,0,0_okno_n2
2108562,4,0,0_okno_n1
2108570,0,0,0_okno_n1
2108572,4,0,0_okno_n1
2108573,3,0,0_okno_n1
2108582,3,0,0_okno_n1
2108600,1,0,0_okno_n1
2108657,2,0,0_okno_n5+
2108662,3,0,0_okno_n1
2108665,1,0,0_okno_n1
2108666,1,0,0_okno_n1
2108671,1,0,0_okno_n1
2108672,3,0,0_okno_n2
2108675,0,0,0_okno_n1
2108688,0,0,0_okno_n1
2108754,1,0,0_okno_n1
2108791,0,1,1_pozaokno_n5+
2108843,1,0,0_okno_n3-4
2108845,4,0,0_okno_n1
2108858,0,0,0_okno_n1
2108878,4,0,0_okno_n1
2108888,4,0,0_okno_n1
2108896,3,0,0_okno_n1
2108913,2,0,0_okno_n1
2108935,3,0,0_okno_n1
2108949,0,0,0_okno_n2
2108993,2,0,0_okno_n2
2109002,3,0,0_okno_n1
2109004,3,0,0_okno_n1
2109028,1,0,0_okno_n5+
2109033,3,0,0_okno_n1
2109046,2,0,0_okno_n1
2109049,4,0,0_okno_n1
2109053,1,0,0_okno_n1
2109057,2,0,0_okno_n1
2109084,2,0,0_okno_n1
2109128,3,0,0_okno_n1
2109206,1,0,0_okno_n1
2109224,1,0,0_okno_n2
2109232,2,0,0_okno_n2
2109317,2,0,0_okno_n1
2109320,4,0,0_okno_n2
2109326,2,0,0_okno_n1
2109343,3,0,0_okno_n1
2109345,0,0,0_okno_n1
2109347,4,0,0_okno_n1
2109354,3,0,0_okno_n1
2109355,4,0,0_okno_n1
2109364,3,0,0_okno_n1
2109366,3,0,0_okno_n1
2109369,0,0,0_okno_n1
2109442,3,0,0_okno_n1
2109490,4,0,0_okno_n2
2109510,0,0,0_okno_n1
2109513,3,0,0_okno_n3-4
2109537,2,0,0_okno_n1
2109542,1,0,0_okno_n1
2109543,3,0,0_okno_n1
2109559,1,0,0_okno_n1
2109565,0,0,0_okno_n1
2109566,0,0,0_okno_n2
2109574,2,0,0_okno_n1
2109577,2,0,0_okno_n3-4
2109628,3,0,0_okno_n1
2109658,4,0,0_okno_n1
2109669,1,0,0_okno_n1
2109680,2,0,0_okno_n1
2109691,2,0,0_okno_n1
2109754,1,0,0_okno_n1
2109771,0,0,0_okno_n5+
2109824,2,0,0_okno_n1
2109877,3,0,0_okno_n5+
2109901,4,0,0_okno_n1
2109926,3,0,0_okno_n1
2109950,3,0,0_okno_n1
2109956,2,0,0_okno_n1
2109966,2,0,0_okno_n1
2109967,1,0,0_okno_n1
2110028,1,0,0_okno_n1
2110092,3,0,0_okno_n1
2110128,1,0,0_okno_n1
2110151,2,0,0_okno_n2
2110163,1,0,0_okno_n1
2110192,0,0,0_okno_n1
2110197,3,0,0_okno_n5+
2110201,4,0,0_okno_n1
2110202,3,0,0_okno_n1
2110205,0,0,0_okno_n1
2110233,4,0,0_okno_n1
2110235,1,0,0_okno_n1
2110243,0,0,0_okno_n1
2110256,4,0,0_okno_n1
2110263,0,0,0_okno_n1
2110265,1,0,0_okno_n1
2110269,2,0,0_okno_n2
2110273,3,0,0_okno_n1
2110275,2,0,0_okno_n1
2110277,4,0,0_okno_n1
2110279,2,0,0_okno_n1
2110287,0,0,0_okno_n1
2110289,3,0,0_okno_n1
2110314,0,0,0_okno_n1
2110321,3,0,0_okno_n1
2110327,1,0,0_okno_n1
2110330,2,0,0_okno_n1
2110336,4,0,0_okno_n1
2110342,0,0,0_okno_n1
2110370,4,0,0_okno_n1
2110377,0,0,0_okno_n5+
2110394,1,0,0_okno_n1
2110455,1,0,0_okno_n1
2110460,4,0,0_okno_n1
2110500,2,0,0_okno_n2
2110543,3,0,0_okno_n1
2110545,3,0,0_okno_n1
2110556,1,0,0_okno_n1
2110558,0,0,0_okno_n1
2110573,4,0,0_okno_n2
2110575,4,0,0_okno_n1
2110579,4,0,0_okno_n1
2110593,1,0,0_okno_n1
2110608,1,0,0_okno_n2
2110612,1,0,0_okno_n2
2110636,3,0,0_okno_n2
2110647,2,0,0_okno_n1
2110650,2,0,0_okno_n1
2110654,1,0,0_okno_n2
2110678,1,0,0_okno_n1
2110684,3,0,0_okno_n1
2110688,0,0,0_okno_n1
2110693,2,0,0_okno_n1
2110697,1,0,0_okno_n1
2110755,4,0,0_okno_n2
2110756,1,0,0_okno_n1
2110765,2,0,0_okno_n3-4
2110787,2,0,0_okno_n2
2110789,1,0,0_okno_n1
2110799,0,0,0_okno_n1
2110827,3,0,0_okno_n1
2110835,0,0,0_okno_n1
2110869,0,0,0_okno_n1
2110899,2,0,0_okno_n2
2110905,4,0,0_okno_n1
2110945,1,0,0_okno_n1
2110968,3,0,0_okno_n2
2110969,2,0,0_okno_n1
2110987,1,0,0_okno_n1
2110993,4,0,0_okno_n1
2111000,1,0,0_okno_n1
2111025,3,0,0_okno_n3-4
2111089,1,0,0_okno_n2
2111102,3,0,0_okno_n5+
2111106,2,0,0_okno_n1
2111125,1,0,0_okno_n1
2111130,2,0,0_okno_n1
2111137,1,0,0_okno_n1
2111139,2,0,0_okno_n1
2111154,2,0,0_okno_n3-4
2111165,2,0,0_okno_n1
2111209,2,0,0_okno_n1
2111229,2,0,0_okno_n1
2111237,0,0,0_okno_n2
2111252,3,0,0_okno_n2
2111254,0,0,0_okno_n2
2111263,2,0,0_okno_n1
2111269,4,0,0_okno_n1
2111271,3,0,0_okno_n2
2111284,3,0,0_okno_n3-4
2111288,4,0,0_okno_n2
2111310,4,0,0_okno_n1
2111402,1,0,0_okno_n1
2111448,0,0,0_okno_n1
2111496,0,0,0_okno_n2
2111512,0,0,0_okno_n2
2111515,0,0,0_okno_n2
2111529,4,0,0_okno_n1
2111538,3,0,0_okno_n1
2111543,0,0,0_okno_n1
2111554,3,0,0_okno_n1
2111566,0,0,0_okno_n1
2111569,0,0,0_okno_n1
2111581,3,0,0_okno_n3-4
2111585,2,0,0_okno_n1
2111613,1,0,0_okno_n1
2111626,2,0,0_okno_n1
2111639,4,0,0_okno_n2
2111654,2,0,0_okno_n2
2111660,2,0,0_okno_n3-4
2111691,2,0,0_okno_n1
2111724,1,0,0_okno_n1
2111733,3,0,0_okno_n1
2111735,4,0,0_okno_n2
2111738,0,0,0_okno_n3-4
2111747,3,0,0_okno_n3-4
2111752,3,0,0_okno_n2
2111756,2,0,0_okno_n1
2111791,1,0,0_okno_n2
2111807,3,0,0_okno_n2
2111809,1,0,0_okno_n2
2111812,1,0,0_okno_n3-4
2111818,3,0,0_okno_n1
2111831,3,0,0_okno_n1
2111835,4,0,0_okno_n1
2111838,4,0,0_okno_n1
2111842,0,0,0_okno_n1
2111846,3,0,0_okno_n1
2111848,0,0,0_okno_n1
2111850,3,0,0_okno_n1
2111857,1,0,0_okno_n1
2111862,2,0,0_okno_n1
2111868,1,0,0_okno_n3-4
2111873,2,0,0_okno_n1
2111885,2,0,0_okno_n1
2111886,0,0,0_okno_n1
2111891,0,0,0_okno_n1
2111894,4,0,0_okno_n1
2111902,1,0,0_okno_n2
2111909,3,0,0_okno_n1
2111912,1,0,0_okno_n3-4
2111922,4,0,0_okno_n3-4
2111925,0,0,0_okno_n1
2111928,0,0,0_okno_n1
2111933,0,0,0_okno_n1
2111937,0,0,0_okno_n1
2111938,4,0,0_okno_n1
2111942,2,0,0_okno_n1
2111954,2,0,0_okno_n2
2111964,2,0,0_okno_n2
2111966,0,0,0_okno_n1
2111975,4,0,0_okno_n5+
2111978,2,0,0_okno_n1
2111989,2,0,0_okno_n1
2111998,0,0,0_okno_n1
2111999,2,0,0_okno_n2
2112002,3,0,0_okno_n2
2112003,4,0,0_okno_n1
2112048,4,0,0_okno_n1
2112102,3,1,1_pozaokno_n3-4
2112105,4,0,0_okno_n1
2112122,2,0,0_okno_n1
2112145,3,0,0_okno_n1
2112147,3,0,0_okno_n3-4
2112193,1,0,0_okno_n3-4
2112194,0,0,0_okno_n3-4
2112208,2,0,0_okno_n1
2112228,3,0,0_okno_n1
2112257,0,0,0_okno_n1
2112262,0,0,0_okno_n2
2112274,2,0,0_okno_n1
2112278,2,0,0_okno_n1
2112283,0,0,0_okno_n2
2112293,4,0,0_okno_n1
2112296,0,0,0_okno_n3-4
2112306,0,0,0_okno_n1
2112389,2,0,0_okno_n1
2112399,4,0,0_okno_n1
2112407,3,0,0_okno_n2
2112416,2,0,0_okno_n1
2112448,4,0,0_okno_n5+
2112478,3,0,0_okno_n2
2112521,0,0,0_okno_n3-4
2112554,3,0,0_okno_n1
2112566,1,0,0_okno_n1
2112569,4,0,0_okno_n1
2112575,3,0,0_okno_n1
2112685,4,0,0_okno_n5+
2112706,4,0,0_okno_n2
2112721,3,0,0_okno_n5+
2112758,1,0,0_okno_n3-4
2112769,4,0,0_okno_n5+
2112773,4,0,0_okno_n1
2112778,0,0,0_okno_n1
2112780,4,0,0_okno_n1
2112794,4,0,0_okno_n1
2112797,4,0,0_okno_n1
2112800,4,0,0_okno_n2
2112801,2,0,0_okno_n5+
2112812,2,0,0_okno_n1
2112815,2,0,0_okno_n1
2112825,4,0,0_okno_n2
2112826,4,0,0_okno_n1
2112828,2,0,0_okno_n3-4
2112830,0,0,0_okno_n1
2112831,4,0,0_okno_n3-4
2112834,3,0,0_okno_n2
2112835,4,0,0_okno_n2
2112838,2,0,0_okno_n3-4
2112842,4,0,0_okno_n1
2112852,3,0,0_okno_n1
2112853,3,0,0_okno_n1
2112855,3,0,0_okno_n2
2112862,3,0,0_okno_n1
2112948,0,0,0_okno_n1
2112950,1,0,0_okno_n2
2112987,2,0,0_okno_n1
2113037,4,0,0_okno_n2
2113042,4,0,0_okno_n1
2113051,1,0,0_okno_n1
2113057,4,0,0_okno_n1
2113076,0,0,0_okno_n3-4
2113080,2,0,0_okno_n1
2113095,0,0,0_okno_n3-4
2113102,3,0,0_okno_n3-4
2113146,2,0,0_okno_n2
2113159,3,0,0_okno_n1
2113173,4,0,0_okno_n3-4
2113174,4,0,0_okno_n2
2113175,0,0,0_okno_n1
2113177,2,0,0_okno_n1
2113193,0,0,0_okno_n2
2113204,3,0,0_okno_n3-4
2113207,3,0,0_okno_n2
2113210,1,0,0_okno_n2
2113216,0,0,0_okno_n3-4
2113220,4,0,0_okno_n1
2113223,4,0,0_okno_n1
2113225,3,0,0_okno_n1
2113227,2,0,0_okno_n3-4
2113231,3,0,0_okno_n2
2113242,4,0,0_okno_n2
2113253,4,0,0_okno_n1
2113256,4,0,0_okno_n1
2113260,1,0,0_okno_n1
2113261,1,0,0_okno_n1
2113264,1,0,0_okno_n1
2113272,4,0,0_okno_n1
2113275,0,0,0_okno_n1
2113291,0,0,0_okno_n1
2113295,2,0,0_okno_n5+
2113300,4,0,0_okno_n1
2113307,0,0,0_okno_n1
2113313,4,0,0_okno_n1
2113315,3,0,0_okno_n1
2113316,1,0,0_okno_n1
2113325,3,0,0_okno_n2
2113367,4,0,0_okno_n1
2113374,4,0,0_okno_n1
2113383,3,0,0_okno_n3-4
2113388,0,0,0_okno_n2
2113396,2,0,0_okno_n1
2113397,3,0,0_okno_n1
2113401,2,0,0_okno_n1
2113402,0,0,0_okno_n1
2113406,0,0,0_okno_n1
2113447,4,0,0_okno_n5+
2113471,3,0,0_okno_n3-4
2113472,4,0,0_okno_n3-4
2113475,3,0,0_okno_n1
2113501,0,0,0_okno_n2
2113510,1,0,0_okno_n2
2113517,1,0,0_okno_n1
2113523,3,0,0_okno_n1
2113525,2,0,0_okno_n1
2113526,3,0,0_okno_n1
2113529,1,0,0_okno_n1
2113531,4,0,0_okno_n1
2113532,4,0,0_okno_n3-4
2113535,2,0,0_okno_n1
2113541,0,0,0_okno_n2
2113548,3,0,0_okno_n1
2113552,1,0,0_okno_n1
2113557,0,0,0_okno_n1
2113561,2,0,0_okno_n3-4
2113562,4,0,0_okno_n1
2113571,0,0,0_okno_n1
2113585,3,0,0_okno_n1
2113600,2,0,0_okno_n1
2113603,3,0,0_okno_n1
2113616,3,0,0_okno_n3-4
2113618,0,0,0_okno_n1
2113619,4,0,0_okno_n1
2113628,1,0,0_okno_n1
2113631,1,0,0_okno_n2
2113638,4,0,0_okno_n1
2113656,2,0,0_okno_n1
2113657,4,0,0_okno_n1
2113672,4,0,0_okno_n2
2113674,2,0,0_okno_n1
2113676,0,0,0_okno_n2
2113682,3,0,0_okno_n1
2113696,2,0,0_okno_n1
2113704,3,0,0_okno_n2
2113714,2,0,0_okno_n1
2113716,3,0,0_okno_n2
2113724,4,0,0_okno_n3-4
2113731,2,0,0_okno_n1
2113734,0,0,0_okno_n2
2113742,4,0,0_okno_n1
2113743,2,0,0_okno_n1
2113751,3,0,0_okno_n2
2113754,2,0,0_okno_n1
2113755,4,0,0_okno_n1
2113757,2,0,0_okno_n1
2113762,2,0,0_okno_n1
2113763,1,0,0_okno_n2
2113776,4,0,0_okno_n2
2113778,3,1,1_pozaokno_n1
2113789,4,0,0_okno_n2
2113801,4,0,0_okno_n1
2113811,2,0,0_okno_n1
2113813,3,0,0_okno_n1
2113819,2,0,0_okno_n1
2113829,4,0,0_okno_n1
2113830,2,0,0_okno_n3-4
2113832,3,0,0_okno_n3-4
2113839,0,0,0_okno_n1
2113840,0,0,0_okno_n1
2113841,2,0,0_okno_n1
2113849,4,0,0_okno_n1
2113852,1,0,0_okno_n1
2113853,1,0,0_okno_n1
2113859,3,0,0_okno_n2
2113861,0,0,0_okno_n1
2113863,3,0,0_okno_n1
2113866,0,0,0_okno_n2
2113876,1,0,0_okno_n1
2113877,0,0,0_okno_n1
2113878,2,0,0_okno_n1
2113879,1,0,0_okno_n1
2113880,1,0,0_okno_n1
2113889,2,0,0_okno_n1
2113893,0,0,0_okno_n1
2113894,3,0,0_okno_n1
2113905,0,0,0_okno_n2
2113915,1,0,0_okno_n1
2113920,1,0,0_okno_n1
2113921,1,0,0_okno_n1
2113922,3,0,0_okno_n3-4
2113926,2,0,0_okno_n1
2113952,3,0,0_okno_n3-4
2113993,2,0,0_okno_n3-4
2113994,3,0,0_okno_n2
2113999,2,0,0_okno_n1
2114001,2,0,0_okno_n1
2114003,3,0,0_okno_n1
2114004,3,0,0_okno_n2
2114022,1,0,0_okno_n2
2114031,2,0,0_okno_n3-4
2114036,4,0,0_okno_n1
2114040,0,0,0_okno_n1
2114048,1,0,0_okno_n5+
2114052,3,0,0_okno_n5+
2114075,3,0,0_okno_n2
2114093,1,0,0_okno_n1
2114095,0,0,0_okno_n1
2114123,3,0,0_okno_n1
2114132,4,0,0_okno_n1
2114133,2,0,0_okno_n2
2114136,2,0,0_okno_n2
2114140,1,0,0_okno_n1
2114143,1,0,0_okno_n2
2114152,3,0,0_okno_n2
2114153,1,0,0_okno_n1
2114154,4,0,0_okno_n3-4
2114165,2,0,0_okno_n1
2114188,0,0,0_okno_n3-4
2114192,3,0,0_okno_n1
2114208,0,0,0_okno_n2
2114219,1,0,0_okno_n1
2114234,0,0,0_okno_n1
2114258,1,0,0_okno_n1
2114263,1,0,0_okno_n1
2114264,4,0,0_okno_n1
2114266,4,0,0_okno_n2
2114276,1,0,0_okno_n1
2114289,3,0,0_okno_n2
2114324,4,0,0_okno_n1
2114325,3,0,0_okno_n2
2114337,3,0,0_okno_n1
2114346,2,0,0_okno_n1
2114347,1,0,0_okno_n1
2114352,2,1,1_okno_n3-4
2114363,1,0,0_okno_n3-4
2114378,3,0,0_okno_n2
2114403,4,0,0_okno_n2
2114405,3,0,0_okno_n1
2114407,1,0,0_okno_n2
2114423,1,0,0_okno_n5+
2114425,0,0,0_okno_n2
2114426,3,0,0_okno_n2
2114428,2,0,0_okno_n2
2114429,0,0,0_okno_n1
2114430,2,0,0_okno_n2
2114432,2,0,0_okno_n1
2114433,2,0,0_okno_n1
2114441,4,0,0_okno_n2
2114444,4,0,0_okno_n1
2114449,1,0,0_okno_n2
2114451,4,0,0_okno_n1
2114456,3,0,0_okno_n2
2114457,1,0,0_okno_n1
2114470,0,0,0_okno_n1
2114474,3,0,0_okno_n1
2114497,3,0,0_okno_n1
2114505,3,0,0_okno_n1
2114510,3,0,0_okno_n1
2114512,2,0,0_okno_n1
2114519,4,0,0_okno_n1
2114522,3,0,0_okno_n1
2114524,1,0,0_okno_n1
2114584,0,0,0_okno_n3-4
2114590,1,0,0_okno_n2
2114592,2,0,0_okno_n1
2114596,1,0,0_okno_n3-4
2114600,2,0,0_okno_n2
2114604,3,0,0_okno_n1
2114607,2,0,0_okno_n5+
2114608,1,0,0_okno_n1
2114618,0,0,0_okno_n1
2114625,3,0,0_okno_n2
2114628,2,0,0_okno_n1
2114630,1,0,0_okno_n2
2114657,2,0,0_okno_n3-4
2114710,3,0,0_okno_n1
2114716,4,0,0_okno_n1
2114720,4,0,0_okno_n1
2114721,0,0,0_okno_n1
2114724,1,0,0_okno_n1
2114735,0,0,0_okno_n5+
2114745,3,0,0_okno_n2
2114763,0,0,0_okno_n2
2114820,0,0,0_okno_n5+
2114822,3,0,0_okno_n2
2114827,2,0,0_okno_n1
2114832,3,0,0_okno_n5+
2114842,1,0,0_okno_n1
2114844,0,0,0_okno_n1
2114848,0,0,0_okno_n2
2114856,3,0,0_okno_n2
2114861,2,0,0_okno_n1
2114864,3,0,0_okno_n1
2114865,2,0,0_okno_n1
2114866,1,0,0_okno_n5+
2114869,1,0,0_okno_n1
2114871,4,0,0_okno_n1
2114891,4,0,0_okno_n5+
2114917,2,0,0_okno_n1
2114918,1,0,0_okno_n1
2114932,2,0,0_okno_n3-4
2114940,1,0,0_okno_n2
2114948,1,0,0_okno_n2
2114953,3,0,0_okno_n2
2114955,0,0,0_okno_n1
2114959,4,0,0_okno_n3-4
2114963,0,0,0_okno_n2
2114964,1,0,0_okno_n3-4
2114969,0,0,0_okno_n1
2114977,3,0,0_okno_n3-4
2114984,2,0,0_okno_n3-4
2114994,3,0,0_okno_n2
2114998,3,0,0_okno_n1
2115003,3,0,0_okno_n1
2115010,2,0,0_okno_n1
2115016,1,0,0_okno_n2
2115026,0,0,0_okno_n2
2115028,3,0,0_okno_n1
2115029,2,0,0_okno_n2
2115032,1,0,0_okno_n2
2115050,4,0,0_okno_n2
2115052,2,0,0_okno_n1
2115063,2,0,0_okno_n2
2115083,4,0,0_okno_n1
2115094,2,0,0_okno_n3-4
2115096,0,1,1_pozaokno_n1
2115098,0,0,0_okno_n5+
2115101,1,0,0_okno_n2
2115111,4,0,0_okno_n1
2115133,2,0,0_okno_n2
2115144,3,0,0_okno_n1
2115147,3,0,0_okno_n2
2115167,1,0,0_okno_n1
2115175,2,0,0_okno_n2
2115183,0,0,0_okno_n1
2115194,0,0,0_okno_n1
2115195,2,0,0_okno_n1
2115222,3,0,0_okno_n3-4
2115225,1,0,0_okno_n1
2115227,0,0,0_okno_n1
2115236,3,0,0_okno_n1
2115238,4,0,0_okno_n2
2115241,4,0,0_okno_n2
2115242,3,0,0_okno_n1
2115280,3,0,0_okno_n2
2115313,3,0,0_okno_n2
2115332,1,0,0_okno_n1
2115343,0,0,0_okno_n2
2115345,1,0,0_okno_n3-4
2115351,1,0,0_okno_n1
2115387,3,0,0_okno_n2
2115395,1,0,0_okno_n1
2115415,1,0,0_okno_n1
2115420,2,0,0_okno_n2
2115424,1,0,0_okno_n3-4
2115428,3,0,0_okno_n1
2115430,1,1,1_okno_n1
2115433,1,0,0_okno_n1
2115438,0,0,0_okno_n3-4
2115442,3,0,0_okno_n2
2115445,0,0,0_okno_n1
2115447,3,0,0_okno_n3-4
2115467,1,0,0_okno_n1
2115500,3,0,0_okno_n2
2115502,4,0,0_okno_n3-4
2115511,3,0,0_okno_n2
2115529,2,0,0_okno_n1
2115539,3,0,0_okno_n1
2115540,1,0,0_okno_n1
2115552,0,0,0_okno_n1
2115553,3,0,0_okno_n2
2115559,3,0,0_okno_n3-4
2115569,3,0,0_okno_n2
2115575,4,0,0_okno_n1
2115577,0,0,0_okno_n1
2115601,1,0,0_okno_n1
2115602,4,0,0_okno_n1
2115604,0,0,0_okno_n1
2115609,2,0,0_okno_n1
2115611,3,0,0_okno_n2
2115612,0,0,0_okno_n1
2115617,4,0,0_okno_n1
2115621,0,0,0_okno_n1
2115623,4,0,0_okno_n3-4
2115629,2,0,0_okno_n1
2115630,4,0,0_okno_n2
2115646,0,0,0_okno_n1
2115649,4,0,0_okno_n2
2115654,2,0,0_okno_n2
2115656,2,0,0_okno_n3-4
2115658,4,0,0_okno_n2
2115665,0,0,0_okno_n1
2115670,4,0,0_okno_n1
2115686,1,0,0_okno_n1
2115693,1,0,0_okno_n3-4
2115694,1,0,0_okno_n1
2115698,4,0,0_okno_n3-4
2115699,3,0,0_okno_n3-4
2115702,2,0,0_okno_n1
2115718,4,0,0_okno_n1
2115723,3,0,0_okno_n1
2115731,0,0,0_okno_n5+
2115734,4,0,0_okno_n1
2115738,2,0,0_okno_n1
2115750,1,0,0_okno_n1
2115753,3,0,0_okno_n3-4
2115757,3,0,0_okno_n2
2115761,2,0,0_okno_n1
2115763,3,0,0_okno_n1
2115772,3,0,0_okno_n1
2115785,4,0,0_okno_n5+
2115788,0,0,0_okno_n1
2115794,3,0,0_okno_n1
2115798,3,0,0_okno_n2
2115808,2,0,0_okno_n1
2115828,3,0,0_okno_n1
2115845,2,0,0_okno_n2
2115857,0,0,0_okno_n1
2115860,3,0,0_okno_n2
2115868,1,0,0_okno_n1
2115878,0,0,0_okno_n1
2115883,3,0,0_okno_n1
2115886,3,0,0_okno_n3-4
2115888,2,0,0_okno_n1
2115892,4,0,0_okno_n1
2115904,2,0,0_okno_n3-4
2115927,1,0,0_okno_n1
2115936,2,0,0_okno_n1
2115956,1,0,0_okno_n2
2115968,0,0,0_okno_n1
2115969,0,0,0_okno_n2
2115970,3,0,0_okno_n2
2115971,1,0,0_okno_n2
2115973,0,0,0_okno_n3-4
2115975,3,0,0_okno_n3-4
2115990,2,0,0_okno_n3-4
2115994,1,0,0_okno_n2
2116011,1,0,0_okno_n2
2116014,2,0,0_okno_n2
2116035,1,0,0_okno_n1
2116039,3,0,0_okno_n2
2116041,4,0,0_okno_n1
2116049,2,0,0_okno_n1
2116051,0,0,0_okno_n1
2116074,4,0,0_okno_n2
2116075,0,0,0_okno_n5+
2116080,4,0,0_okno_n1
2116091,4,0,0_okno_n1
2116093,2,0,0_okno_n2
2116094,1,0,0_okno_n2
2116102,0,0,0_okno_n1
2116124,4,0,0_okno_n1
2116125,3,0,0_okno_n1
2116144,1,0,0_okno_n1
2116158,3,0,0_okno_n1
2116166,1,0,0_okno_n5+
2116186,2,0,0_okno_n1
2116190,2,0,0_okno_n2
2116197,4,0,0_okno_n1
2116212,0,0,0_okno_n1
2116213,0,0,0_okno_n1
2116217,2,0,0_okno_n1
2116224,4,0,0_okno_n1
2116228,3,0,0_okno_n2
2116240,2,0,0_okno_n1
2116242,2,0,0_okno_n3-4
2116251,1,0,0_okno_n3-4
2116261,0,0,0_okno_n2
2116267,4,0,0_okno_n2
2116271,0,0,0_okno_n2
2116278,0,0,0_okno_n1
2116280,4,0,0_okno_n1
2116282,4,0,0_okno_n1
2116285,4,0,0_okno_n1
2116291,0,0,0_okno_n2
2116298,2,0,0_okno_n1
2116302,4,0,0_okno_n1
2116305,0,0,0_okno_n1
2116310,2,0,0_okno_n1
2116317,0,0,0_okno_n1
2116333,3,0,0_okno_n3-4
2116336,0,0,0_okno_n2
2116341,4,0,0_okno_n1
2116342,4,0,0_okno_n5+
2116347,1,0,0_okno_n2
2116351,1,0,0_okno_n1
2116362,2,0,0_okno_n2
2116374,1,0,0_okno_n1
2116376,1,0,0_okno_n1
2116381,1,0,0_okno_n1
2116383,3,0,0_okno_n1
2116394,1,0,0_okno_n2
2116401,1,0,0_okno_n1
2116407,3,0,0_okno_n1
2116409,0,0,0_okno_n1
2116422,4,0,0_okno_n2
2116424,2,0,0_okno_n3-4
2116450,0,0,0_okno_n3-4
2116456,1,0,0_okno_n1
2116465,1,0,0_okno_n1
2116491,2,0,0_okno_n2
2116502,0,0,0_okno_n5+
2116504,4,0,0_okno_n1
2116506,2,0,0_okno_n1
2116509,3,0,0_okno_n1
2116517,4,0,0_okno_n1
2116530,2,0,0_okno_n1
2116549,0,0,0_okno_n2
2116561,2,0,0_okno_n2
2116575,3,0,0_okno_n2
2116580,3,0,0_okno_n1
2116597,2,0,0_okno_n2
2116609,2,0,0_okno_n2
2116625,1,0,0_okno_n1
2116626,0,0,0_okno_n1
2116629,0,0,0_okno_n1
2116637,2,0,0_okno_n2
2116639,4,0,0_okno_n1
2116642,2,0,0_okno_n2
2116650,2,0,0_okno_n1
2116654,0,0,0_okno_n1
2116664,3,0,0_okno_n2
2116671,0,0,0_okno_n1
2116673,2,0,0_okno_n2
2116687,0,0,0_okno_n2
2116688,3,0,0_okno_n1
2116690,0,0,0_okno_n1
2116702,2,0,0_okno_n1
2116704,2,0,0_okno_n2
2116722,1,0,0_okno_n2
2116735,1,0,0_okno_n2
2116737,0,0,0_okno_n2
2116739,4,0,0_okno_n1
2116742,1,0,0_okno_n1
2116744,0,0,0_okno_n1
2116755,3,0,0_okno_n2
2116759,0,0,0_okno_n1
2116766,4,0,0_okno_n2
2116769,2,0,0_okno_n1
2116770,4,0,0_okno_n2
2116791,0,0,0_okno_n1
2116793,3,0,0_okno_n5+
2116812,0,0,0_okno_n1
2116825,3,0,0_okno_n3-4
2116828,2,0,0_okno_n1
2116834,0,0,0_okno_n2
2116844,4,0,0_okno_n1
2116854,0,0,0_okno_n1
2116858,0,0,0_okno_n1
2116862,4,0,0_okno_n1
2116863,1,0,0_okno_n3-4
2116869,0,0,0_okno_n1
2116875,4,0,0_okno_n1
2116881,0,0,0_okno_n1
2116882,1,0,0_okno_n2
2116884,2,0,0_okno_n2
2116885,2,0,0_okno_n5+
2116886,4,0,0_okno_n2
2116891,3,0,0_okno_n2
2116892,0,0,0_okno_n1
2116894,4,0,0_okno_n1
2116897,4,0,0_okno_n3-4
2116904,4,0,0_okno_n2
2116911,4,0,0_okno_n1
2116917,0,0,0_okno_n1
2116920,1,0,0_okno_n2
2116921,3,0,0_okno_n3-4
2116925,0,0,0_okno_n5+
2116929,1,0,0_okno_n1
2116938,4,0,0_okno_n1
2116963,4,0,0_okno_n1
2116964,2,0,0_okno_n1
2116968,2,0,0_okno_n1
2116976,2,0,0_okno_n1
2116977,1,0,0_okno_n1
2116982,0,0,0_okno_n3-4
2116984,2,0,0_okno_n1
2116987,0,0,0_okno_n1
2116988,4,0,0_okno_n1
2117012,3,0,0_okno_n1
2117013,4,0,0_okno_n1
2117014,3,0,0_okno_n1
2117054,4,0,0_okno_n1
2117066,2,0,0_okno_n3-4
2117069,0,0,0_okno_n3-4
2117094,3,0,0_okno_n1
2117105,3,0,0_okno_n1
2117124,3,0,0_okno_n1
2117128,4,0,0_okno_n1
2117130,3,0,0_okno_n1
2117134,0,0,0_okno_n1
2117140,2,0,0_okno_n1
2117142,0,1,1_okno_n1
2117152,0,0,0_okno_n3-4
2117168,2,0,0_okno_n1
2117187,1,0,0_okno_n1
2117193,0,0,0_okno_n2
2117198,1,0,0_okno_n1
2117219,4,0,0_okno_n1
2117230,3,0,0_okno_n1
2117232,2,0,0_okno_n1
2117234,4,0,0_okno_n1
2117246,0,0,0_okno_n1
2117247,0,0,0_okno_n1
2117253,1,0,0_okno_n1
2117254,0,0,0_okno_n1
2117293,2,0,0_okno_n1
2117298,1,0,0_okno_n5+
2117306,0,0,0_okno_n2
2117322,4,0,0_okno_n1
2117326,4,0,0_okno_n1
2117329,4,0,0_okno_n1
2117339,2,0,0_okno_n1
2117344,2,0,0_okno_n2
2117365,1,0,0_okno_n3-4
2117384,1,0,0_okno_n1
2117387,1,0,0_okno_n3-4
2117391,4,0,0_okno_n1
2117397,0,0,0_okno_n1
2117399,4,0,0_okno_n1
2117407,4,0,0_okno_n1
2117411,1,0,0_okno_n1
2117415,2,0,0_okno_n1
2117417,4,0,0_okno_n1
2117422,3,0,0_okno_n1
2117424,2,0,0_okno_n1
2117429,0,0,0_okno_n1
2117445,2,0,0_okno_n1
2117453,0,0,0_okno_n2
2117455,2,0,0_okno_n5+
2117458,0,0,0_okno_n2
2117459,0,0,0_okno_n3-4
2117461,4,0,0_okno_n1
2117469,4,0,0_okno_n3-4
2117475,3,0,0_okno_n2
2117477,2,0,0_okno_n2
2117481,1,0,0_okno_n2
2117483,4,0,0_okno_n2
2117494,2,0,0_okno_n1
2117499,4,0,0_okno_n2
2117503,2,0,0_okno_n2
2117505,2,0,0_okno_n1
2117506,0,0,0_okno_n1
2117516,2,0,0_okno_n1
2117517,3,0,0_okno_n2
2117526,0,0,0_okno_n1
2117527,3,0,0_okno_n1
2117534,3,0,0_okno_n1
2117538,3,0,0_okno_n1
2117549,4,0,0_okno_n1
2117552,4,0,0_okno_n1
2117563,4,0,0_okno_n1
2117565,0,0,0_okno_n3-4
2117590,3,0,0_okno_n1
2117600,1,0,0_okno_n1
2117608,4,0,0_okno_n2
2117613,1,0,0_okno_n1
2117615,0,0,0_okno_n3-4
2117622,1,0,0_okno_n1
2117627,4,0,0_okno_n1
2117628,4,0,0_okno_n1
2117645,0,0,0_okno_n3-4
2117655,0,0,0_okno_n1
2117656,3,0,0_okno_n1
2117662,3,0,0_okno_n5+
2117677,2,0,0_okno_n2
2117684,4,0,0_okno_n3-4
2117693,2,0,0_okno_n2
2117700,0,0,0_okno_n1
2117706,0,0,0_okno_n1
2117715,2,0,0_okno_n1
2117729,2,0,0_okno_n2
2117733,1,0,0_okno_n2
2117734,1,0,0_okno_n1
2117735,2,0,0_okno_n2
2117736,2,0,0_okno_n5+
2117737,0,0,0_okno_n1
2117738,1,0,0_okno_n1
2117739,4,0,0_okno_n1
2117757,3,0,0_okno_n2
2117767,0,0,0_okno_n1
2117769,1,0,0_okno_n1
2117798,3,0,0_okno_n2
2117804,1,0,0_okno_n2
2117815,2,0,0_okno_n1
2117820,2,0,0_okno_n3-4
2117821,0,0,0_okno_n1
2117823,3,0,0_okno_n5+
2117828,2,0,0_okno_n2
2117833,1,0,0_okno_n1
2117838,0,0,0_okno_n1
2117839,0,0,0_okno_n1
2117840,1,0,0_okno_n1
2117841,0,0,0_okno_n1
2117842,0,1,1_okno_n3-4
2117844,1,0,0_okno_n1
2117863,3,0,0_okno_n1
2117903,4,0,0_okno_n1
2117908,4,0,0_okno_n3-4
2117913,2,0,0_okno_n1
2117928,2,0,0_okno_n3-4
2117933,4,0,0_okno_n1
2117940,2,0,0_okno_n1
2117950,4,0,0_okno_n1
2117957,2,0,0_okno_n3-4
2117959,4,0,0_okno_n2
2117969,0,0,0_okno_n1
2117972,3,0,0_okno_n1
2117979,1,0,0_okno_n3-4
2117980,3,0,0_okno_n2
2117992,2,0,0_okno_n2
2117995,0,0,0_okno_n2
2118009,1,0,0_okno_n1
2118011,4,0,0_okno_n2
2118039,1,0,0_okno_n5+
2118043,1,0,0_okno_n1
2118051,2,0,0_okno_n2
2118052,1,0,0_okno_n3-4
2118057,0,0,0_okno_n1
2118065,1,0,0_okno_n2
2118066,3,0,0_okno_n3-4
2118068,1,0,0_okno_n5+
2118070,2,0,0_okno_n1
2118074,1,0,0_okno_n3-4
2118075,1,0,0_okno_n2
2118079,0,0,0_okno_n3-4
2118085,3,0,0_okno_n1
2118093,1,0,0_okno_n5+
2118094,2,0,0_okno_n3-4
2118095,2,0,0_okno_n1
2118099,4,0,0_okno_n1
2118100,1,0,0_okno_n1
2118109,0,0,0_okno_n1
2118112,0,0,0_okno_n3-4
2118115,3,0,0_okno_n3-4
2118119,1,0,0_okno_n3-4
2118121,0,0,0_okno_n1
2118131,2,0,0_okno_n2
2118148,2,0,0_okno_n1
2118150,0,0,0_okno_n1
2118157,0,0,0_okno_n1
2118160,4,0,0_okno_n1
2118161,2,0,0_okno_n2
2118167,3,0,0_okno_n2
2118169,2,0,0_okno_n1
2118185,3,0,0_okno_n2
2118207,4,0,0_okno_n1
2118216,2,0,0_okno_n1
2118220,2,0,0_okno_n1
2118226,0,0,0_okno_n1
2118229,2,0,0_okno_n3-4
2118232,1,0,0_okno_n1
2118238,2,0,0_okno_n1
2118239,0,0,0_okno_n1
2118246,0,0,0_okno_n1
2118248,3,0,0_okno_n3-4
2118250,4,0,0_okno_n3-4
2118251,3,0,0_okno_n2
2118260,0,0,0_okno_n2
2118280,4,0,0_okno_n1
2118282,3,0,0_okno_n1
2118307,4,0,0_okno_n1
2118313,1,0,0_okno_n3-4
2118323,4,0,0_okno_n1
2118324,1,0,0_okno_n1
2118325,1,0,0_okno_n2
2118351,4,0,0_okno_n1
2118354,2,0,0_okno_n3-4
2118356,3,0,0_okno_n1
2118358,0,0,0_okno_n1
2118380,1,0,0_okno_n1
2118391,1,0,0_okno_n3-4
2118394,3,0,0_okno_n1
2118399,3,0,0_okno_n1
2118400,3,0,0_okno_n2
2118402,2,0,0_okno_n1
2118407,1,0,0_okno_n1
2118414,0,0,0_okno_n2
2118424,4,0,0_okno_n3-4
2118428,0,0,0_okno_n1
2118440,3,0,0_okno_n1
2118441,0,0,0_okno_n1
2118459,0,0,0_okno_n1
2118461,2,1,1_okno_n1
2118462,3,0,0_okno_n1
2118463,2,0,0_okno_n3-4
2118489,2,0,0_okno_n2
2118501,1,0,0_okno_n1
2118508,2,0,0_okno_n1
2118520,2,0,0_okno_n2
2118525,0,0,0_okno_n1
2118529,1,0,0_okno_n1
2118550,0,0,0_okno_n1
2118572,3,0,0_okno_n1
2118584,4,0,0_okno_n1
2118589,3,0,0_okno_n2
2118598,4,0,0_okno_n1
2118604,3,0,0_okno_n3-4
2118609,0,0,0_okno_n1
2118610,4,0,0_okno_n1
2118616,2,0,0_okno_n1
2118618,1,1,1_pozaokno_n1
2118620,1,0,0_okno_n1
2118623,4,0,0_okno_n3-4
2118670,0,0,0_okno_n2
2118696,1,0,0_okno_n2
2118716,0,0,0_okno_n1
2118720,4,0,0_okno_n1
2118722,2,0,0_okno_n1
2118727,4,0,0_okno_n2
2118731,0,0,0_okno_n3-4
2118744,0,0,0_okno_n1
2118745,1,0,0_okno_n3-4
2118747,3,0,0_okno_n1
2118749,4,0,0_okno_n2
2118765,4,0,0_okno_n1
2118770,2,0,0_okno_n5+
2118787,0,0,0_okno_n1
2118796,0,0,0_okno_n5+
2118809,0,0,0_okno_n1
2118818,1,0,0_okno_n2
2118819,1,0,0_okno_n1
2118826,3,0,0_okno_n2
2118835,4,0,0_okno_n2
2118839,0,0,0_okno_n2
2118875,2,0,0_okno_n1
2118878,3,0,0_okno_n2
2118892,2,0,0_okno_n2
2118894,0,0,0_okno_n1
2118898,1,0,0_okno_n3-4
2118903,4,0,0_okno_n2
2118905,3,0,0_okno_n1
2118907,1,0,0_okno_n1
2118916,2,0,0_okno_n1
2118920,1,0,0_okno_n3-4
2118933,1,0,0_okno_n3-4
2118935,2,0,0_okno_n1
2118936,3,0,0_okno_n2
2118937,2,0,0_okno_n1
2118941,0,0,0_okno_n1
2118943,4,0,0_okno_n1
2118946,3,0,0_okno_n1
2118949,4,0,0_okno_n1
2118951,1,0,0_okno_n2
2118956,1,0,0_okno_n2
2118957,4,0,0_okno_n3-4
2118965,2,0,0_okno_n1
2118968,2,0,0_okno_n1
2118971,3,0,0_okno_n1
2118977,0,0,0_okno_n1
2118980,3,0,0_okno_n1
2118986,2,0,0_okno_n1
2118988,1,0,0_okno_n1
2119000,1,0,0_okno_n1
2119002,2,0,0_okno_n1
2119004,3,0,0_okno_n2
2119005,2,0,0_okno_n1
2119008,1,0,0_okno_n1
2119010,3,0,0_okno_n1
2119011,2,0,0_okno_n2
2119014,2,0,0_okno_n1
2119015,1,0,0_okno_n1
2119023,3,0,0_okno_n2
2119048,0,0,0_okno_n1
2119054,1,0,0_okno_n2
2119068,4,0,0_okno_n1
2119081,3,0,0_okno_n1
2119089,3,0,0_okno_n1
2119148,4,0,0_okno_n1
2119167,1,0,0_okno_n1
2119186,0,0,0_okno_n3-4
2119197,1,0,0_okno_n1
2119199,1,0,0_okno_n2
2119210,4,0,0_okno_n1
2119215,3,0,0_okno_n1
2119264,2,0,0_okno_n1
2119265,1,0,0_okno_n1
2119266,4,0,0_okno_n2
2119276,2,0,0_okno_n1
2119281,0,0,0_okno_n2
2119292,2,0,0_okno_n1
2119318,1,0,0_okno_n1
2119325,2,0,0_okno_n1
2119334,4,0,0_okno_n2
2119347,3,0,0_okno_n1
2119351,1,0,0_okno_n1
2119377,3,0,0_okno_n1
2119438,0,0,0_okno_n1
2119439,4,0,0_okno_n2
2119478,0,0,0_okno_n5+
2119481,2,0,0_okno_n1
2119518,1,0,0_okno_n1
2119552,1,0,0_okno_n1
2119565,2,0,0_okno_n1
2119576,3,0,0_okno_n1
2119579,4,0,0_okno_n2
2119581,4,0,0_okno_n1
2119590,0,0,0_okno_n2
2119596,1,0,0_okno_n1
2119600,0,0,0_okno_n1
2119607,1,0,0_okno_n2
2119627,0,0,0_okno_n2
2119653,2,0,0_okno_n1
2119659,4,0,0_okno_n2
2119660,2,0,0_okno_n1
2119662,0,0,0_okno_n2
2119669,1,0,0_okno_n1
2119676,4,0,0_okno_n1
2119720,2,0,0_okno_n3-4
2119730,3,0,0_okno_n2
2119748,0,0,0_okno_n1
2119783,4,0,0_okno_n1
2119786,0,0,0_okno_n3-4
2119793,1,0,0_okno_n1
2119802,0,0,0_okno_n1
2119814,3,0,0_okno_n1
2119818,2,0,0_okno_n2
2119821,3,0,0_okno_n2
2119828,0,0,0_okno_n1
2119830,1,0,0_okno_n1
2119832,3,0,0_okno_n3-4
2119839,4,0,0_okno_n2
2119844,1,0,0_okno_n1
2119846,3,0,0_okno_n1
2119849,4,0,0_okno_n1
2119859,2,0,0_okno_n1
2119861,2,0,0_okno_n2
2119871,4,0,0_okno_n1
2119874,2,0,0_okno_n1
2119886,1,0,0_okno_n1
2119890,4,0,0_okno_n1
2119899,0,0,0_okno_n1
2119905,2,0,0_okno_n1
2119906,4,0,0_okno_n1
2119909,4,0,0_okno_n1
2119928,1,0,0_okno_n1
2119931,0,0,0_okno_n1
2119932,2,0,0_okno_n1
2119937,3,0,0_okno_n1
2119948,2,0,0_okno_n2
2119954,3,0,0_okno_n1
2119956,1,0,0_okno_n1
2119958,2,0,0_okno_n1
2119973,0,0,0_okno_n1
2119980,4,0,0_okno_n1
2119982,4,0,0_okno_n1
2120045,1,0,0_okno_n1
2120053,4,0,0_okno_n1
2120065,1,0,0_okno_n1
2120104,4,0,0_okno_n1
2120117,2,0,0_okno_n3-4
2120121,2,0,0_okno_n1
2120129,4,0,0_okno_n1
2120141,3,1,1_okno_n3-4
2120152,4,0,0_okno_n2
2120154,3,0,0_okno_n1
2120171,3,0,0_okno_n1
2120173,0,0,0_okno_n1
2120175,2,0,0_okno_n1
2120178,0,0,0_okno_n1
2120182,2,0,0_okno_n2
2120207,1,0,0_okno_n1
2120224,2,0,0_okno_n2
2120230,4,0,0_okno_n1
2120231,4,0,0_okno_n1
2120233,3,0,0_okno_n3-4
2120258,1,0,0_okno_n2
2120263,4,0,0_okno_n1
2120298,2,0,0_okno_n1
2120302,1,0,0_okno_n2
2120304,4,0,0_okno_n2
2120309,1,0,0_okno_n1
2120312,3,0,0_okno_n2
2120318,2,0,0_okno_n1
2120323,3,0,0_okno_n1
2120326,0,0,0_okno_n1
2120334,2,0,0_okno_n3-4
2120340,1,0,0_okno_n1
2120346,1,0,0_okno_n2
2120353,4,0,0_okno_n1
2120356,4,0,0_okno_n2
2120360,4,0,0_okno_n1
2120363,4,0,0_okno_n5+
2120364,4,0,0_okno_n2
2120381,2,0,0_okno_n1
2120414,3,0,0_okno_n1
2120437,2,0,0_okno_n1
2120442,1,0,0_okno_n1
2120445,3,0,0_okno_n5+
2120446,4,0,0_okno_n1
2120467,0,0,0_okno_n5+
2120469,2,0,0_okno_n3-4
2120489,1,0,0_okno_n1
2120492,0,0,0_okno_n1
2120497,2,0,0_okno_n1
2120499,4,0,0_okno_n1
2120508,3,0,0_okno_n1
2120517,0,0,0_okno_n1
2120519,2,0,0_okno_n1
2120544,3,0,0_okno_n5+
2120546,0,0,0_okno_n1
2120550,3,0,0_okno_n1
2120557,3,0,0_okno_n2
2120575,0,0,0_okno_n2
2120579,0,0,0_okno_n1
2120581,4,0,0_okno_n1
2120589,1,0,0_okno_n2
2120602,3,0,0_okno_n5+
2120624,4,0,0_okno_n2
2120639,1,0,0_okno_n2
2120647,0,0,0_okno_n1
2120648,3,0,0_okno_n1
2120651,2,0,0_okno_n1
2120660,3,0,0_okno_n1
2120676,2,0,0_okno_n2
2120681,0,0,0_okno_n1
2120682,0,0,0_okno_n3-4
2120688,3,0,0_okno_n1
2120690,3,0,0_okno_n1
2120697,3,0,0_okno_n1
2120700,0,0,0_okno_n1
2120705,1,0,0_okno_n1
2120708,1,0,0_okno_n1
2120718,4,0,0_okno_n1
2120719,0,0,0_okno_n1
2120722,2,0,0_okno_n1
2120755,0,0,0_okno_n1
2120810,0,0,0_okno_n2
2120816,4,0,0_okno_n2
2120837,4,0,0_okno_n1
2120852,0,0,0_okno_n3-4
2120860,1,0,0_okno_n1
2120862,1,0,0_okno_n1
2120864,2,0,0_okno_n3-4
2120876,1,0,0_okno_n1
2120878,4,0,0_okno_n1
2120885,2,0,0_okno_n1
2120890,3,0,0_okno_n1
2120895,1,0,0_okno_n2
2120904,4,0,0_okno_n1
2120914,4,0,0_okno_n1
2120926,0,0,0_okno_n1
2120928,1,0,0_okno_n2
2120930,1,0,0_okno_n1
2120932,3,0,0_okno_n1
2120933,0,0,0_okno_n1
2120937,3,0,0_okno_n1
2120944,4,0,0_okno_n1
2120945,1,0,0_okno_n3-4
2120948,4,0,0_okno_n1
2120951,1,0,0_okno_n1
2120953,1,0,0_okno_n1
2120954,0,0,0_okno_n1
2120958,1,0,0_okno_n1
2120967,0,0,0_okno_n1
2120970,3,0,0_okno_n1
2120978,0,0,0_okno_n1
2120994,0,0,0_okno_n2
2120995,0,0,0_okno_n2
2120998,4,0,0_okno_n1
2121006,0,0,0_okno_n1
2121009,4,0,0_okno_n1
2121013,0,0,0_okno_n1
2121014,4,0,0_okno_n1
2121019,1,0,0_okno_n1
2121025,1,0,0_okno_n1
2121034,0,0,0_okno_n2
2121057,2,0,0_okno_n1
2121088,4,0,0_okno_n1
2121120,1,0,0_okno_n1
2121127,4,0,0_okno_n2
2121154,1,0,0_okno_n1
2121156,4,0,0_okno_n1
2121162,2,0,0_okno_n3-4
2121166,2,0,0_okno_n1
2121171,3,0,0_okno_n3-4
2121178,2,0,0_okno_n1
2121185,0,0,0_okno_n1
2121192,4,0,0_okno_n1
2121195,0,0,0_okno_n1
2121203,0,0,0_okno_n1
2121209,0,0,0_okno_n1
2121219,1,0,0_okno_n1
2121220,4,0,0_okno_n2
2121224,1,0,0_okno_n1
2121226,0,0,0_okno_n1
2121229,1,0,0_okno_n1
2121233,3,0,0_okno_n2
2121260,2,0,0_okno_n3-4
2121280,1,0,0_okno_n1
2121306,1,0,0_okno_n2
2121315,1,0,0_okno_n5+
2121324,2,0,0_okno_n1
2121347,4,0,0_okno_n2
2121361,0,0,0_okno_n5+
2121371,2,0,0_okno_n1
2121374,0,0,0_okno_n2
2121391,3,0,0_okno_n3-4
2121410,4,0,0_okno_n3-4
2121412,3,0,0_okno_n5+
2121415,2,0,0_okno_n1
2121424,4,0,0_okno_n1
2121426,0,0,0_okno_n5+
2121428,1,0,0_okno_n2
2121429,3,0,0_okno_n3-4
2121431,1,0,0_okno_n3-4
2121436,1,0,0_okno_n1
2121437,1,0,0_okno_n2
2121440,4,0,0_okno_n1
2121442,4,0,0_okno_n1
2121457,4,0,0_okno_n1
2121473,4,0,0_okno_n2
2121481,3,0,0_okno_n5+
2121483,3,0,0_okno_n1
2121487,2,0,0_okno_n3-4
2121512,1,0,0_okno_n2
2121517,0,0,0_okno_n3-4
2121523,0,0,0_okno_n2
2121527,1,0,0_okno_n3-4
2121554,4,0,0_okno_n3-4
2121595,3,0,0_okno_n1
2121598,3,0,0_okno_n1
2121618,2,0,0_okno_n1
2121620,4,0,0_okno_n2
2121626,4,0,0_okno_n3-4
2121632,0,0,0_okno_n5+
2121636,3,0,0_okno_n1
2121637,3,0,0_okno_n1
2121641,1,0,0_okno_n1
2121649,3,0,0_okno_n1
2121652,4,0,0_okno_n3-4
2121669,1,0,0_okno_n3-4
2121691,4,0,0_okno_n2
2121694,0,0,0_okno_n1
2121726,3,0,0_okno_n3-4
2121737,4,0,0_okno_n1
2121740,0,0,0_okno_n1
2121747,3,0,0_okno_n1
2121758,0,0,0_okno_n2
2121762,4,0,0_okno_n3-4
2121811,2,0,0_okno_n2
2121834,0,0,0_okno_n1
2121835,3,0,0_okno_n2
2121837,0,0,0_okno_n1
2121839,4,0,0_okno_n1
2121855,0,0,0_okno_n1
2121870,1,0,0_okno_n1
2121898,4,0,0_okno_n3-4
2121900,4,0,0_okno_n2
2121916,1,0,0_okno_n2
2121935,1,0,0_okno_n1
2121938,3,0,0_okno_n2
2121956,4,0,0_okno_n2
2121971,3,0,0_okno_n1
2121989,1,0,0_okno_n1
2121996,1,0,0_okno_n1
2121998,3,0,0_okno_n1
2122003,2,0,0_okno_n3-4
2122005,3,0,0_okno_n1
2122021,1,0,0_okno_n2
2122024,2,0,0_okno_n2
2122025,1,0,0_okno_n1
2122030,3,0,0_okno_n2
2122031,2,0,0_okno_n1
2122033,3,0,0_okno_n3-4
2122042,0,0,0_okno_n5+
2122057,0,0,0_okno_n2
2122066,0,0,0_okno_n1
2122072,1,0,0_okno_n1
2122073,3,0,0_okno_n1
2122077,3,0,0_okno_n5+
2122079,2,0,0_okno_n1
2122083,1,0,0_okno_n1
2122086,2,0,0_okno_n1
2122088,4,0,0_okno_n1
2122094,1,0,0_okno_n2
2122099,4,0,0_okno_n1
2122103,0,0,0_okno_n2
2122113,2,0,0_okno_n1
2122129,0,0,0_okno_n1
2122139,0,0,0_okno_n3-4
2122141,2,0,0_okno_n2
2122144,0,0,0_okno_n1
2122163,4,0,0_okno_n1
2122169,3,0,0_okno_n1
2122170,3,0,0_okno_n1
2122171,1,0,0_okno_n3-4
2122174,2,0,0_okno_n1
2122176,0,0,0_okno_n2
2122179,4,0,0_okno_n1
2122184,1,0,0_okno_n2
2122200,2,0,0_okno_n1
2122219,3,0,0_okno_n2
2122244,3,0,0_okno_n1
2122276,4,0,0_okno_n1
2122281,3,0,0_okno_n1
2122291,4,0,0_okno_n1
2122296,4,0,0_okno_n1
2122336,2,0,0_okno_n1
2122353,3,0,0_okno_n1
2122371,4,0,0_okno_n2
2122372,2,0,0_okno_n1
2122376,1,0,0_okno_n1
2122379,4,0,0_okno_n1
2122388,1,0,0_okno_n1
2122395,1,0,0_okno_n1
2122409,0,0,0_okno_n3-4
2122413,2,0,0_okno_n1
2122417,0,0,0_okno_n1
2122421,3,0,0_okno_n5+
2122424,3,0,0_okno_n2
2122448,3,0,0_okno_n3-4
2122453,1,0,0_okno_n3-4
2122466,3,0,0_okno_n1
2122494,3,0,0_okno_n3-4
2122511,1,0,0_okno_n3-4
2122526,2,0,0_okno_n1
2122551,2,0,0_okno_n1
2122566,1,0,0_okno_n1
2122572,1,0,0_okno_n1
2122577,3,0,0_okno_n3-4
2122579,4,0,0_okno_n1
2122598,4,0,0_okno_n2
2122600,1,0,0_okno_n1
2122602,4,0,0_okno_n1
2122604,0,0,0_okno_n3-4
2122606,3,1,1_okno_n1
2122621,2,0,0_okno_n1
2122667,2,0,0_okno_n2
2122677,0,0,0_okno_n3-4
2122695,2,0,0_okno_n2
2122731,1,0,0_okno_n1
2122738,2,0,0_okno_n2
2122785,4,0,0_okno_n1
2122788,4,0,0_okno_n2
2122795,1,0,0_okno_n1
2122809,3,0,0_okno_n1
2122813,2,0,0_okno_n1
2122817,2,0,0_okno_n3-4
2122825,2,0,0_okno_n1
2122836,3,0,0_okno_n2
2122839,4,0,0_okno_n1
2122842,1,0,0_okno_n1
2122849,0,0,0_okno_n1
2122851,3,0,0_okno_n1
2122852,4,0,0_okno_n2
2122854,2,0,0_okno_n1
2122855,1,0,0_okno_n1
2122860,4,0,0_okno_n1
2122865,2,0,0_okno_n5+
2122878,1,0,0_okno_n1
2122888,3,0,0_okno_n1
2122920,3,0,0_okno_n2
2122924,2,0,0_okno_n1
2122930,1,0,0_okno_n2
2122933,0,0,0_okno_n1
2122978,4,0,0_okno_n2
2122994,0,0,0_okno_n5+
2122997,0,0,0_okno_n1
2123024,3,0,0_okno_n2
2123027,1,0,0_okno_n1
2123032,2,0,0_okno_n1
2123033,2,0,0_okno_n1
2123037,3,0,0_okno_n2
2123038,2,0,0_okno_n2
2123049,2,0,0_okno_n1
2123056,0,0,0_okno_n2
2123063,0,0,0_okno_n1
2123071,2,0,0_okno_n1
2123077,0,0,0_okno_n2
2123086,3,0,0_okno_n1
2123088,0,0,0_okno_n3-4
2123094,0,0,0_okno_n3-4
2123114,4,0,0_okno_n1
2123128,1,0,0_okno_n1
2123132,0,0,0_okno_n2
2123151,0,0,0_okno_n1
2123152,4,0,0_okno_n1
2123154,2,0,0_okno_n1
2123165,4,0,0_okno_n1
2123169,4,0,0_okno_n1
2123183,0,0,0_okno_n1
2123221,3,0,0_okno_n1
2123223,2,0,0_okno_n1
2123251,4,0,0_okno_n2
2123258,4,0,0_okno_n1
2123262,0,1,1_pozaokno_n5+
2123265,0,0,0_okno_n1
2123286,0,0,0_okno_n1
2123299,2,0,0_okno_n1
2123324,4,0,0_okno_n2
2123325,4,0,0_okno_n2
2123354,4,0,0_okno_n2
2123366,3,0,0_okno_n2
2123377,4,0,0_okno_n1
2123379,3,0,0_okno_n1
2123382,1,0,0_okno_n1
2123386,3,0,0_okno_n3-4
2123390,4,0,0_okno_n2
2123397,3,0,0_okno_n1
2123400,4,0,0_okno_n1
2123413,3,0,0_okno_n1
2123425,0,0,0_okno_n1
2123441,4,0,0_okno_n2
2123488,2,0,0_okno_n2
2123492,3,0,0_okno_n1
2123496,0,0,0_okno_n3-4
2123548,0,0,0_okno_n1
2123559,0,0,0_okno_n2
2123560,0,0,0_okno_n3-4
2123571,4,0,0_okno_n2
2123573,3,0,0_okno_n2
2123575,3,0,0_okno_n1
2123582,0,0,0_okno_n3-4
2123587,3,0,0_okno_n1
2123588,4,0,0_okno_n2
2123591,0,0,0_okno_n1
2123600,3,0,0_okno_n2
2123602,4,0,0_okno_n1
2123649,0,0,0_okno_n1
2123665,1,0,0_okno_n1
2123667,0,0,0_okno_n1
2123677,0,0,0_okno_n1
2123680,0,0,0_okno_n2
2123699,3,0,0_okno_n2
2123733,2,0,0_okno_n2
2123735,4,0,0_okno_n1
2123775,2,0,0_okno_n1
2123785,3,0,0_okno_n1
2123792,4,0,0_okno_n1
2123799,1,0,0_okno_n1
2123802,0,0,0_okno_n1
2123804,2,0,0_okno_n1
2123820,4,0,0_okno_n5+
2123827,4,0,0_okno_n1
2123862,2,0,0_okno_n1
2123873,1,0,0_okno_n3-4
2123881,0,0,0_okno_n1
2123886,3,0,0_okno_n1
2123907,2,0,0_okno_n2
2123979,3,0,0_okno_n1
2123990,0,0,0_okno_n1
2123991,2,0,0_okno_n2
2124008,0,0,0_okno_n1
2124016,2,0,0_okno_n1
2124036,1,0,0_okno_n1
2124043,2,0,0_okno_n1
2124044,3,0,0_okno_n1
2124048,3,0,0_okno_n3-4
2124056,3,0,0_okno_n1
2124123,0,0,0_okno_n1
2124140,4,0,0_okno_n1
2124167,3,0,0_okno_n2
2124172,4,0,0_okno_n1
2124174,2,0,0_okno_n2
2124177,1,0,0_okno_n3-4
2124183,4,0,0_okno_n2
2124186,1,0,0_okno_n2
2124190,4,0,0_okno_n2
2124192,2,0,0_okno_n1
2124195,1,0,0_okno_n1
2124199,2,0,0_okno_n3-4
2124216,1,0,0_okno_n3-4
2124222,2,0,0_okno_n2
2124270,4,0,0_okno_n1
2124276,3,0,0_okno_n2
2124280,0,0,0_okno_n1
2124285,3,0,0_okno_n1
2124299,0,0,0_okno_n1
2124301,3,0,0_okno_n1
2124336,2,0,0_okno_n3-4
2124347,4,0,0_okno_n1
2124355,2,0,0_okno_n2
2124365,0,0,0_okno_n1
2124389,4,0,0_okno_n1
2124434,4,0,0_okno_n3-4
2124467,4,0,0_okno_n1
2124482,0,0,0_okno_n1
2124490,4,0,0_okno_n1
2124497,0,0,0_okno_n1
2124513,2,0,0_okno_n2
2124516,4,0,0_okno_n1
2124521,2,0,0_okno_n1
2124525,4,0,0_okno_n1
2124528,0,0,0_okno_n1
2124538,0,0,0_okno_n1
2124544,1,0,0_okno_n1
2124545,3,0,0_okno_n1
2124581,4,0,0_okno_n1
2124586,3,1,1_okno_n1
2124591,0,0,0_okno_n1
2124602,4,0,0_okno_n1
2124674,4,0,0_okno_n1
2124676,4,0,0_okno_n1
2124680,4,0,0_okno_n1
2124695,2,0,0_okno_n2
2124699,1,0,0_okno_n2
2124702,2,0,0_okno_n1
2124705,0,0,0_okno_n3-4
2124711,1,0,0_okno_n2
2124713,4,0,0_okno_n1
2124716,3,0,0_okno_n1
2124727,4,0,0_okno_n1
2124730,2,0,0_okno_n1
2124745,2,0,0_okno_n1
2124764,1,0,0_okno_n1
2124776,1,0,0_okno_n3-4
2124780,3,0,0_okno_n1
2124818,0,0,0_okno_n2
2124819,4,0,0_okno_n3-4
2124826,3,0,0_okno_n1
2124828,2,0,0_okno_n1
2124836,4,0,0_okno_n1
2124869,0,0,0_okno_n1
2124892,0,0,0_okno_n3-4
2124901,4,0,0_okno_n1
2124906,4,0,0_okno_n1
2124916,2,0,0_okno_n1
2124921,3,0,0_okno_n1
2124927,0,0,0_okno_n1
2124930,0,0,0_okno_n1
2124933,1,0,0_okno_n1
2124941,2,0,0_okno_n1
2124943,3,0,0_okno_n2
2124948,4,0,0_okno_n1
2124977,1,0,0_okno_n2
2125003,3,0,0_okno_n1
2125008,4,0,0_okno_n1
2125012,3,0,0_okno_n5+
2125027,4,0,0_okno_n1
2125056,3,0,0_okno_n1
2125087,1,0,0_okno_n2
2125097,0,0,0_okno_n1
2125108,3,0,0_okno_n1
2125119,2,0,0_okno_n1
2125120,2,0,0_okno_n1
2125123,4,0,0_okno_n3-4
2125127,0,0,0_okno_n1
2125133,4,0,0_okno_n1
2125146,0,0,0_okno_n2
2125152,3,0,0_okno_n2
2125160,3,0,0_okno_n2
2125165,4,0,0_okno_n2
2125178,4,0,0_okno_n1
2125182,4,0,0_okno_n1
2125188,4,1,1_okno_n1
2125189,3,0,0_okno_n1
2125193,2,0,0_okno_n1
2125217,1,0,0_okno_n2
2125242,2,0,0_okno_n2
2125339,1,0,0_okno_n1
2125377,3,0,0_okno_n3-4
2125384,4,0,0_okno_n1
2125395,0,0,0_okno_n1
2125406,1,0,0_okno_n2
2125408,0,0,0_okno_n1
2125417,0,0,0_okno_n1
2125423,2,0,0_okno_n1
2125425,0,0,0_okno_n1
2125427,4,0,0_okno_n2
2125428,1,0,0_okno_n1
2125431,4,0,0_okno_n2
2125433,0,0,0_okno_n1
2125434,4,0,0_okno_n2
2125435,0,0,0_okno_n1
2125452,3,0,0_okno_n1
2125466,1,0,0_okno_n1
2125471,0,0,0_okno_n1
2125479,1,0,0_okno_n5+
2125485,1,0,0_okno_n1
2125487,2,0,0_okno_n1
2125500,2,0,0_okno_n3-4
2125507,0,0,0_okno_n3-4
2125542,2,0,0_okno_n1
2125544,0,0,0_okno_n1
2125555,4,0,0_okno_n1
2125559,3,0,0_okno_n1
2125560,1,0,0_okno_n1
2125561,4,0,0_okno_n2
2125565,2,0,0_okno_n1
2125616,3,0,0_okno_n1
2125624,2,0,0_okno_n1
2125626,3,0,0_okno_n1
2125659,4,0,0_okno_n1
2125665,1,0,0_okno_n1
2125679,2,0,0_okno_n1
2125687,1,0,0_okno_n2
2125713,4,0,0_okno_n1
2125715,4,0,0_okno_n1
2125721,0,0,0_okno_n1
2125727,3,0,0_okno_n1
2125760,3,0,0_okno_n2
2125768,1,0,0_okno_n1
2125786,1,0,0_okno_n2
2125807,2,0,0_okno_n1
2125814,0,0,0_okno_n1
2125815,4,0,0_okno_n1
2125822,0,0,0_okno_n1
2125828,3,0,0_okno_n1
2125839,3,0,0_okno_n1
2125859,2,0,0_okno_n1
2125872,0,0,0_okno_n1
2125884,2,0,0_okno_n2
2125888,2,0,0_okno_n1
2125894,3,0,0_okno_n1
2125899,1,0,0_okno_n1
2125909,4,0,0_okno_n1
2125953,3,0,0_okno_n3-4
2125970,4,0,0_okno_n1
2125986,4,0,0_okno_n1
2125998,3,0,0_okno_n1
2126005,2,0,0_okno_n3-4
2126026,0,0,0_okno_n1
2126027,0,0,0_okno_n1
2126033,4,0,0_okno_n1
2126034,2,0,0_okno_n1
2126040,3,0,0_okno_n2
2126048,0,0,0_okno_n2
2126049,2,0,0_okno_n1
2126058,3,0,0_okno_n1
2126082,4,0,0_okno_n5+
2126135,3,0,0_okno_n1
2126141,1,0,0_okno_n2
2126166,1,0,0_okno_n1
2126217,1,0,0_okno_n1
2126219,1,0,0_okno_n1
2126224,2,0,0_okno_n1
2126234,0,0,0_okno_n2
2126264,3,1,1_okno_n5+
2126268,4,0,0_okno_n1
2126270,2,0,0_okno_n1
2126272,2,0,0_okno_n3-4
2126283,2,0,0_okno_n1
2126291,2,0,0_okno_n1
2126292,2,0,0_okno_n3-4
2126296,3,0,0_okno_n1
2126304,1,0,0_okno_n1
2126307,2,0,0_okno_n1
2126319,2,0,0_okno_n3-4
2126323,3,0,0_okno_n2
2126349,2,0,0_okno_n2
2126364,1,0,0_okno_n1
2126365,2,0,0_okno_n3-4
2126372,3,0,0_okno_n2
2126379,1,0,0_okno_n3-4
2126381,4,0,0_okno_n1
2126436,1,0,0_okno_n2
2126445,0,0,0_okno_n1
2126450,1,0,0_okno_n1
2126458,1,0,0_okno_n3-4
2126462,1,0,0_okno_n1
2126464,0,0,0_okno_n1
2126470,2,0,0_okno_n1
2126475,3,0,0_okno_n1
2126486,3,0,0_okno_n3-4
2126504,1,0,0_okno_n2
2126507,0,0,0_okno_n1
2126516,0,0,0_okno_n1
2126518,2,0,0_okno_n1
2126521,0,0,0_okno_n1
2126523,0,0,0_okno_n1
2126527,1,0,0_okno_n1
2126528,1,0,0_okno_n1
2126540,1,0,0_okno_n2
2126541,1,0,0_okno_n3-4
2126581,0,0,0_okno_n1
2126582,2,0,0_okno_n1
2126615,1,0,0_okno_n1
2126623,4,0,0_okno_n2
2126638,0,0,0_okno_n3-4
2126659,4,0,0_okno_n1
2126692,0,0,0_okno_n2
2126697,3,0,0_okno_n1
2126707,2,0,0_okno_n1
2126717,2,0,0_okno_n3-4
2126720,2,0,0_okno_n1
2126728,3,0,0_okno_n1
2126729,3,0,0_okno_n2
2126734,1,0,0_okno_n1
2126744,1,0,0_okno_n1
2126751,4,0,0_okno_n1
2126755,0,0,0_okno_n2
2126764,3,0,0_okno_n3-4
2126771,3,0,0_okno_n1
2126777,1,0,0_okno_n1
2126783,3,0,0_okno_n1
2126798,3,0,0_okno_n2
2126803,3,0,0_okno_n1
2126805,4,0,0_okno_n2
2126813,3,0,0_okno_n2
2126815,0,0,0_okno_n2
2126816,2,0,0_okno_n3-4
2126818,0,0,0_okno_n1
2126823,2,0,0_okno_n1
2126824,0,0,0_okno_n1
2126832,1,0,0_okno_n1
2126837,1,0,0_okno_n2
2126848,2,0,0_okno_n1
2126866,1,0,0_okno_n1
2126869,1,0,0_okno_n1
2126877,3,0,0_okno_n3-4
2126880,1,1,1_pozaokno_n1
2126891,3,0,0_okno_n1
2126893,0,0,0_okno_n1
2126894,1,0,0_okno_n1
2126896,1,0,0_okno_n1
2126900,1,0,0_okno_n1
2126902,0,0,0_okno_n1
2126905,4,0,0_okno_n1
2126937,3,0,0_okno_n1
2126988,3,0,0_okno_n5+
2126999,3,0,0_okno_n1
2127008,1,0,0_okno_n2
2127061,4,0,0_okno_n2
2127098,4,0,0_okno_n1
2127112,1,0,0_okno_n1
2127116,3,0,0_okno_n1
2127121,3,0,0_okno_n1
2127123,4,0,0_okno_n1
2127127,0,0,0_okno_n1
2127143,4,0,0_okno_n1
2127155,2,0,0_okno_n3-4
2127162,4,0,0_okno_n2
2127176,0,0,0_okno_n1
2127193,3,0,0_okno_n3-4
2127201,4,0,0_okno_n1
2127207,1,0,0_okno_n1
2127235,1,0,0_okno_n1
2127237,2,0,0_okno_n2
2127244,3,0,0_okno_n1
2127269,2,0,0_okno_n1
2127283,0,0,0_okno_n1
2127302,2,0,0_okno_n1
2127320,3,0,0_okno_n2
2127353,3,0,0_okno_n2
2127358,0,0,0_okno_n1
2127366,0,0,0_okno_n1
2127373,1,0,0_okno_n1
2127378,3,0,0_okno_n1
2127383,2,0,0_okno_n1
2127387,3,0,0_okno_n2
2127388,0,0,0_okno_n1
2127393,1,1,1_okno_n3-4
2127419,4,0,0_okno_n3-4
2127429,0,0,0_okno_n2
2127443,0,0,0_okno_n3-4
2127459,3,0,0_okno_n1
2127463,1,0,0_okno_n2
2127470,4,0,0_okno_n2
2127482,2,0,0_okno_n2
2127496,1,0,0_okno_n2
2127537,3,0,0_okno_n1
2127539,2,0,0_okno_n2
2127591,2,0,0_okno_n1
2127599,4,0,0_okno_n3-4
2127600,4,0,0_okno_n3-4
2127606,3,0,0_okno_n1
2127607,1,0,0_okno_n1
2127611,2,0,0_okno_n3-4
2127612,4,0,0_okno_n2
2127617,3,0,0_okno_n1
2127620,1,0,0_okno_n1
2127632,1,0,0_okno_n1
2127694,4,0,0_okno_n1
2127718,4,0,0_okno_n1
2127729,1,0,0_okno_n1
2127733,4,0,0_okno_n1
2127741,3,0,0_okno_n1
2127768,3,0,0_okno_n1
2127770,4,0,0_okno_n3-4
2127780,1,0,0_okno_n1
2127782,2,0,0_okno_n1
2127797,1,0,0_okno_n3-4
2127802,1,0,0_okno_n2
2127823,1,0,0_okno_n1
2127838,3,0,0_okno_n2
2127847,1,0,0_okno_n3-4
2127862,1,0,0_okno_n1
2127866,3,0,0_okno_n3-4
2127870,1,0,0_okno_n2
2127873,3,0,0_okno_n2
2127874,2,0,0_okno_n2
2127875,4,0,0_okno_n3-4
2127878,1,0,0_okno_n1
2127880,2,0,0_okno_n1
2127896,2,0,0_okno_n2
2127903,0,0,0_okno_n1
2127913,4,0,0_okno_n1
2127959,4,0,0_okno_n1
2127993,4,0,0_okno_n1
2128015,3,0,0_okno_n1
2128027,3,0,0_okno_n1
2128049,4,0,0_okno_n1
2128053,4,0,0_okno_n2
2128054,1,0,0_okno_n3-4
2128059,4,0,0_okno_n1
2128062,2,0,0_okno_n2
2128067,0,0,0_okno_n3-4
2128076,4,0,0_okno_n2
2128082,1,0,0_okno_n1
2128083,0,0,0_okno_n2
2128090,2,0,0_okno_n1
2128100,4,0,0_okno_n1
2128105,0,0,0_okno_n1
2128107,4,0,0_okno_n2
2128109,0,0,0_okno_n5+
2128111,3,0,0_okno_n1
2128112,1,0,0_okno_n1
2128118,4,0,0_okno_n1
2128123,2,0,0_okno_n3-4
2128126,4,0,0_okno_n3-4
2128148,2,0,0_okno_n1
2128150,4,0,0_okno_n1
2128155,1,0,0_okno_n2
2128157,3,0,0_okno_n1
2128160,0,0,0_okno_n1
2128165,2,0,0_okno_n1
2128167,1,0,0_okno_n2
2128168,4,0,0_okno_n2
2128174,2,0,0_okno_n1
2128188,2,0,0_okno_n2
2128211,4,0,0_okno_n1
2128221,3,0,0_okno_n1
2128224,1,0,0_okno_n1
2128239,2,0,0_okno_n3-4
2128242,0,0,0_okno_n1
2128245,4,0,0_okno_n1
2128251,4,0,0_okno_n1
2128255,2,0,0_okno_n1
2128268,3,0,0_okno_n1
2128273,2,0,0_okno_n1
2128275,4,0,0_okno_n3-4
2128286,1,0,0_okno_n2
2128317,2,0,0_okno_n1
2128335,4,0,0_okno_n1
2128345,0,0,0_okno_n1
2128374,2,0,0_okno_n3-4
2128381,2,0,0_okno_n1
2128389,0,0,0_okno_n1
2128391,4,0,0_okno_n3-4
2128441,1,0,0_okno_n1
2128451,0,0,0_okno_n1
2128465,2,0,0_okno_n1
2128469,2,0,0_okno_n1
2128471,1,0,0_okno_n3-4
2128473,4,0,0_okno_n1
2128475,3,0,0_okno_n2
2128478,2,0,0_okno_n1
2128480,1,0,0_okno_n2
2128533,3,0,0_okno_n1
2128542,2,0,0_okno_n1
2128554,4,0,0_okno_n1
2128576,1,0,0_okno_n1
2128605,0,0,0_okno_n1
2128606,0,0,0_okno_n3-4
2128615,2,0,0_okno_n3-4
2128622,3,0,0_okno_n2
2128643,0,0,0_okno_n5+
2128666,0,0,0_okno_n1
2128685,0,0,0_okno_n2
2128687,4,0,0_okno_n1
2128688,3,0,0_okno_n1
2128691,1,0,0_okno_n3-4
2128697,1,0,0_okno_n1
2128699,2,0,0_okno_n2
2128704,1,0,0_okno_n1
2128710,0,0,0_okno_n2
2128711,3,0,0_okno_n3-4
2128715,3,0,0_okno_n1
2128759,2,0,0_okno_n2
2128766,1,0,0_okno_n3-4
2128772,3,0,0_okno_n1
2128803,0,0,0_okno_n1
2128818,3,0,0_okno_n3-4
2128834,1,0,0_okno_n3-4
2128843,2,0,0_okno_n2
2128859,1,0,0_okno_n3-4
2128868,4,0,0_okno_n2
2128883,2,0,0_okno_n1
2128919,4,0,0_okno_n1
2128940,2,0,0_okno_n1
2128944,3,0,0_okno_n2
2128946,3,0,0_okno_n2
2128959,0,0,0_okno_n1
2128971,3,0,0_okno_n1
2128973,3,0,0_okno_n1
2129001,4,0,0_okno_n1
2129004,0,0,0_okno_n1
2129031,4,0,0_okno_n2
2129080,2,0,0_okno_n5+
2129084,3,0,0_okno_n1
2129088,1,0,0_okno_n1
2129093,1,1,1_okno_n1
2129104,0,0,0_okno_n1
2129115,2,0,0_okno_n1
2129127,2,0,0_okno_n1
2129173,2,1,1_okno_n5+
2129196,4,0,0_okno_n2
2129199,0,0,0_okno_n1
2129202,0,0,0_okno_n2
2129206,3,0,0_okno_n2
2129212,1,0,0_okno_n1
2129213,3,0,0_okno_n2
2129217,4,0,0_okno_n1
2129221,2,0,0_okno_n1
2129228,2,0,0_okno_n3-4
2129232,2,0,0_okno_n1
2129234,1,0,0_okno_n3-4
2129238,3,0,0_okno_n1
2129258,4,0,0_okno_n1
2129301,3,0,0_okno_n2
2129305,2,0,0_okno_n3-4
2129311,4,0,0_okno_n3-4
2129379,1,0,0_okno_n3-4
2129388,3,0,0_okno_n3-4
2129419,0,0,0_okno_n1
2129430,4,0,0_okno_n1
2129433,0,0,0_okno_n1
2129443,1,0,0_okno_n1
2129448,4,0,0_okno_n2
2129452,2,0,0_okno_n2
2129464,2,0,0_okno_n1
2129467,4,0,0_okno_n3-4
2129469,4,0,0_okno_n3-4
2129476,3,0,0_okno_n1
2129477,4,0,0_okno_n2
2129479,3,0,0_okno_n2
2129484,1,0,0_okno_n3-4
2129485,1,0,0_okno_n1
2129487,3,0,0_okno_n1
2129492,4,0,0_okno_n2
2129510,4,0,0_okno_n1
2129513,4,0,0_okno_n3-4
2129517,4,0,0_okno_n2
2129520,4,0,0_okno_n1
2129524,3,0,0_okno_n1
2129530,2,0,0_okno_n1
2129534,0,0,0_okno_n1
2129537,1,0,0_okno_n5+
2129538,4,0,0_okno_n1
2129543,4,0,0_okno_n1
2129546,0,0,0_okno_n1
2129558,0,0,0_okno_n1
2129565,2,0,0_okno_n2
2129570,0,0,0_okno_n1
2129575,2,0,0_okno_n3-4
2129576,4,0,0_okno_n1
2129603,1,0,0_okno_n1
2129610,3,0,0_okno_n1
2129617,3,0,0_okno_n1
2129625,2,0,0_okno_n1
2129629,2,0,0_okno_n1
2129639,2,0,0_okno_n1
2129641,0,0,0_okno_n1
2129644,2,0,0_okno_n1
2129645,1,0,0_okno_n1
2129652,2,0,0_okno_n1
2129654,3,0,0_okno_n2
2129661,1,0,0_okno_n1
2129667,4,0,0_okno_n1
2129669,4,0,0_okno_n1
2129673,1,0,0_okno_n1
2129692,4,0,0_okno_n3-4
2129715,2,0,0_okno_n2
2129738,4,0,0_okno_n1
2129739,0,0,0_okno_n1
2129746,0,0,0_okno_n1
2129767,3,0,0_okno_n1
2129771,3,0,0_okno_n2
2129786,3,0,0_okno_n2
2129803,2,0,0_okno_n3-4
2129814,0,0,0_okno_n1
2129831,2,0,0_okno_n1
2129833,4,0,0_okno_n2
2129859,3,0,0_okno_n1
2129868,4,0,0_okno_n1
2129876,1,0,0_okno_n1
2129880,1,0,0_okno_n1
2129888,0,0,0_okno_n5+
2129894,0,0,0_okno_n1
2129898,0,0,0_okno_n2
2129900,1,0,0_okno_n1
2129903,2,0,0_okno_n1
2129905,2,0,0_okno_n2
2129914,1,0,0_okno_n2
2129933,0,0,0_okno_n1
2129944,4,0,0_okno_n2
2129948,3,0,0_okno_n1
2129956,1,0,0_okno_n2
2129989,1,0,0_okno_n2
2129997,1,0,0_okno_n2
2130001,0,0,0_okno_n1
2130009,2,0,0_okno_n1
2130021,2,0,0_okno_n3-4
2130041,1,0,0_okno_n2
2130064,0,0,0_okno_n3-4
2130067,0,0,0_okno_n2
2130083,1,0,0_okno_n1
2130093,2,0,0_okno_n5+
2130111,1,0,0_okno_n1
2130130,0,0,0_okno_n1
2130133,3,0,0_okno_n1
2130150,0,0,0_okno_n2
2130161,0,0,0_okno_n1
2130168,4,0,0_okno_n1
2130171,4,0,0_okno_n1
2130172,2,0,0_okno_n2
2130180,0,0,0_okno_n1
2130182,2,0,0_okno_n1
2130185,4,0,0_okno_n1
2130194,1,0,0_okno_n1
2130286,3,0,0_okno_n2
2130288,0,0,0_okno_n1
2130332,3,0,0_okno_n1
2130352,3,0,0_okno_n3-4
2130367,1,0,0_okno_n2
2130375,1,0,0_okno_n2
2130386,1,0,0_okno_n1
2130400,3,0,0_okno_n1
2130411,1,0,0_okno_n1
2130430,2,0,0_okno_n2
2130435,1,0,0_okno_n1
2130436,3,0,0_okno_n1
2130442,0,0,0_okno_n2
2130444,3,0,0_okno_n1
2130447,4,0,0_okno_n1
2130449,3,0,0_okno_n2
2130450,4,0,0_okno_n1
2130487,1,0,0_okno_n1
2130563,4,0,0_okno_n1
2130571,0,0,0_okno_n1
2130579,3,0,0_okno_n3-4
2130587,3,0,0_okno_n1
2130646,4,0,0_okno_n5+
2130699,0,0,0_okno_n3-4
2130711,1,0,0_okno_n2
2130722,3,0,0_okno_n1
2130723,1,0,0_okno_n1
2130728,0,0,0_okno_n5+
2130735,0,0,0_okno_n1
2130737,4,0,0_okno_n1
2130749,4,0,0_okno_n1
2130762,1,0,0_okno_n1
2130773,3,0,0_okno_n3-4
2130788,4,0,0_okno_n2
2130809,4,0,0_okno_n3-4
2130834,0,0,0_okno_n2
2130837,0,0,0_okno_n1
2130856,2,0,0_okno_n3-4
2130870,4,0,0_okno_n1
2130905,4,0,0_okno_n2
2130914,1,0,0_okno_n1
2130918,1,0,0_okno_n2
2130923,4,0,0_okno_n1
2130933,3,0,0_okno_n1
2130938,0,0,0_okno_n1
2130940,1,0,0_okno_n1
2130946,2,0,0_okno_n2
2130947,3,0,0_okno_n1
2130953,2,0,0_okno_n1
2130973,3,0,0_okno_n2
2130985,4,0,0_okno_n2
2131001,0,0,0_okno_n1
2131009,4,0,0_okno_n1
2131017,1,0,0_okno_n1
2131026,4,0,0_okno_n1
2131031,0,0,0_okno_n1
2131035,0,0,0_okno_n1
2131048,1,0,0_okno_n3-4
2131054,1,0,0_okno_n1
2131071,0,0,0_okno_n2
2131086,3,0,0_okno_n1
2131090,1,0,0_okno_n1
2131097,4,0,0_okno_n1
2131114,3,0,0_okno_n1
2131130,2,0,0_okno_n1
2131131,3,0,0_okno_n1
2131133,0,0,0_okno_n1
2131134,0,0,0_okno_n1
2131135,1,0,0_okno_n1
2131138,1,0,0_okno_n1
2131159,1,0,0_okno_n1
2131231,1,0,0_okno_n3-4
2131254,1,0,0_okno_n2
2131281,0,0,0_okno_n1
2131303,2,0,0_okno_n2
2131308,0,0,0_okno_n2
2131317,3,0,0_okno_n3-4
2131340,4,0,0_okno_n1
2131348,0,0,0_okno_n1
2131352,4,0,0_okno_n1
2131354,0,0,0_okno_n1
2131356,2,0,0_okno_n1
2131357,1,0,0_okno_n2
2131358,0,0,0_okno_n1
2131405,2,0,0_okno_n1
2131408,1,0,0_okno_n1
2131430,4,0,0_okno_n1
2131432,1,0,0_okno_n1
2131433,3,0,0_okno_n2
2131446,3,0,0_okno_n1
2131458,0,0,0_okno_n5+
2131468,2,0,0_okno_n1
2131470,1,0,0_okno_n1
2131516,1,0,0_okno_n1
2131538,3,0,0_okno_n2
2131571,3,0,0_okno_n1
2131573,2,0,0_okno_n1
2131587,0,0,0_okno_n1
2131595,1,0,0_okno_n3-4
2131603,0,0,0_okno_n1
2131622,2,0,0_okno_n1
2131661,3,0,0_okno_n3-4
2131675,3,0,0_okno_n2
2131682,4,0,0_okno_n1
2131693,2,0,0_okno_n1
2131697,4,0,0_okno_n5+
2131699,1,0,0_okno_n1
2131701,3,0,0_okno_n1
2131710,0,0,0_okno_n1
2131713,1,0,0_okno_n1
2131755,3,0,0_okno_n3-4
2131759,3,0,0_okno_n1
2131775,1,0,0_okno_n2
2131788,1,0,0_okno_n1
2131825,0,0,0_okno_n2
2131827,3,0,0_okno_n3-4
2131898,4,0,0_okno_n1
2131907,2,0,0_okno_n3-4
2131920,1,0,0_okno_n3-4
2131927,0,0,0_okno_n1
2131940,1,0,0_okno_n1
2131943,0,0,0_okno_n1
2131945,3,0,0_okno_n1
2131956,4,0,0_okno_n1
2131962,1,0,0_okno_n1
2131976,2,0,0_okno_n1
2131981,0,0,0_okno_n1
2132051,4,0,0_okno_n1
2132057,1,0,0_okno_n1
2132071,4,0,0_okno_n1
2132101,1,0,0_okno_n1
2132115,1,1,1_okno_n1
2132133,2,0,0_okno_n1
2132139,2,0,0_okno_n1
2132140,1,0,0_okno_n1
2132144,1,0,0_okno_n1
2132150,2,0,0_okno_n1
2132161,2,0,0_okno_n1
2132163,2,0,0_okno_n1
2132166,3,0,0_okno_n1
2132168,4,0,0_okno_n1
2132191,3,0,0_okno_n1
2132202,1,0,0_okno_n3-4
2132219,0,0,0_okno_n1
2132226,0,0,0_okno_n1
2132300,2,0,0_okno_n1
2132313,3,0,0_okno_n1
2132326,0,0,0_okno_n1
2132336,4,0,0_okno_n1
2132382,2,0,0_okno_n1
2132395,4,0,0_okno_n1
2132399,1,0,0_okno_n2
2132413,2,0,0_okno_n2
2132416,0,0,0_okno_n1
2132427,4,0,0_okno_n1
2132437,3,0,0_okno_n1
2132442,4,0,0_okno_n1
2132449,4,0,0_okno_n2
2132450,1,0,0_okno_n2
2132459,0,0,0_okno_n1
2132460,2,0,0_okno_n1
2132466,3,0,0_okno_n3-4
2132468,2,0,0_okno_n1
2132478,0,0,0_okno_n2
2132492,0,0,0_okno_n3-4
2132505,3,0,0_okno_n1
2132508,4,0,0_okno_n1
2132515,4,0,0_okno_n1
2132564,3,0,0_okno_n1
2132580,0,0,0_okno_n1
2132581,2,0,0_okno_n5+
2132584,0,0,0_okno_n2
2132587,2,0,0_okno_n2
2132598,0,0,0_okno_n1
2132600,4,0,0_okno_n1
2132604,4,0,0_okno_n1
2132609,3,0,0_okno_n1
2132622,3,0,0_okno_n1
2132662,1,0,0_okno_n1
2132667,1,0,0_okno_n1
2132671,3,0,0_okno_n1
2132690,2,0,0_okno_n1
2132725,1,0,0_okno_n3-4
2132733,2,0,0_okno_n5+
2132742,1,0,0_okno_n1
2132748,3,0,0_okno_n1
2132753,4,0,0_okno_n1
2132765,2,0,0_okno_n1
2132768,3,0,0_okno_n1
2132779,4,0,0_okno_n1
2132788,0,0,0_okno_n1
2132791,1,0,0_okno_n1
2132810,4,0,0_okno_n5+
2132814,3,0,0_okno_n1
2132828,1,0,0_okno_n1
2132834,3,0,0_okno_n1
2132838,0,0,0_okno_n1
2132844,4,0,0_okno_n1
2132845,1,0,0_okno_n2
2132858,4,0,0_okno_n2
2132862,4,0,0_okno_n1
2132863,2,0,0_okno_n1
2132872,3,0,0_okno_n1
2132887,0,0,0_okno_n2
2132888,3,0,0_okno_n1
2132903,3,0,0_okno_n2
2132921,3,0,0_okno_n1
2132965,2,0,0_okno_n1
2132974,1,0,0_okno_n2
2132981,1,0,0_okno_n2
2132995,2,0,0_okno_n1
2133014,1,0,0_okno_n1
2133026,0,0,0_okno_n1
2133036,4,0,0_okno_n1
2133049,0,0,0_okno_n3-4
2133052,3,0,0_okno_n1
2133075,3,0,0_okno_n1
2133085,4,0,0_okno_n1
2133091,2,0,0_okno_n2
2133093,3,0,0_okno_n2
2133102,4,0,0_okno_n1
2133117,1,0,0_okno_n1
2133126,3,0,0_okno_n1
2133129,1,0,0_okno_n1
2133147,3,0,0_okno_n1
2133194,2,0,0_okno_n3-4
2133206,3,0,0_okno_n1
2133210,1,0,0_okno_n1
2133216,4,0,0_okno_n1
2133223,3,0,0_okno_n1
2133227,3,0,0_okno_n3-4
2133235,1,0,0_okno_n3-4
2133258,4,0,0_okno_n1
2133259,1,0,0_okno_n1
2133274,1,0,0_okno_n1
2133302,2,0,0_okno_n1
2133336,4,0,0_okno_n3-4
2133344,3,0,0_okno_n1
2133353,1,0,0_okno_n1
2133368,4,0,0_okno_n1
2133370,4,0,0_okno_n2
2133374,4,0,0_okno_n2
2133388,3,0,0_okno_n3-4
2133393,4,0,0_okno_n5+
2133398,1,0,0_okno_n1
2133399,1,0,0_okno_n2
2133477,0,0,0_okno_n1
2133503,3,0,0_okno_n2
2133536,3,0,0_okno_n2
2133545,2,0,0_okno_n1
2133548,2,0,0_okno_n1
2133551,4,0,0_okno_n2
2133566,4,0,0_okno_n1
2133588,1,0,0_okno_n1
2133589,2,0,0_okno_n1
2133632,0,0,0_okno_n2
2133647,2,0,0_okno_n2
2133649,1,0,0_okno_n1
2133651,2,0,0_okno_n3-4
2133656,4,0,0_okno_n1
2133661,1,0,0_okno_n1
2133701,3,0,0_okno_n2
2133714,0,0,0_okno_n3-4
2133722,4,0,0_okno_n1
2133725,1,0,0_okno_n5+
2133747,4,0,0_okno_n1
2133762,4,0,0_okno_n1
2133786,0,0,0_okno_n3-4
2133788,4,0,0_okno_n2
2133815,1,0,0_okno_n3-4
2133850,1,0,0_okno_n5+
2133851,1,0,0_okno_n1
2133853,2,0,0_okno_n2
2133862,1,0,0_okno_n1
2133870,0,0,0_okno_n1
2133877,0,0,0_okno_n1
2133884,2,0,0_okno_n1
2133886,2,0,0_okno_n1
2133895,2,0,0_okno_n3-4
2133906,0,0,0_okno_n1
2133907,3,0,0_okno_n1
2133908,3,0,0_okno_n2
2133911,4,0,0_okno_n5+
2133915,4,0,0_okno_n3-4
2133918,3,0,0_okno_n2
2133921,0,0,0_okno_n1
2133923,4,0,0_okno_n5+
2133926,1,0,0_okno_n1
2133930,1,0,0_okno_n1
2133937,1,0,0_okno_n1
2133939,0,0,0_okno_n1
2133940,1,0,0_okno_n1
2133942,3,0,0_okno_n2
2133944,4,0,0_okno_n1
2133951,3,0,0_okno_n1
2133952,0,0,0_okno_n1
2133955,0,0,0_okno_n1
2133956,0,0,0_okno_n1
2133959,1,0,0_okno_n1
2133965,1,0,0_okno_n1
2133975,2,0,0_okno_n1
2134003,1,0,0_okno_n1
2134013,4,0,0_okno_n1
2134018,2,0,0_okno_n3-4
2134023,1,0,0_okno_n2
2134024,2,0,0_okno_n1
2134025,2,0,0_okno_n1
2134027,2,0,0_okno_n1
2134062,1,0,0_okno_n3-4
2134072,4,0,0_okno_n1
2134091,2,0,0_okno_n1
2134110,1,0,0_okno_n1
2134112,0,0,0_okno_n1
2134113,3,0,0_okno_n1
2134127,0,0,0_okno_n1
2134135,2,0,0_okno_n1
2134143,0,0,0_okno_n1
2134156,2,0,0_okno_n1
2134185,2,0,0_okno_n2
2134188,2,0,0_okno_n1
2134199,4,0,0_okno_n2
2134200,1,0,0_okno_n1
2134205,4,0,0_okno_n3-4
2134217,1,0,0_okno_n1
2134239,3,0,0_okno_n1
2134240,0,0,0_okno_n1
2134242,4,0,0_okno_n1
2134245,0,0,0_okno_n1
2134250,0,0,0_okno_n1
2134255,1,0,0_okno_n3-4
2134262,2,0,0_okno_n1
2134266,4,0,0_okno_n1
2134269,0,0,0_okno_n1
2134270,2,0,0_okno_n3-4
2134272,3,0,0_okno_n1
2134273,2,0,0_okno_n1
2134276,0,0,0_okno_n1
2134278,0,0,0_okno_n2
2134285,0,0,0_okno_n2
2134287,2,0,0_okno_n1
2134345,4,0,0_okno_n1
2134361,1,0,0_okno_n1
2134384,3,0,0_okno_n3-4
2134391,2,0,0_okno_n1
2134408,3,0,0_okno_n1
2134450,2,0,0_okno_n2
2134465,3,0,0_okno_n1
2134473,0,0,0_okno_n1
2134476,0,0,0_okno_n1
2134477,3,0,0_okno_n1
2134484,1,0,0_okno_n1
2134485,0,0,0_okno_n1
2134487,2,0,0_okno_n2
2134488,1,0,0_okno_n1
2134496,3,0,0_okno_n3-4
2134498,1,0,0_okno_n1
2134505,1,0,0_okno_n5+
2134508,4,0,0_okno_n2
2134511,3,0,0_okno_n1
2134514,2,0,0_okno_n1
2134518,4,0,0_okno_n2
2134530,0,0,0_okno_n3-4
2134560,0,0,0_okno_n1
2134576,4,0,0_okno_n2
2134580,0,0,0_okno_n1
2134633,4,0,0_okno_n1
2134640,2,0,0_okno_n2
2134655,4,0,0_okno_n2
2134715,4,0,0_okno_n3-4
2134734,2,0,0_okno_n1
2134736,4,0,0_okno_n2
2134746,3,0,0_okno_n2
2134779,0,0,0_okno_n1
2134806,4,0,0_okno_n3-4
2134807,2,0,0_okno_n1
2134827,3,0,0_okno_n2
2134833,2,0,0_okno_n1
2134844,3,0,0_okno_n2
2134850,0,0,0_okno_n1
2134861,4,0,0_okno_n2
2134876,1,0,0_okno_n1
2134883,0,0,0_okno_n3-4
2134918,0,0,0_okno_n3-4
2134922,3,0,0_okno_n2
2134947,1,0,0_okno_n1
2134949,4,0,0_okno_n1
2134953,4,0,0_okno_n1
2134958,4,0,0_okno_n1
2134961,4,0,0_okno_n2
2134965,0,0,0_okno_n1
2134975,0,0,0_okno_n5+
2134976,2,0,0_okno_n3-4
2134985,1,0,0_okno_n1
2134988,4,0,0_okno_n3-4
2134991,1,0,0_okno_n1
2134992,1,0,0_okno_n1
2134993,3,0,0_okno_n1
2134999,4,0,0_okno_n3-4
2135001,3,0,0_okno_n2
2135020,3,0,0_okno_n1
2135021,2,0,0_okno_n1
2135022,1,0,0_okno_n1
2135024,1,0,0_okno_n2
2135026,3,0,0_okno_n5+
2135039,4,0,0_okno_n1
2135041,3,0,0_okno_n3-4
2135051,0,0,0_okno_n2
2135054,2,0,0_okno_n2
2135055,3,0,0_okno_n3-4
2135060,1,0,0_okno_n2
2135068,3,0,0_okno_n1
2135075,3,0,0_okno_n1
2135076,1,0,0_okno_n1
2135080,2,0,0_okno_n2
2135088,4,0,0_okno_n3-4
2135090,1,0,0_okno_n1
2135092,2,0,0_okno_n1
2135095,3,0,0_okno_n1
2135096,0,0,0_okno_n1
2135098,4,0,0_okno_n1
2135099,4,0,0_okno_n3-4
2135101,4,0,0_okno_n1
2135105,1,0,0_okno_n1
2135108,0,0,0_okno_n2
2135117,4,0,0_okno_n3-4
2135125,4,0,0_okno_n2
2135131,0,0,0_okno_n2
2135133,3,0,0_okno_n2
2135135,2,0,0_okno_n2
2135140,0,0,0_okno_n1
2135141,3,0,0_okno_n1
2135168,3,0,0_okno_n1
2135173,1,0,0_okno_n1
2135182,2,0,0_okno_n1
2135192,0,0,0_okno_n1
2135200,3,0,0_okno_n1
2135215,1,0,0_okno_n5+
2135220,2,0,0_okno_n1
2135222,2,0,0_okno_n1
2135235,2,0,0_okno_n1
2135239,4,0,0_okno_n1
2135269,4,0,0_okno_n1
2135274,4,0,0_okno_n1
2135283,2,0,0_okno_n1
2135310,3,0,0_okno_n2
2135342,0,0,0_okno_n1
2135362,4,0,0_okno_n1
2135372,4,0,0_okno_n2
2135379,4,0,0_okno_n3-4
2135381,1,0,0_okno_n1
2135386,2,0,0_okno_n1
2135408,0,0,0_okno_n1
2135412,3,0,0_okno_n1
2135416,4,0,0_okno_n1
2135422,1,0,0_okno_n1
2135436,3,0,0_okno_n1
2135437,0,0,0_okno_n2
2135442,0,0,0_okno_n1
2135444,3,0,0_okno_n1
2135451,2,0,0_okno_n3-4
2135452,2,0,0_okno_n3-4
2135457,1,0,0_okno_n1
2135464,3,0,0_okno_n1
2135483,4,0,0_okno_n5+
2135499,4,0,0_okno_n1
2135504,1,0,0_okno_n1
2135512,0,0,0_okno_n1
2135516,2,0,0_okno_n2
2135528,3,0,0_okno_n1
2135535,3,0,0_okno_n1
2135563,0,0,0_okno_n1
2135578,2,0,0_okno_n1
2135587,3,0,0_okno_n2
2135610,1,0,0_okno_n3-4
2135619,3,0,0_okno_n2
2135629,3,0,0_okno_n1
2135647,3,0,0_okno_n2
2135687,4,0,0_okno_n1
2135688,3,0,0_okno_n1
2135691,2,0,0_okno_n1
2135692,1,0,0_okno_n1
2135700,4,0,0_okno_n1
2135704,4,0,0_okno_n1
2135706,2,0,0_okno_n1
2135707,3,0,0_okno_n1
2135708,4,0,0_okno_n2
2135709,3,0,0_okno_n1
2135755,0,0,0_okno_n1
2135777,3,0,0_okno_n1
2135797,4,0,0_okno_n1
2135811,0,0,0_okno_n2
2135850,0,0,0_okno_n1
2135890,4,0,0_okno_n2
2135892,2,0,0_okno_n1
2135893,3,0,0_okno_n1
2135904,3,0,0_okno_n5+
2135910,3,0,0_okno_n2
2135913,1,0,0_okno_n1
2135914,2,0,0_okno_n2
2135918,3,0,0_okno_n3-4
2135921,4,0,0_okno_n1
2135933,1,0,0_okno_n1
2135937,0,0,0_okno_n1
2135946,0,0,0_okno_n1
2135961,0,0,0_okno_n1
2135979,4,0,0_okno_n2
2136035,2,0,0_okno_n1
2136049,0,0,0_okno_n1
2136051,0,0,0_okno_n1
2136070,1,0,0_okno_n2
2136072,2,0,0_okno_n1
2136092,0,0,0_okno_n3-4
2136104,0,0,0_okno_n1
2136133,4,0,0_okno_n1
2136136,0,0,0_okno_n1
2136140,3,0,0_okno_n1
2136148,0,0,0_okno_n1
2136153,1,0,0_okno_n5+
2136163,4,0,0_okno_n1
2136164,2,0,0_okno_n2
2136176,4,0,0_okno_n1
2136179,4,0,0_okno_n3-4
2136182,3,0,0_okno_n2
2136183,4,0,0_okno_n1
2136206,0,0,0_okno_n3-4
2136220,0,0,0_okno_n1
2136221,1,0,0_okno_n2
2136264,3,0,0_okno_n1
2136275,1,0,0_okno_n3-4
2136296,2,0,0_okno_n2
2136340,3,0,0_okno_n2
2136343,4,0,0_okno_n2
2136348,0,0,0_okno_n1
2136355,0,0,0_okno_n2
2136371,1,0,0_okno_n1
2136379,4,0,0_okno_n2
2136381,0,0,0_okno_n2
2136384,4,0,0_okno_n5+
2136386,2,0,0_okno_n1
2136390,4,0,0_okno_n2
2136395,0,0,0_okno_n3-4
2136399,0,0,0_okno_n3-4
2136401,3,0,0_okno_n1
2136403,1,0,0_okno_n1
2136416,4,0,0_okno_n1
2136417,1,0,0_okno_n1
2136419,3,0,0_okno_n1
2136421,3,0,0_okno_n2
2136424,2,0,0_okno_n1
2136433,3,0,0_okno_n1
2136439,1,0,0_okno_n3-4
2136448,0,0,0_okno_n1
2136451,2,0,0_okno_n1
2136455,2,0,0_okno_n5+
2136459,0,0,0_okno_n1
2136464,1,0,0_okno_n1
2136468,4,0,0_okno_n3-4
2136469,4,0,0_okno_n2
2136471,0,0,0_okno_n1
2136474,2,0,0_okno_n1
2136478,3,0,0_okno_n1
2136489,3,0,0_okno_n1
2136492,3,0,0_okno_n1
2136500,1,0,0_okno_n2
2136502,3,0,0_okno_n1
2136503,1,0,0_okno_n1
2136520,3,0,0_okno_n2
2136522,4,0,0_okno_n1
2136523,0,0,0_okno_n1
2136528,0,0,0_okno_n2
2136531,1,0,0_okno_n1
2136535,3,0,0_okno_n1
2136536,3,0,0_okno_n2
2136544,4,0,0_okno_n1
2136545,2,0,0_okno_n1
2136557,2,0,0_okno_n2
2136558,1,0,0_okno_n1
2136559,0,0,0_okno_n1
2136567,3,0,0_okno_n1
2136572,3,0,0_okno_n1
2136591,3,0,0_okno_n1
2136594,4,0,0_okno_n1
2136595,2,0,0_okno_n1
2136623,2,0,0_okno_n1
2136630,3,0,0_okno_n1
2136681,3,0,0_okno_n1
2136741,2,0,0_okno_n1
2136748,4,0,0_okno_n3-4
2136805,3,0,0_okno_n2
2136809,0,0,0_okno_n1
2136815,0,0,0_okno_n1
2136821,0,0,0_okno_n1
2136826,0,0,0_okno_n1
2136830,0,0,0_okno_n1
2136834,4,0,0_okno_n1
2136842,4,0,0_okno_n1
2136850,0,0,0_okno_n5+
2136851,0,0,0_okno_n2
2136859,0,0,0_okno_n5+
2136861,1,0,0_okno_n5+
2136871,3,0,0_okno_n1
2136898,0,0,0_okno_n1
2136901,3,0,0_okno_n2
2136943,2,0,0_okno_n1
2136952,4,0,0_okno_n1
2136976,2,0,0_okno_n1
2137023,3,0,0_okno_n2
2137026,3,0,0_okno_n1
2137033,0,0,0_okno_n1
2137068,3,0,0_okno_n2
2137075,3,0,0_okno_n1
2137079,2,0,0_okno_n1
2137081,4,0,0_okno_n1
2137084,0,0,0_okno_n3-4
2137090,1,0,0_okno_n1
2137092,2,0,0_okno_n3-4
2137094,3,0,0_okno_n2
2137099,1,0,0_okno_n1
2137103,2,0,0_okno_n2
2137108,4,0,0_okno_n2
2137114,1,0,0_okno_n1
2137119,3,0,0_okno_n3-4
2137134,2,0,0_okno_n1
2137171,4,0,0_okno_n1
2137212,1,0,0_okno_n1
2137231,4,0,0_okno_n2
2137236,3,0,0_okno_n1
2137270,3,0,0_okno_n1
2137317,4,0,0_okno_n1
2137321,4,0,0_okno_n2
2137331,0,0,0_okno_n1
2137334,3,0,0_okno_n2
2137338,2,0,0_okno_n3-4
2137357,2,0,0_okno_n1
2137361,1,0,0_okno_n1
2137365,3,0,0_okno_n2
2137373,3,0,0_okno_n1
2137390,3,0,0_okno_n1
2137444,1,0,0_okno_n1
2137471,1,0,0_okno_n1
2137500,3,0,0_okno_n1
2137539,3,0,0_okno_n5+
2137585,4,0,0_okno_n2
2137598,3,0,0_okno_n1
2137600,0,0,0_okno_n1
2137603,0,0,0_okno_n2
2137607,1,0,0_okno_n1
2137614,0,0,0_okno_n2
2137633,1,0,0_okno_n2
2137635,1,0,0_okno_n1
2137644,2,0,0_okno_n1
2137649,3,0,0_okno_n1
2137669,3,0,0_okno_n1
2137708,3,0,0_okno_n3-4
2137710,0,0,0_okno_n5+
2137719,3,0,0_okno_n2
2137811,3,0,0_okno_n2
2137826,4,0,0_okno_n1
2137827,2,0,0_okno_n1
2137829,3,0,0_okno_n1
2137830,1,0,0_okno_n1
2137831,3,0,0_okno_n1
2137833,3,0,0_okno_n2
2137837,2,0,0_okno_n1
2137838,1,0,0_okno_n1
2137844,2,0,0_okno_n2
2137849,0,0,0_okno_n1
2137864,2,0,0_okno_n1
2137868,4,0,0_okno_n1
2137871,2,0,0_okno_n2
2137885,1,0,0_okno_n1
2137889,0,0,0_okno_n1
2137893,0,0,0_okno_n1
2137895,0,0,0_okno_n2
2137901,2,0,0_okno_n1
2137904,2,0,0_okno_n1
2137910,1,0,0_okno_n1
2137953,1,0,0_okno_n1
2137969,0,0,0_okno_n1
2137972,0,0,0_okno_n1
2137980,0,0,0_okno_n1
2137983,2,0,0_okno_n1
2137993,1,0,0_okno_n1
2137995,3,0,0_okno_n1
2138000,2,0,0_okno_n1
2138001,2,0,0_okno_n1
2138004,3,0,0_okno_n1
2138047,4,0,0_okno_n1
2138053,0,0,0_okno_n2
2138058,3,0,0_okno_n1
2138062,0,0,0_okno_n2
2138085,4,0,0_okno_n1
2138114,2,0,0_okno_n5+
2138131,4,0,0_okno_n2
2138159,3,0,0_okno_n2
2138180,0,0,0_okno_n3-4
2138215,1,0,0_okno_n1
2138220,2,0,0_okno_n1
2138222,3,0,0_okno_n1
2138227,3,0,0_okno_n1
2138229,1,0,0_okno_n1
2138233,3,0,0_okno_n1
2138239,1,0,0_okno_n1
2138241,4,0,0_okno_n1
2138245,1,0,0_okno_n1
2138249,3,0,0_okno_n1
2138250,0,0,0_okno_n1
2138254,4,0,0_okno_n1
2138269,3,0,0_okno_n1
2138324,4,0,0_okno_n1
2138327,4,0,0_okno_n1
2138329,3,0,0_okno_n2
2138334,2,0,0_okno_n3-4
2138345,0,0,0_okno_n1
2138355,0,0,0_okno_n1
2138361,0,0,0_okno_n2
2138373,0,0,0_okno_n3-4
2138426,1,0,0_okno_n1
2138452,0,0,0_okno_n2
2138454,3,0,0_okno_n1
2138459,2,0,0_okno_n1
2138462,1,0,0_okno_n1
2138464,0,0,0_okno_n2
2138471,0,0,0_okno_n1
2138475,1,0,0_okno_n1
2138480,4,0,0_okno_n1
2138481,2,0,0_okno_n1
2138483,4,0,0_okno_n2
2138484,2,0,0_okno_n1
2138485,1,0,0_okno_n1
2138509,3,0,0_okno_n5+
2138517,1,0,0_okno_n1
2138543,0,0,0_okno_n1
2138601,3,0,0_okno_n5+
2138605,1,0,0_okno_n1
2138625,4,0,0_okno_n1
2138630,0,0,0_okno_n3-4
2138643,2,0,0_okno_n1
2138655,0,0,0_okno_n1
2138658,0,0,0_okno_n5+
2138678,0,0,0_okno_n2
2138684,0,0,0_okno_n1
2138695,3,0,0_okno_n1
2138725,1,0,0_okno_n2
2138726,3,0,0_okno_n1
2138727,4,0,0_okno_n1
2138761,3,0,0_okno_n1
2138783,2,0,0_okno_n1
2138830,3,0,0_okno_n3-4
2138872,1,0,0_okno_n1
2138875,0,0,0_okno_n1
2138886,3,0,0_okno_n1
2138946,0,0,0_okno_n1
2138949,0,0,0_okno_n1
2138957,3,0,0_okno_n2
2138964,3,0,0_okno_n2
2138976,1,0,0_okno_n3-4
2138983,0,0,0_okno_n1
2138992,1,0,0_okno_n1
2139045,1,0,0_okno_n1
2139068,4,0,0_okno_n2
2139102,0,0,0_okno_n2
2139113,1,0,0_okno_n2
2139138,4,0,0_okno_n3-4
2139147,3,0,0_okno_n1
2139162,0,0,0_okno_n1
2139172,3,0,0_okno_n1
2139176,2,0,0_okno_n1
2139178,2,0,0_okno_n2
2139184,4,0,0_okno_n1
2139185,1,0,0_okno_n1
2139191,3,0,0_okno_n2
2139193,4,0,0_okno_n2
2139195,0,0,0_okno_n1
2139215,2,0,0_okno_n1
2139220,4,0,0_okno_n2
2139231,0,0,0_okno_n1
2139233,4,0,0_okno_n1
2139237,1,0,0_okno_n1
2139241,3,0,0_okno_n2
2139247,0,0,0_okno_n1
2139254,0,0,0_okno_n1
2139255,2,0,0_okno_n1
2139256,0,0,0_okno_n1
2139272,2,0,0_okno_n1
2139277,0,0,0_okno_n5+
2139278,4,0,0_okno_n3-4
2139280,2,0,0_okno_n1
2139285,3,0,0_okno_n3-4
2139301,4,0,0_okno_n2
2139309,0,0,0_okno_n1
2139312,4,0,0_okno_n1
2139314,1,0,0_okno_n2
2139333,0,0,0_okno_n1
2139338,4,0,0_okno_n1
2139360,0,0,0_okno_n2
2139364,0,0,0_okno_n1
2139366,2,0,0_okno_n1
2139367,2,0,0_okno_n1
2139380,3,0,0_okno_n1
2139381,3,0,0_okno_n3-4
2139391,1,0,0_okno_n1
2139456,3,0,0_okno_n1
2139471,2,0,0_okno_n1
2139475,1,0,0_okno_n1
2139489,2,0,0_okno_n3-4
2139504,2,0,0_okno_n2
2139505,1,0,0_okno_n3-4
2139544,1,0,0_okno_n1
2139568,1,0,0_okno_n1
2139574,1,0,0_okno_n1
2139582,0,0,0_okno_n1
2139586,0,0,0_okno_n5+
2139611,4,0,0_okno_n1
2139625,2,0,0_okno_n2
2139631,2,0,0_okno_n1
2139632,0,0,0_okno_n1
2139634,2,0,0_okno_n1
2139654,0,0,0_okno_n2
2139656,2,0,0_okno_n5+
2139659,0,0,0_okno_n1
2139671,0,0,0_okno_n1
2139683,1,0,0_okno_n2
2139695,0,0,0_okno_n2
2139702,2,0,0_okno_n1
2139708,2,0,0_okno_n1
2139719,1,0,0_okno_n1
2139735,4,0,0_okno_n1
2139754,4,0,0_okno_n1
2139821,2,0,0_okno_n5+
2139824,1,0,0_okno_n1
2139831,2,0,0_okno_n1
2139835,0,0,0_okno_n1
2139849,2,0,0_okno_n1
2139852,2,0,0_okno_n2
2139864,4,0,0_okno_n1
2139867,2,0,0_okno_n1
2139871,0,0,0_okno_n1
2139874,4,0,0_okno_n2
2139886,1,0,0_okno_n1
2139887,4,0,0_okno_n2
2139890,2,0,0_okno_n2
2139892,4,0,0_okno_n1
2139894,3,0,0_okno_n1
2139902,3,0,0_okno_n3-4
2139930,4,0,0_okno_n1
2139943,4,0,0_okno_n2
2139977,2,0,0_okno_n1
2140017,0,0,0_okno_n2
2140025,2,0,0_okno_n2
2140060,3,0,0_okno_n1
2140078,4,0,0_okno_n1
2140091,4,0,0_okno_n3-4
2140098,1,0,0_okno_n3-4
2140102,3,0,0_okno_n1
2140106,3,0,0_okno_n1
2140116,3,0,0_okno_n2
2140139,2,0,0_okno_n1
2140147,3,0,0_okno_n1
2140169,1,0,0_okno_n1
2140174,0,0,0_okno_n1
2140190,0,0,0_okno_n2
2140200,2,0,0_okno_n2
2140227,1,0,0_okno_n1
2140242,4,0,0_okno_n1
2140245,2,0,0_okno_n2
2140262,0,0,0_okno_n1
2140263,2,0,0_okno_n2
2140327,4,0,0_okno_n2
2140334,0,0,0_okno_n2
2140337,4,0,0_okno_n1
2140346,4,0,0_okno_n1
2140349,1,0,0_okno_n1
2140354,0,0,0_okno_n1
2140357,1,0,0_okno_n1
2140373,1,0,0_okno_n2
2140449,0,0,0_okno_n2
2140452,4,0,0_okno_n2
2140500,1,0,0_okno_n1
2140504,2,0,0_okno_n2
2140529,3,0,0_okno_n1
2140549,4,0,0_okno_n1
2140558,3,0,0_okno_n1
2140560,1,0,0_okno_n2
2140565,0,0,0_okno_n1
2140576,4,0,0_okno_n2
2140580,2,0,0_okno_n1
2140592,3,0,0_okno_n1
2140598,3,0,0_okno_n5+
2140612,2,0,0_okno_n1
2140618,3,0,0_okno_n1
2140619,3,0,0_okno_n1
2140621,0,0,0_okno_n1
2140622,3,0,0_okno_n1
2140623,1,0,0_okno_n3-4
2140628,1,0,0_okno_n1
2140639,1,0,0_okno_n2
2140650,4,0,0_okno_n1
2140653,3,0,0_okno_n2
2140656,3,0,0_okno_n2
2140659,3,0,0_okno_n2
2140670,2,0,0_okno_n2
2140672,1,0,0_okno_n1
2140681,4,0,0_okno_n1
2140682,0,0,0_okno_n1
2140688,3,0,0_okno_n3-4
2140699,2,0,0_okno_n2
2140701,4,0,0_okno_n5+
2140709,4,0,0_okno_n1
2140736,1,0,0_okno_n1
2140747,1,0,0_okno_n1
2140755,1,0,0_okno_n2
2140770,3,0,0_okno_n1
2140781,3,0,0_okno_n1
2140785,2,0,0_okno_n1
2140788,4,0,0_okno_n1
2140799,3,0,0_okno_n2
2140803,1,0,0_okno_n1
2140826,0,0,0_okno_n1
2140881,1,0,0_okno_n1
2140909,1,0,0_okno_n1
2140923,3,0,0_okno_n1
2140925,2,0,0_okno_n1
2140966,0,0,0_okno_n1
2140974,1,0,0_okno_n1
2140975,3,0,0_okno_n1
2140983,0,0,0_okno_n1
2141008,1,0,0_okno_n2
2141027,4,0,0_okno_n3-4
2141058,3,0,0_okno_n1
2141069,3,0,0_okno_n1
2141071,1,0,0_okno_n1
2141072,1,0,0_okno_n1
2141090,3,0,0_okno_n1
2141154,2,0,0_okno_n1
2141192,3,0,0_okno_n1
2141233,4,0,0_okno_n1
2141247,0,0,0_okno_n1
2141258,2,0,0_okno_n2
2141274,4,0,0_okno_n1
2141289,4,0,0_okno_n2
2141291,0,0,0_okno_n2
2141308,4,0,0_okno_n2
2141311,1,0,0_okno_n1
2141320,4,0,0_okno_n1
2141330,2,0,0_okno_n2
2141336,2,0,0_okno_n3-4
2141340,1,0,0_okno_n1
2141341,2,0,0_okno_n3-4
2141345,4,0,0_okno_n2
2141349,4,0,0_okno_n1
2141350,0,0,0_okno_n1
2141351,1,0,0_okno_n1
2141356,4,0,0_okno_n1
2141359,4,0,0_okno_n2
2141366,2,0,0_okno_n1
2141382,4,0,0_okno_n3-4
2141387,3,0,0_okno_n1
2141394,4,0,0_okno_n5+
2141404,4,0,0_okno_n1
2141407,0,0,0_okno_n1
2141416,2,0,0_okno_n2
2141431,1,0,0_okno_n1
2141476,1,0,0_okno_n1
2141511,1,0,0_okno_n1
2141540,0,0,0_okno_n3-4
2141580,0,0,0_okno_n3-4
2141602,1,0,0_okno_n1
2141607,2,0,0_okno_n1
2141613,0,0,0_okno_n1
2141618,1,0,0_okno_n1
2141625,0,0,0_okno_n1
2141636,2,0,0_okno_n2
2141658,0,0,0_okno_n1
2141724,1,0,0_okno_n1
2141730,3,0,0_okno_n1
2141742,2,0,0_okno_n5+
2141757,2,0,0_okno_n1
2141765,3,0,0_okno_n3-4
2141779,1,0,0_okno_n2
2141780,2,0,0_okno_n1
2141812,1,0,0_okno_n1
2141827,2,0,0_okno_n1
2141828,3,0,0_okno_n1
2141857,4,0,0_okno_n2
2141863,0,0,0_okno_n1
2141879,4,0,0_okno_n1
2141883,1,0,0_okno_n2
2141898,3,0,0_okno_n2
2141899,4,0,0_okno_n1
2141901,2,0,0_okno_n3-4
2141911,0,0,0_okno_n3-4
2141918,4,0,0_okno_n1
2141924,2,0,0_okno_n1
2141956,4,0,0_okno_n2
2141964,2,0,0_okno_n2
2142007,2,0,0_okno_n1
2142024,0,0,0_okno_n2
2142026,3,0,0_okno_n1
2142057,1,0,0_okno_n1
2142079,2,0,0_okno_n2
2142097,3,0,0_okno_n1
2142102,4,0,0_okno_n1
2142106,1,0,0_okno_n2
2142124,1,0,0_okno_n3-4
2142127,1,0,0_okno_n1
2142129,4,0,0_okno_n3-4
2142139,1,0,0_okno_n1
2142145,2,0,0_okno_n2
2142148,4,0,0_okno_n1
2142152,4,0,0_okno_n1
2142153,1,0,0_okno_n1
2142173,3,0,0_okno_n1
2142193,0,0,0_okno_n3-4
2142195,2,0,0_okno_n1
2142200,1,0,0_okno_n2
2142204,3,0,0_okno_n1
2142212,2,0,0_okno_n1
2142214,3,0,0_okno_n1
2142224,2,0,0_okno_n2
2142227,4,0,0_okno_n1
2142229,3,0,0_okno_n2
2142234,1,0,0_okno_n1
2142238,4,0,0_okno_n1
2142242,1,0,0_okno_n1
2142243,4,0,0_okno_n1
2142250,3,0,0_okno_n1
2142260,1,0,0_okno_n2
2142296,0,0,0_okno_n1
2142311,1,0,0_okno_n1
2142314,2,0,0_okno_n1
2142315,1,0,0_okno_n2
2142317,0,0,0_okno_n1
2142319,3,0,0_okno_n1
2142322,2,0,0_okno_n1
2142323,0,0,0_okno_n1
2142327,3,0,0_okno_n1
2142331,4,0,0_okno_n1
2142351,0,0,0_okno_n1
2142421,1,0,0_okno_n1
2142468,3,0,0_okno_n1
2142499,1,0,0_okno_n1
2142501,1,0,0_okno_n2
2142517,1,0,0_okno_n2
2142518,3,0,0_okno_n2
2142527,2,0,0_okno_n5+
2142569,4,0,0_okno_n1
2142578,0,0,0_okno_n2
2142586,0,0,0_okno_n1
2142592,0,0,0_okno_n1
2142594,0,0,0_okno_n1
2142596,1,0,0_okno_n2
2142600,0,0,0_okno_n1
2142604,0,0,0_okno_n1
2142608,0,0,0_okno_n2
2142627,0,0,0_okno_n1
2142637,4,0,0_okno_n1
2142657,2,0,0_okno_n1
2142674,4,0,0_okno_n1
2142689,3,0,0_okno_n1
2142707,0,0,0_okno_n1
2142749,2,0,0_okno_n3-4
2142764,1,0,0_okno_n2
2142777,2,0,0_okno_n2
2142779,4,0,0_okno_n1
2142820,2,0,0_okno_n1
2142828,4,0,0_okno_n1
2142832,4,0,0_okno_n1
2142836,0,0,0_okno_n1
2142853,0,0,0_okno_n1
2142859,3,0,0_okno_n2
2142865,2,0,0_okno_n1
2142869,0,0,0_okno_n1
2142872,1,0,0_okno_n1
2142873,0,0,0_okno_n1
2142875,2,0,0_okno_n1
2142880,0,0,0_okno_n1
2142885,1,0,0_okno_n1
2142890,0,0,0_okno_n1
2142893,2,0,0_okno_n2
2142896,3,0,0_okno_n1
2142913,0,0,0_okno_n1
2143010,2,0,0_okno_n1
2143022,0,0,0_okno_n2
2143029,3,0,0_okno_n1
2143044,2,0,0_okno_n3-4
2143061,2,0,0_okno_n1
2143073,2,0,0_okno_n1
2143090,3,0,0_okno_n1
2143107,4,0,0_okno_n1
2143109,0,0,0_okno_n1
2143121,3,0,0_okno_n1
2143122,3,0,0_okno_n1
2143124,2,0,0_okno_n2
2143126,2,0,0_okno_n1
2143128,3,0,0_okno_n1
2143133,2,0,0_okno_n1
2143135,4,0,0_okno_n1
2143141,3,0,0_okno_n1
2143143,3,0,0_okno_n1
2143173,1,0,0_okno_n5+
2143191,3,0,0_okno_n3-4
2143195,2,0,0_okno_n1
2143198,4,0,0_okno_n1
2143221,3,0,0_okno_n1
2143230,1,0,0_okno_n1
2143231,3,0,0_okno_n1
2143271,3,0,0_okno_n1
2143275,3,0,0_okno_n2
2143282,0,0,0_okno_n1
2143296,1,0,0_okno_n1
2143323,2,0,0_okno_n1
2143352,3,0,0_okno_n1
2143358,4,0,0_okno_n1
2143379,1,0,0_okno_n1
2143400,3,0,0_okno_n2
2143409,1,0,0_okno_n1
2143415,0,0,0_okno_n1
2143417,4,0,0_okno_n1
2143423,3,0,0_okno_n2
2143436,3,0,0_okno_n1
2143437,4,0,0_okno_n1
2143438,1,0,0_okno_n2
2143440,1,0,0_okno_n1
2143447,0,0,0_okno_n1
2143459,0,0,0_okno_n1
2143464,2,0,0_okno_n5+
2143491,4,0,0_okno_n1
2143504,4,0,0_okno_n2
2143508,1,0,0_okno_n1
2143520,1,0,0_okno_n1
2143523,3,0,0_okno_n1
2143527,1,0,0_okno_n2
2143531,4,0,0_okno_n3-4
2143549,4,0,0_okno_n3-4
2143551,0,0,0_okno_n2
2143595,2,0,0_okno_n2
2143614,0,0,0_okno_n3-4
2143628,4,0,0_okno_n1
2143654,2,0,0_okno_n1
2143659,4,0,0_okno_n1
2143668,0,0,0_okno_n1
2143674,2,0,0_okno_n1
2143676,0,0,0_okno_n2
2143683,1,0,0_okno_n2
2143686,1,0,0_okno_n2
2143687,0,0,0_okno_n1
2143688,3,0,0_okno_n2
2143693,3,0,0_okno_n1
2143699,0,0,0_okno_n1
2143701,2,0,0_okno_n1
2143707,3,0,0_okno_n1
2143709,3,0,0_okno_n1
2143719,3,0,0_okno_n2
2143721,3,0,0_okno_n1
2143729,3,0,0_okno_n1
2143740,1,0,0_okno_n1
2143743,2,0,0_okno_n3-4
2143745,3,0,0_okno_n2
2143754,3,0,0_okno_n1
2143756,1,0,0_okno_n1
2143760,1,0,0_okno_n1
2143762,0,0,0_okno_n1
2143766,4,0,0_okno_n1
2143791,1,0,0_okno_n1
2143800,3,0,0_okno_n1
2143801,3,0,0_okno_n1
2143809,0,0,0_okno_n1
2143827,3,0,0_okno_n1
2143835,0,0,0_okno_n1
2143839,2,0,0_okno_n1
2143843,4,0,0_okno_n1
2143846,2,0,0_okno_n3-4
2143847,1,0,0_okno_n1
2143848,0,1,1_pozaokno_n2
2143850,2,0,0_okno_n2
2143855,1,0,0_okno_n1
2143856,3,0,0_okno_n1
2143865,0,0,0_okno_n1
2143913,3,0,0_okno_n3-4
2143927,2,0,0_okno_n1
2143955,0,0,0_okno_n2
2143962,4,0,0_okno_n1
2143975,0,0,0_okno_n2
2143983,3,0,0_okno_n3-4
2143999,0,0,0_okno_n1
2144022,3,0,0_okno_n1
2144096,1,1,1_okno_n2
2144104,1,0,0_okno_n1
2144123,1,0,0_okno_n1
2144151,2,0,0_okno_n1
2144152,2,0,0_okno_n1
2144158,1,0,0_okno_n1
2144174,1,1,1_okno_n3-4
2144177,3,0,0_okno_n1
2144195,4,0,0_okno_n1
2144197,4,0,0_okno_n1
2144215,3,0,0_okno_n1
2144222,0,0,0_okno_n1
2144226,3,0,0_okno_n1
2144271,0,0,0_okno_n1
2144289,1,0,0_okno_n1
2144326,2,0,0_okno_n1
2144344,0,0,0_okno_n1
2144358,1,0,0_okno_n1
2144367,2,0,0_okno_n1
2144373,1,0,0_okno_n1
2144380,4,0,0_okno_n1
2144384,3,0,0_okno_n3-4
2144400,4,0,0_okno_n1
2144421,1,0,0_okno_n1
2144433,4,0,0_okno_n1
2144435,0,0,0_okno_n3-4
2144450,3,0,0_okno_n1
2144470,3,0,0_okno_n1
2144524,1,0,0_okno_n2
2144529,4,0,0_okno_n2
2144535,2,0,0_okno_n1
2144539,4,0,0_okno_n1
2144549,3,0,0_okno_n1
2144582,4,0,0_okno_n1
2144602,1,0,0_okno_n1
2144636,1,0,0_okno_n2
2144645,0,0,0_okno_n1
2144646,1,0,0_okno_n1
2144663,4,0,0_okno_n1
2144664,0,0,0_okno_n1
2144669,0,0,0_okno_n1
2144676,2,0,0_okno_n1
2144677,4,0,0_okno_n1
2144683,2,0,0_okno_n1
2144686,0,0,0_okno_n1
2144693,3,0,0_okno_n1
2144694,0,0,0_okno_n1
2144708,0,0,0_okno_n1
2144720,4,0,0_okno_n1
2144722,0,0,0_okno_n1
2144735,3,0,0_okno_n3-4
2144773,0,0,0_okno_n1
2144783,2,0,0_okno_n2
2144792,1,0,0_okno_n1
2144802,1,0,0_okno_n2
2144821,0,0,0_okno_n1
2144843,4,0,0_okno_n3-4
2144849,2,0,0_okno_n2
2144853,0,0,0_okno_n1
2144854,2,0,0_okno_n5+
2144861,1,0,0_okno_n2
2144900,0,0,0_okno_n1
2144905,1,0,0_okno_n2
2144917,3,0,0_okno_n2
2144933,0,0,0_okno_n1
2144934,1,0,0_okno_n1
2144939,3,0,0_okno_n1
2144942,3,0,0_okno_n1
2144959,1,0,0_okno_n1
2144978,2,0,0_okno_n1
2144991,1,0,0_okno_n1
2145039,0,0,0_okno_n1
2145041,0,0,0_okno_n1
2145042,4,0,0_okno_n3-4
2145050,0,0,0_okno_n2
2145054,0,0,0_okno_n2
2145091,0,0,0_okno_n2
2145105,3,0,0_okno_n5+
2145120,0,0,0_okno_n1
2145154,4,0,0_okno_n3-4
2145162,4,0,0_okno_n1
2145170,0,0,0_okno_n2
2145174,3,0,0_okno_n3-4
2145188,4,0,0_okno_n5+
2145189,0,0,0_okno_n1
2145196,1,0,0_okno_n1
2145197,0,0,0_okno_n3-4
2145202,3,0,0_okno_n3-4
2145210,2,0,0_okno_n1
2145211,1,0,0_okno_n1
2145215,3,0,0_okno_n2
2145216,3,0,0_okno_n1
2145220,1,0,0_okno_n1
2145232,2,0,0_okno_n3-4
2145233,3,0,0_okno_n1
2145237,4,0,0_okno_n1
2145239,3,0,0_okno_n2
2145250,0,0,0_okno_n3-4
2145254,0,0,0_okno_n3-4
2145269,2,0,0_okno_n1
2145272,3,0,0_okno_n3-4
2145273,4,0,0_okno_n1
2145277,1,0,0_okno_n1
2145278,4,0,0_okno_n5+
2145293,2,0,0_okno_n5+
2145300,1,0,0_okno_n3-4
2145314,4,0,0_okno_n1
2145315,2,0,0_okno_n1
2145316,0,0,0_okno_n2
2145326,1,0,0_okno_n1
2145330,1,0,0_okno_n2
2145332,3,0,0_okno_n1
2145333,1,0,0_okno_n1
2145339,2,0,0_okno_n1
2145340,4,0,0_okno_n1
2145341,4,0,0_okno_n1
2145344,3,0,0_okno_n1
2145348,2,0,0_okno_n1
2145352,2,0,0_okno_n1
2145362,2,0,0_okno_n1
2145397,1,0,0_okno_n1
2145428,1,0,0_okno_n1
2145433,4,0,0_okno_n1
2145442,2,0,0_okno_n1
2145501,2,0,0_okno_n2
2145515,2,0,0_okno_n1
2145525,2,0,0_okno_n3-4
2145543,2,0,0_okno_n2
2145561,2,0,0_okno_n1
2145581,2,0,0_okno_n1
2145598,3,0,0_okno_n1
2145603,2,0,0_okno_n1
2145607,4,0,0_okno_n1
2145615,1,0,0_okno_n1
2145616,1,0,0_okno_n1
2145632,1,0,0_okno_n1
2145642,3,0,0_okno_n2
2145659,0,0,0_okno_n2
2145728,0,0,0_okno_n1
2145732,0,0,0_okno_n2
2145767,1,0,0_okno_n2
2145777,3,0,0_okno_n5+
2145783,0,0,0_okno_n1
2145813,1,0,0_okno_n1
2145817,3,0,0_okno_n1
2145830,0,0,0_okno_n3-4
2145836,0,0,0_okno_n1
2145839,2,0,0_okno_n1
2145847,3,0,0_okno_n1
2145855,0,0,0_okno_n2
2145860,3,0,0_okno_n2
2145863,0,0,0_okno_n1
2145865,1,0,0_okno_n1
2145870,4,0,0_okno_n1
2145877,2,0,0_okno_n1
2145880,4,0,0_okno_n1
2145881,1,0,0_okno_n1
2145882,1,0,0_okno_n2
2145884,0,0,0_okno_n1
2145897,4,0,0_okno_n1
2145961,1,0,0_okno_n5+
2145972,1,0,0_okno_n1
2145983,1,0,0_okno_n3-4
2146045,4,0,0_okno_n1
2146052,3,0,0_okno_n1
2146071,1,0,0_okno_n1
2146079,0,0,0_okno_n1
2146087,0,0,0_okno_n3-4
2146101,3,0,0_okno_n1
2146114,1,0,0_okno_n1
2146115,2,0,0_okno_n1
2146138,1,0,0_okno_n2
2146163,4,0,0_okno_n3-4
2146165,3,0,0_okno_n5+
2146166,3,0,0_okno_n1
2146169,2,0,0_okno_n1
2146173,0,0,0_okno_n1
2146182,3,0,0_okno_n1
2146184,4,0,0_okno_n1
2146186,3,0,0_okno_n1
2146196,4,0,0_okno_n1
2146197,1,0,0_okno_n1
2146199,3,0,0_okno_n1
2146201,4,0,0_okno_n1
2146206,3,0,0_okno_n1
2146239,2,0,0_okno_n3-4
2146274,2,0,0_okno_n2
2146309,0,0,0_okno_n1
2146361,4,0,0_okno_n3-4
2146372,1,0,0_okno_n2
2146376,0,0,0_okno_n1
2146408,4,0,0_okno_n3-4
2146421,0,0,0_okno_n5+
2146443,0,0,0_okno_n1
2146446,0,0,0_okno_n1
2146447,3,0,0_okno_n1
2146449,3,0,0_okno_n2
2146468,0,0,0_okno_n1
2146469,3,0,0_okno_n3-4
2146470,0,0,0_okno_n1
2146471,1,0,0_okno_n3-4
2146483,4,0,0_okno_n5+
2146512,1,0,0_okno_n2
2146516,4,0,0_okno_n2
2146542,3,0,0_okno_n3-4
2146568,2,0,0_okno_n2
2146632,2,0,0_okno_n3-4
2146647,3,0,0_okno_n1
2146664,0,0,0_okno_n2
2146670,2,0,0_okno_n1
2146734,4,0,0_okno_n3-4
2146740,3,0,0_okno_n3-4
2146747,3,0,0_okno_n1
2146750,2,0,0_okno_n1
2146760,4,0,0_okno_n2
2146765,4,0,0_okno_n2
2146770,0,0,0_okno_n2
2146771,0,0,0_okno_n1
2146772,3,0,0_okno_n2
2146778,4,0,0_okno_n1
2146784,3,0,0_okno_n1
2146787,4,0,0_okno_n1
2146793,1,0,0_okno_n1
2146800,1,0,0_okno_n3-4
2146811,0,0,0_okno_n2
2146823,0,0,0_okno_n1
2146825,1,0,0_okno_n1
2146826,3,0,0_okno_n3-4
2146830,3,0,0_okno_n1
2146831,1,0,0_okno_n1
2146832,1,0,0_okno_n1
2146838,4,0,0_okno_n3-4
2146839,2,0,0_okno_n1
2146854,2,0,0_okno_n2
2146876,4,0,0_okno_n1
2146884,2,0,0_okno_n1
2146885,0,0,0_okno_n1
2146897,1,0,0_okno_n1
2146898,1,0,0_okno_n2
2146900,4,0,0_okno_n1
2146901,1,0,0_okno_n1
2146905,3,0,0_okno_n1
2146906,3,0,0_okno_n1
2146911,0,0,0_okno_n1
2146994,1,0,0_okno_n1
2147030,2,0,0_okno_n1
2147036,1,0,0_okno_n5+
2147050,4,0,0_okno_n3-4
2147078,4,0,0_okno_n1
2147094,1,0,0_okno_n3-4
2147114,3,0,0_okno_n1
2147115,0,0,0_okno_n1
2147141,3,0,0_okno_n1
2147159,1,0,0_okno_n1
2147166,0,0,0_okno_n1
2147170,1,0,0_okno_n1
2147182,2,0,0_okno_n1
2147185,3,0,0_okno_n1
2147190,1,0,0_okno_n2
2147195,2,0,0_okno_n1
2147198,1,0,0_okno_n1
2147204,2,0,0_okno_n2
2147255,0,0,0_okno_n1
2147277,1,0,0_okno_n1
2147312,4,0,0_okno_n2
2147317,2,0,0_okno_n2
2147350,1,0,0_okno_n1
2147386,1,0,0_okno_n2
2147394,3,0,0_okno_n1
2147406,3,0,0_okno_n2
2147420,2,0,0_okno_n3-4
2147423,1,0,0_okno_n1
2147425,2,0,0_okno_n1
2147428,1,0,0_okno_n3-4
2147431,0,0,0_okno_n3-4
2147433,2,0,0_okno_n1
2147435,4,0,0_okno_n1
2147436,3,0,0_okno_n3-4
2147442,4,0,0_okno_n1
2147460,2,0,0_okno_n1
2147461,1,0,0_okno_n1
2147464,1,0,0_okno_n1
2147496,2,0,0_okno_n1
2147552,2,0,0_okno_n1
2147556,3,0,0_okno_n1
2147561,1,0,0_okno_n1
2147573,1,0,0_okno_n1
2147595,2,0,0_okno_n3-4
2147608,2,0,0_okno_n1
2147644,1,0,0_okno_n1
2147650,3,0,0_okno_n1
2147652,3,0,0_okno_n1
2147654,3,0,0_okno_n1
2147658,4,0,0_okno_n1
2147670,1,0,0_okno_n1
2147672,0,0,0_okno_n1
2147675,3,0,0_okno_n1
2147687,0,0,0_okno_n2
2147689,3,0,0_okno_n1
2147691,0,0,0_okno_n1
2147728,0,0,0_okno_n3-4
2147738,1,0,0_okno_n1
2147746,0,0,0_okno_n2
2147759,4,0,0_okno_n1
2147761,2,0,0_okno_n1
2147791,0,0,0_okno_n1
2147814,4,0,0_okno_n2
2147819,0,0,0_okno_n1
2147825,2,0,0_okno_n1
2147871,1,0,0_okno_n2
2147876,3,0,0_okno_n2
2147892,3,0,0_okno_n1
2147911,3,0,0_okno_n2
2147918,3,0,0_okno_n1
2147927,0,0,0_okno_n1
2147932,3,0,0_okno_n3-4
2147935,1,0,0_okno_n1
2147938,1,0,0_okno_n2
2147945,3,0,0_okno_n1
2147966,1,0,0_okno_n1
2148005,1,0,0_okno_n1
2148008,3,0,0_okno_n3-4
2148020,0,0,0_okno_n1
2148025,1,0,0_okno_n1
2148088,2,0,0_okno_n1
2148114,3,1,1_pozaokno_n5+
2148120,1,0,0_okno_n2
2148128,4,0,0_okno_n1
2148145,1,0,0_okno_n2
2148147,1,0,0_okno_n1
2148152,2,0,0_okno_n1
2148159,2,0,0_okno_n2
2148160,2,0,0_okno_n2
2148161,0,0,0_okno_n2
2148173,2,0,0_okno_n1
2148179,1,0,0_okno_n1
2148182,4,0,0_okno_n1
2148187,2,0,0_okno_n1
2148193,1,0,0_okno_n1
2148197,1,0,0_okno_n3-4
2148204,1,0,0_okno_n1
2148206,2,0,0_okno_n3-4
2148211,1,0,0_okno_n1
2148219,0,0,0_okno_n1
2148226,2,0,0_okno_n1
2148251,3,0,0_okno_n1
2148272,2,0,0_okno_n1
2148284,4,0,0_okno_n1
2148292,1,0,0_okno_n2
2148294,4,0,0_okno_n1
2148300,0,0,0_okno_n1
2148302,0,0,0_okno_n1
2148323,4,0,0_okno_n1
2148341,1,0,0_okno_n1
2148372,4,0,0_okno_n1
2148403,1,0,0_okno_n1
2148447,0,0,0_okno_n1
2148458,1,0,0_okno_n1
2148472,3,0,0_okno_n1
2148512,0,0,0_okno_n1
2148522,4,0,0_okno_n1
2148534,2,0,0_okno_n2
2148538,4,0,0_okno_n2
2148539,1,0,0_okno_n2
2148545,1,0,0_okno_n1
2148548,0,0,0_okno_n1
2148553,2,0,0_okno_n1
2148560,2,0,0_okno_n1
2148563,3,0,0_okno_n2
2148564,1,0,0_okno_n1
2148566,3,0,0_okno_n1
2148571,1,0,0_okno_n1
2148575,1,0,0_okno_n2
2148591,4,0,0_okno_n2
2148597,1,0,0_okno_n2
2148619,3,0,0_okno_n1
2148659,3,0,0_okno_n2
2148666,1,0,0_okno_n5+
2148671,0,0,0_okno_n1
2148680,0,0,0_okno_n3-4
2148695,0,0,0_okno_n1
2148704,3,0,0_okno_n1
2148715,1,0,0_okno_n1
2148751,1,0,0_okno_n1
2148764,4,0,0_okno_n1
2148774,4,0,0_okno_n2
2148784,1,0,0_okno_n1
2148787,4,0,0_okno_n2
2148791,4,0,0_okno_n1
2148802,2,0,0_okno_n1
2148806,3,0,0_okno_n1
2148813,0,0,0_okno_n1
2148815,1,0,0_okno_n3-4
2148817,2,0,0_okno_n1
2148851,3,0,0_okno_n2
2148861,3,0,0_okno_n2
2148867,2,0,0_okno_n1
2148890,3,0,0_okno_n2
2148902,3,0,0_okno_n1
2148915,0,0,0_okno_n2
2148930,4,0,0_okno_n1
2148940,4,0,0_okno_n2
2148951,1,0,0_okno_n1
2148957,3,0,0_okno_n1
2148959,0,0,0_okno_n1
2148968,1,0,0_okno_n1
2148976,2,0,0_okno_n5+
2148989,0,0,0_okno_n1
2148998,3,0,0_okno_n1
2149002,3,0,0_okno_n2
2149008,4,0,0_okno_n1
2149018,0,0,0_okno_n2
2149020,0,0,0_okno_n1
2149025,4,0,0_okno_n2
2149028,1,0,0_okno_n5+
2149031,2,0,0_okno_n1
2149032,4,0,0_okno_n2
2149044,4,0,0_okno_n2
2149047,2,0,0_okno_n2
2149068,2,0,0_okno_n1
2149085,2,0,0_okno_n1
2149095,1,0,0_okno_n5+
2149130,2,0,0_okno_n1
2149140,4,0,0_okno_n5+
2149142,0,0,0_okno_n1
2149152,3,0,0_okno_n1
2149179,0,0,0_okno_n2
2149201,0,0,0_okno_n3-4
2149211,3,0,0_okno_n1
2149223,2,0,0_okno_n1
2149230,2,0,0_okno_n2
2149236,2,0,0_okno_n2
2149243,0,0,0_okno_n1
2149244,3,0,0_okno_n2
2149247,0,0,0_okno_n2
2149248,1,0,0_okno_n2
2149250,2,0,0_okno_n1
2149254,1,0,0_okno_n1
2149255,3,0,0_okno_n2
2149259,1,0,0_okno_n1
2149277,3,0,0_okno_n1
2149294,3,0,0_okno_n1
2149300,3,0,0_okno_n1
2149335,0,0,0_okno_n1
2149339,2,0,0_okno_n2
2149340,4,0,0_okno_n3-4
2149367,3,0,0_okno_n1
2149384,4,0,0_okno_n3-4
2149388,1,0,0_okno_n2
2149394,3,0,0_okno_n1
2149410,0,0,0_okno_n2
2149419,2,0,0_okno_n2
2149438,4,0,0_okno_n1
2149446,1,0,0_okno_n2
2149448,0,0,0_okno_n2
2149449,1,0,0_okno_n2
2149450,1,0,0_okno_n2
2149454,3,0,0_okno_n1
2149456,0,0,0_okno_n1
2149462,2,0,0_okno_n1
2149465,0,0,0_okno_n1
2149466,0,0,0_okno_n1
2149475,4,0,0_okno_n1
2149476,3,0,0_okno_n2
2149484,1,0,0_okno_n1
2149487,3,0,0_okno_n2
2149489,1,0,0_okno_n2
2149498,4,0,0_okno_n2
2149500,3,0,0_okno_n2
2149502,4,0,0_okno_n1
2149509,1,0,0_okno_n1
2149518,2,0,0_okno_n5+
2149524,1,0,0_okno_n2
2149535,0,0,0_okno_n3-4
2149537,4,0,0_okno_n1
2149551,0,0,0_okno_n1
2149562,3,0,0_okno_n1
2149575,1,0,0_okno_n1
2149577,1,0,0_okno_n1
2149581,4,0,0_okno_n1
2149584,3,0,0_okno_n1
2149585,4,0,0_okno_n2
2149589,2,0,0_okno_n1
2149591,2,0,0_okno_n1
2149641,3,0,0_okno_n1
2149683,1,0,0_okno_n5+
2149689,1,0,0_okno_n1
2149698,2,0,0_okno_n2
2149712,1,0,0_okno_n1
2149743,3,0,0_okno_n1
2149754,2,0,0_okno_n1
2149761,3,0,0_okno_n2
2149764,0,0,0_okno_n5+
2149781,0,0,0_okno_n1
2149792,4,0,0_okno_n1
2149801,4,0,0_okno_n2
2149804,4,0,0_okno_n3-4
2149819,0,0,0_okno_n1
2149823,0,0,0_okno_n1
2149824,4,0,0_okno_n1
2149826,1,0,0_okno_n1
2149827,0,0,0_okno_n1
2149829,1,0,0_okno_n1
2149832,4,0,0_okno_n1
2149834,4,0,0_okno_n1
2149840,0,0,0_okno_n1
2149846,0,0,0_okno_n1
2149850,1,0,0_okno_n2
2149854,0,0,0_okno_n1
2149855,2,0,0_okno_n1
2149867,2,0,0_okno_n1
2149890,3,0,0_okno_n1
2149918,1,0,0_okno_n2
2149923,1,0,0_okno_n1
2149961,1,0,0_okno_n3-4
2149965,2,0,0_okno_n3-4
2149968,3,0,0_okno_n1
2149977,4,0,0_okno_n1
2149984,4,0,0_okno_n1
2150016,4,0,0_okno_n1
2150024,0,0,0_okno_n1
2150027,2,0,0_okno_n1
2150030,3,0,0_okno_n1
2150038,2,0,0_okno_n1
2150041,2,0,0_okno_n1
2150045,4,0,0_okno_n1
2150049,4,0,0_okno_n1
2150059,1,0,0_okno_n1
2150071,4,0,0_okno_n1
2150101,4,0,0_okno_n1
2150107,0,0,0_okno_n1
2150114,4,0,0_okno_n1
2150124,2,1,1_okno_n2
2150140,3,0,0_okno_n1
2150143,1,0,0_okno_n1
2150161,2,0,0_okno_n1
2150202,0,0,0_okno_n1
2150209,2,0,0_okno_n1
2150241,2,0,0_okno_n1
2150246,0,0,0_okno_n2
2150263,2,0,0_okno_n1
2150267,4,0,0_okno_n3-4
2150340,3,0,0_okno_n1
2150347,4,0,0_okno_n3-4
2150355,3,0,0_okno_n5+
2150371,2,0,0_okno_n1
2150380,3,0,0_okno_n3-4
2150402,1,1,1_okno_n3-4
2150408,2,0,0_okno_n5+
2150411,4,0,0_okno_n1
2150433,3,0,0_okno_n1
2150435,1,0,0_okno_n1
2150437,1,0,0_okno_n1
2150438,1,0,0_okno_n1
2150439,4,0,0_okno_n1
2150440,1,0,0_okno_n1
2150442,3,0,0_okno_n1
2150445,4,0,0_okno_n1
2150449,2,0,0_okno_n1
2150482,0,0,0_okno_n2
2150485,0,0,0_okno_n1
2150502,3,0,0_okno_n1
2150517,3,0,0_okno_n1
2150548,1,0,0_okno_n1
2150553,4,0,0_okno_n1
2150564,1,0,0_okno_n1
2150596,3,0,0_okno_n5+
2150602,4,0,0_okno_n1
2150605,3,0,0_okno_n2
2150607,3,0,0_okno_n1
2150613,4,0,0_okno_n1
2150616,4,0,0_okno_n1
2150618,0,0,0_okno_n1
2150634,4,0,0_okno_n2
2150637,0,0,0_okno_n1
2150638,1,0,0_okno_n1
2150641,1,0,0_okno_n1
2150643,3,0,0_okno_n1
2150645,4,0,0_okno_n1
2150646,3,0,0_okno_n1
2150657,1,0,0_okno_n2
2150658,1,0,0_okno_n1
2150668,0,0,0_okno_n1
2150683,3,0,0_okno_n1
2150688,3,0,0_okno_n1
2150690,0,0,0_okno_n1
2150694,3,0,0_okno_n2
2150707,3,0,0_okno_n1
2150708,2,0,0_okno_n1
2150717,1,0,0_okno_n5+
2150764,0,0,0_okno_n1
2150765,3,0,0_okno_n1
2150811,1,0,0_okno_n1
2150821,3,0,0_okno_n1
2150825,2,0,0_okno_n1
2150826,3,0,0_okno_n2
2150862,3,0,0_okno_n1
2150876,4,0,0_okno_n3-4
2150886,0,0,0_okno_n1
2150893,3,0,0_okno_n1
2150901,0,0,0_okno_n1
2150962,2,1,1_okno_n1
2150975,1,0,0_okno_n1
2150999,2,0,0_okno_n1
2151030,3,0,0_okno_n1
2151042,4,0,0_okno_n2
2151063,3,0,0_okno_n1
2151064,3,0,0_okno_n1
2151066,2,0,0_okno_n1
2151075,2,0,0_okno_n1
2151092,4,0,0_okno_n1
2151093,0,0,0_okno_n1
2151095,0,0,0_okno_n2
2151100,4,0,0_okno_n1
2151105,4,0,0_okno_n5+
2151140,1,0,0_okno_n1
2151150,2,0,0_okno_n2
2151155,2,0,0_okno_n1
2151161,2,0,0_okno_n2
2151171,0,0,0_okno_n2
2151180,2,0,0_okno_n1
2151196,1,0,0_okno_n3-4
2151212,2,0,0_okno_n2
2151214,0,0,0_okno_n2
2151223,1,0,0_okno_n3-4
2151227,1,0,0_okno_n1
2151229,2,0,0_okno_n2
2151243,0,0,0_okno_n1
2151275,0,0,0_okno_n1
2151278,1,0,0_okno_n2
2151293,4,0,0_okno_n1
2151344,1,0,0_okno_n3-4
2151345,1,0,0_okno_n2
2151347,1,0,0_okno_n1
2151354,0,0,0_okno_n1
2151408,0,0,0_okno_n3-4
2151410,4,0,0_okno_n1
2151416,0,0,0_okno_n3-4
2151426,3,0,0_okno_n1
2151431,3,0,0_okno_n2
2151432,4,0,0_okno_n1
2151441,2,0,0_okno_n1
2151446,1,0,0_okno_n1
2151452,0,0,0_okno_n1
2151455,3,0,0_okno_n2
2151458,0,0,0_okno_n1
2151467,2,0,0_okno_n2
2151475,4,0,0_okno_n1
2151477,3,0,0_okno_n1
2151482,1,0,0_okno_n1
2151485,2,0,0_okno_n1
2151520,1,0,0_okno_n1
2151536,4,0,0_okno_n3-4
2151564,0,0,0_okno_n2
2151616,2,0,0_okno_n1
2151620,2,0,0_okno_n1
2151671,3,0,0_okno_n3-4
2151672,2,0,0_okno_n2
2151676,3,0,0_okno_n3-4
2151678,4,0,0_okno_n1
2151680,4,0,0_okno_n1
2151685,0,0,0_okno_n3-4
2151687,1,0,0_okno_n1
2151691,4,0,0_okno_n5+
2151705,4,0,0_okno_n3-4
2151707,4,0,0_okno_n1
2151710,1,0,0_okno_n1
2151711,4,0,0_okno_n1
2151716,2,0,0_okno_n1
2151721,0,0,0_okno_n3-4
2151733,3,0,0_okno_n2
2151736,1,0,0_okno_n1
2151750,2,0,0_okno_n2
2151765,3,0,0_okno_n1
2151770,1,0,0_okno_n1
2151779,0,0,0_okno_n3-4
2151782,0,0,0_okno_n3-4
2151783,3,0,0_okno_n1
2151784,4,0,0_okno_n1
2151786,1,0,0_okno_n1
2151820,4,0,0_okno_n2
2151843,1,0,0_okno_n3-4
2151853,0,0,0_okno_n1
2151855,4,0,0_okno_n2
2151869,2,0,0_okno_n2
2151874,4,0,0_okno_n5+
2151895,2,0,0_okno_n1
2151901,1,0,0_okno_n2
2151906,4,0,0_okno_n1
2151907,4,0,0_okno_n1
2151912,4,0,0_okno_n1
2151933,0,0,0_okno_n2
2151941,1,0,0_okno_n1
2151945,2,0,0_okno_n1
2151949,4,0,0_okno_n3-4
2151954,1,0,0_okno_n1
2151965,1,0,0_okno_n1
2151979,2,0,0_okno_n1
2151983,1,0,0_okno_n1
2152010,0,0,0_okno_n1
2152119,4,0,0_okno_n3-4
2152132,2,0,0_okno_n1
2152135,0,0,0_okno_n2
2152154,1,0,0_okno_n2
2152195,4,0,0_okno_n2
2152210,2,0,0_okno_n3-4
2152212,4,0,0_okno_n5+
2152217,3,0,0_okno_n1
2152222,2,0,0_okno_n1
2152223,0,0,0_okno_n1
2152230,4,0,0_okno_n1
2152243,1,0,0_okno_n1
2152260,1,0,0_okno_n1
2152268,0,0,0_okno_n2
2152275,3,0,0_okno_n1
2152292,4,0,0_okno_n2
2152295,1,0,0_okno_n1
2152296,0,0,0_okno_n2
2152301,3,0,0_okno_n1
2152307,2,0,0_okno_n1
2152311,2,0,0_okno_n1
2152324,1,0,0_okno_n5+
2152342,4,0,0_okno_n1
2152349,0,0,0_okno_n2
2152379,3,0,0_okno_n3-4
2152402,3,0,0_okno_n2
2152421,1,0,0_okno_n3-4
2152448,3,0,0_okno_n1
2152486,4,0,0_okno_n1
2152496,4,0,0_okno_n1
2152497,1,0,0_okno_n5+
2152500,0,0,0_okno_n1
2152502,4,0,0_okno_n1
2152539,2,0,0_okno_n1
2152574,2,0,0_okno_n1
2152623,3,0,0_okno_n1
2152631,4,0,0_okno_n2
2152639,1,0,0_okno_n2
2152643,1,0,0_okno_n1
2152657,3,0,0_okno_n1
2152664,1,0,0_okno_n5+
2152685,4,0,0_okno_n2
2152690,0,0,0_okno_n3-4
2152696,2,0,0_okno_n1
2152713,3,0,0_okno_n1
2152727,2,0,0_okno_n1
2152728,2,0,0_okno_n2
2152732,2,0,0_okno_n2
2152739,0,0,0_okno_n2
2152742,3,0,0_okno_n1
2152746,4,0,0_okno_n1
2152748,3,0,0_okno_n1
2152756,1,0,0_okno_n1
2152765,0,0,0_okno_n1
2152772,2,0,0_okno_n2
2152780,3,0,0_okno_n1
2152788,0,0,0_okno_n3-4
2152790,1,0,0_okno_n1
2152797,2,0,0_okno_n1
2152818,0,0,0_okno_n1
2152829,1,0,0_okno_n1
2152831,4,0,0_okno_n1
2152832,2,0,0_okno_n3-4
2152848,3,0,0_okno_n2
2152864,4,0,0_okno_n1
2152866,0,0,0_okno_n1
2152868,3,0,0_okno_n3-4
2152873,4,0,0_okno_n1
2152883,0,0,0_okno_n2
2152910,0,0,0_okno_n1
2152917,2,0,0_okno_n2
2152925,3,0,0_okno_n1
2152928,3,0,0_okno_n2
2153005,3,0,0_okno_n1
2153013,3,0,0_okno_n1
2153025,4,0,0_okno_n2
2153032,4,0,0_okno_n3-4
2153036,0,0,0_okno_n2
2153047,4,0,0_okno_n1
2153053,4,0,0_okno_n3-4
2153061,3,0,0_okno_n1
2153090,0,0,0_okno_n1
2153097,1,0,0_okno_n2
2153103,3,0,0_okno_n2
2153171,3,0,0_okno_n1
2153205,3,0,0_okno_n1
2153218,1,0,0_okno_n1
2153223,2,0,0_okno_n3-4
2153227,1,0,0_okno_n1
2153247,1,0,0_okno_n1
2153254,2,0,0_okno_n1
2153261,3,0,0_okno_n2
2153263,2,0,0_okno_n2
2153268,1,0,0_okno_n1
2153281,4,0,0_okno_n1
2153284,1,0,0_okno_n1
2153290,2,0,0_okno_n1
2153293,3,0,0_okno_n1
2153300,0,0,0_okno_n2
2153305,0,0,0_okno_n1
2153340,4,0,0_okno_n2
2153366,0,0,0_okno_n1
2153379,1,0,0_okno_n1
2153381,3,0,0_okno_n1
2153388,3,0,0_okno_n3-4
2153389,2,0,0_okno_n1
2153425,0,0,0_okno_n1
2153428,1,0,0_okno_n3-4
2153435,2,0,0_okno_n1
2153462,2,0,0_okno_n1
2153506,0,0,0_okno_n1
2153539,2,0,0_okno_n5+
2153542,3,0,0_okno_n2
2153546,3,0,0_okno_n3-4
2153549,1,0,0_okno_n3-4
2153553,1,0,0_okno_n1
2153554,4,0,0_okno_n1
2153559,4,0,0_okno_n2
2153563,4,0,0_okno_n1
2153566,4,0,0_okno_n3-4
2153570,1,0,0_okno_n2
2153574,3,0,0_okno_n1
2153592,0,0,0_okno_n1
2153618,3,0,0_okno_n3-4
2153626,3,0,0_okno_n1
2153647,4,0,0_okno_n3-4
2153652,2,0,0_okno_n3-4
2153679,1,0,0_okno_n1
2153692,0,0,0_okno_n2
2153694,3,0,0_okno_n1
2153717,1,0,0_okno_n3-4
2153743,4,0,0_okno_n2
2153756,1,0,0_okno_n1
2153765,1,0,0_okno_n3-4
2153776,0,0,0_okno_n2
2153778,4,0,0_okno_n3-4
2153784,3,0,0_okno_n2
2153786,0,0,0_okno_n1
2153789,3,0,0_okno_n1
2153792,0,0,0_okno_n2
2153797,1,0,0_okno_n2
2153798,0,0,0_okno_n5+
2153825,0,0,0_okno_n1
2153882,3,0,0_okno_n1
2153906,3,0,0_okno_n5+
2153911,0,0,0_okno_n1
2153956,2,0,0_okno_n1
2153962,3,0,0_okno_n1
2153963,2,0,0_okno_n5+
2153969,2,0,0_okno_n1
2153980,0,0,0_okno_n2
2153990,2,0,0_okno_n3-4
2154000,0,0,0_okno_n2
2154005,3,0,0_okno_n2
2154007,3,0,0_okno_n2
2154016,1,0,0_okno_n2
2154029,2,0,0_okno_n1
2154031,0,0,0_okno_n2
2154034,2,0,0_okno_n1
2154041,4,0,0_okno_n1
2154075,1,0,0_okno_n1
2154079,4,0,0_okno_n2
2154088,0,0,0_okno_n1
2154099,0,0,0_okno_n2
2154101,4,0,0_okno_n1
2154105,2,0,0_okno_n1
2154128,4,0,0_okno_n1
2154129,1,0,0_okno_n1
2154131,4,0,0_okno_n1
2154140,3,0,0_okno_n1
2154143,3,0,0_okno_n2
2154166,0,0,0_okno_n3-4
2154172,0,0,0_okno_n2
2154174,0,0,0_okno_n1
2154204,1,0,0_okno_n3-4
2154218,0,0,0_okno_n2
2154238,4,0,0_okno_n1
2154241,3,0,0_okno_n3-4
2154243,3,0,0_okno_n1
2154248,4,0,0_okno_n1
2154275,0,0,0_okno_n1
2154280,1,0,0_okno_n1
2154292,2,0,0_okno_n3-4
2154308,3,0,0_okno_n1
2154323,1,0,0_okno_n2
2154338,3,0,0_okno_n1
2154340,1,0,0_okno_n1
2154348,0,0,0_okno_n1
2154352,1,0,0_okno_n2
2154365,3,0,0_okno_n5+
2154366,3,0,0_okno_n1
2154370,3,0,0_okno_n3-4
2154371,2,0,0_okno_n1
2154372,1,0,0_okno_n2
2154379,4,0,0_okno_n1
2154405,3,0,0_okno_n2
2154446,3,0,0_okno_n2
2154450,2,0,0_okno_n2
2154490,2,0,0_okno_n1
2154525,1,0,0_okno_n3-4
2154533,0,0,0_okno_n1
2154537,0,0,0_okno_n1
2154541,3,0,0_okno_n2
2154543,0,0,0_okno_n2
2154548,4,0,0_okno_n1
2154549,1,0,0_okno_n1
2154574,3,0,0_okno_n1
2154582,1,0,0_okno_n1
2154590,4,0,0_okno_n2
2154594,2,0,0_okno_n1
2154597,4,0,0_okno_n1
2154616,3,0,0_okno_n1
2154630,0,0,0_okno_n2
2154657,1,0,0_okno_n1
2154662,1,0,0_okno_n1
2154666,0,0,0_okno_n2
2154681,1,0,0_okno_n1
2154697,1,0,0_okno_n2
2154711,0,0,0_okno_n1
2154712,1,0,0_okno_n2
2154720,3,0,0_okno_n2
2154735,0,0,0_okno_n2
2154737,2,0,0_okno_n3-4
2154738,0,0,0_okno_n1
2154759,3,0,0_okno_n2
2154762,0,0,0_okno_n3-4
2154772,0,0,0_okno_n1
2154780,1,0,0_okno_n1
2154786,4,0,0_okno_n1
2154790,1,0,0_okno_n2
2154798,0,0,0_okno_n2
2154800,3,0,0_okno_n1
2154804,4,0,0_okno_n2
2154805,2,0,0_okno_n1
2154842,0,0,0_okno_n1
2154874,2,0,0_okno_n1
2154905,3,0,0_okno_n1
2154911,4,0,0_okno_n3-4
2154916,3,0,0_okno_n1
2154938,2,0,0_okno_n1
2154948,0,0,0_okno_n1
2154966,0,0,0_okno_n1
2154992,1,0,0_okno_n1
2154994,0,0,0_okno_n1
2154998,3,0,0_okno_n1
2155001,4,0,0_okno_n2
2155006,3,0,0_okno_n1
2155015,0,0,0_okno_n1
2155017,1,0,0_okno_n1
2155020,3,0,0_okno_n1
2155022,1,0,0_okno_n1
2155024,4,0,0_okno_n1
2155027,3,0,0_okno_n2
2155048,4,0,0_okno_n1
2155064,2,0,0_okno_n1
2155080,4,0,0_okno_n1
2155102,3,0,0_okno_n2
2155117,3,0,0_okno_n1
2155130,4,0,0_okno_n1
2155146,2,0,0_okno_n1
2155175,3,0,0_okno_n2
2155196,2,0,0_okno_n1
2155208,3,0,0_okno_n1
2155213,3,0,0_okno_n1
2155222,1,0,0_okno_n2
2155223,0,0,0_okno_n1
2155227,1,0,0_okno_n1
2155229,3,0,0_okno_n1
2155234,1,0,0_okno_n2
2155237,2,0,0_okno_n2
2155239,0,0,0_okno_n5+
2155241,3,0,0_okno_n2
2155243,1,0,0_okno_n1
2155258,1,0,0_okno_n1
2155275,2,0,0_okno_n1
2155277,1,0,0_okno_n2
2155278,0,0,0_okno_n2
2155280,3,0,0_okno_n1
2155282,4,0,0_okno_n2
2155289,0,0,0_okno_n1
2155293,1,0,0_okno_n1
2155295,0,0,0_okno_n1
2155331,4,0,0_okno_n1
2155376,3,0,0_okno_n1
2155386,4,0,0_okno_n1
2155388,4,0,0_okno_n1
2155390,1,0,0_okno_n1
2155392,4,0,0_okno_n1
2155409,0,0,0_okno_n5+
2155410,3,0,0_okno_n1
2155423,4,0,0_okno_n3-4
2155472,4,0,0_okno_n1
2155480,1,0,0_okno_n1
2155556,2,0,0_okno_n1
2155559,3,0,0_okno_n1
2155580,3,0,0_okno_n1
2155603,1,0,0_okno_n2
2155607,4,0,0_okno_n2
2155612,1,0,0_okno_n1
2155619,1,0,0_okno_n1
2155624,0,0,0_okno_n1
2155644,1,0,0_okno_n1
2155646,2,0,0_okno_n2
2155672,0,0,0_okno_n3-4
2155722,1,0,0_okno_n2
2155755,4,0,0_okno_n1
2155782,3,0,0_okno_n3-4
2155806,3,0,0_okno_n1
2155836,2,0,0_okno_n1
2155852,3,0,0_okno_n2
2155854,1,0,0_okno_n1
2155858,2,0,0_okno_n1
2155864,4,0,0_okno_n2
2155882,2,0,0_okno_n1
2155886,1,0,0_okno_n1
2155887,4,0,0_okno_n1
2155888,2,0,0_okno_n5+
2155932,0,0,0_okno_n2
2155933,4,0,0_okno_n1
2155939,0,0,0_okno_n2
2155967,3,0,0_okno_n2
2155974,2,0,0_okno_n2
2155989,3,0,0_okno_n3-4
2156025,0,0,0_okno_n1
2156035,1,0,0_okno_n1
2156069,3,0,0_okno_n3-4
2156088,3,0,0_okno_n2
2156093,3,0,0_okno_n2
2156095,2,0,0_okno_n1
2156097,4,0,0_okno_n1
2156101,0,0,0_okno_n1
2156109,3,0,0_okno_n3-4
2156111,4,0,0_okno_n3-4
2156113,3,0,0_okno_n2
2156125,0,0,0_okno_n1
2156158,0,0,0_okno_n1
2156182,0,0,0_okno_n1
2156206,2,0,0_okno_n1
2156209,2,0,0_okno_n1
2156216,2,0,0_okno_n1
2156236,4,0,0_okno_n2
2156256,4,0,0_okno_n2
2156263,0,0,0_okno_n1
2156275,3,0,0_okno_n1
2156280,4,0,0_okno_n1
2156290,3,0,0_okno_n1
2156319,3,0,0_okno_n1
2156322,3,0,0_okno_n2
2156326,4,0,0_okno_n2
2156330,2,0,0_okno_n1
2156363,0,0,0_okno_n1
2156378,3,0,0_okno_n1
2156419,3,0,0_okno_n1
2156438,4,0,0_okno_n1
2156440,2,0,0_okno_n1
2156447,4,0,0_okno_n2
2156504,0,0,0_okno_n1
2156512,2,0,0_okno_n1
2156523,4,0,0_okno_n3-4
2156526,4,0,0_okno_n1
2156528,4,0,0_okno_n1
2156533,2,0,0_okno_n5+
2156538,3,0,0_okno_n3-4
2156539,4,0,0_okno_n2
2156541,3,0,0_okno_n3-4
2156543,3,0,0_okno_n1
2156544,1,0,0_okno_n1
2156551,4,0,0_okno_n1
2156560,1,0,0_okno_n3-4
2156565,1,0,0_okno_n3-4
2156569,1,0,0_okno_n2
2156572,1,0,0_okno_n2
2156576,2,0,0_okno_n5+
2156577,3,0,0_okno_n1
2156601,3,0,0_okno_n1
2156609,4,0,0_okno_n3-4
2156634,3,0,0_okno_n3-4
2156636,1,0,0_okno_n1
2156644,0,0,0_okno_n1
2156656,2,0,0_okno_n2
2156661,4,0,0_okno_n1
2156665,3,0,0_okno_n1
2156668,4,0,0_okno_n1
2156671,0,0,0_okno_n2
2156675,1,0,0_okno_n1
2156682,2,0,0_okno_n2
2156683,0,0,0_okno_n1
2156686,1,0,0_okno_n2
2156688,2,0,0_okno_n1
2156689,2,0,0_okno_n1
2156694,0,0,0_okno_n1
2156751,4,0,0_okno_n1
2156752,0,0,0_okno_n1
2156753,1,0,0_okno_n2
2156759,3,0,0_okno_n1
2156763,2,0,0_okno_n1
2156795,3,0,0_okno_n1
2156808,0,0,0_okno_n1
2156812,4,0,0_okno_n2
2156837,3,0,0_okno_n1
2156851,1,0,0_okno_n1
2156853,3,0,0_okno_n1
2156855,1,0,0_okno_n1
2156878,1,0,0_okno_n1
2156903,3,0,0_okno_n1
2156908,0,0,0_okno_n1
2156915,4,0,0_okno_n2
2156923,1,0,0_okno_n1
2156924,3,0,0_okno_n2
2156928,0,0,0_okno_n1
2156980,4,0,0_okno_n1
2157018,2,0,0_okno_n3-4
2157033,2,0,0_okno_n3-4
2157037,1,0,0_okno_n1
2157039,0,0,0_okno_n1
2157041,4,1,1_okno_n1
2157051,4,0,0_okno_n1
2157066,3,0,0_okno_n1
2157111,4,0,0_okno_n3-4
2157116,4,0,0_okno_n1
2157126,4,0,0_okno_n5+
2157137,1,0,0_okno_n1
2157145,2,0,0_okno_n1
2157178,4,0,0_okno_n1
2157199,0,0,0_okno_n1
2157221,0,0,0_okno_n1
2157225,4,0,0_okno_n2
2157300,0,0,0_okno_n1
2157307,0,0,0_okno_n1
2157316,3,0,0_okno_n1
2157319,2,0,0_okno_n1
2157328,1,0,0_okno_n2
2157335,0,0,0_okno_n1
2157337,4,0,0_okno_n1
2157341,2,0,0_okno_n3-4
2157351,2,0,0_okno_n1
2157356,0,0,0_okno_n1
2157362,1,0,0_okno_n1
2157368,3,0,0_okno_n1
2157437,4,0,0_okno_n2
2157455,4,0,0_okno_n2
2157475,2,0,0_okno_n1
2157479,4,0,0_okno_n3-4
2157484,4,0,0_okno_n1
2157496,1,0,0_okno_n1
2157505,2,0,0_okno_n2
2157507,3,0,0_okno_n1
2157516,4,0,0_okno_n2
2157533,4,0,0_okno_n1
2157537,0,0,0_okno_n1
2157542,0,0,0_okno_n2
2157559,2,0,0_okno_n5+
2157563,2,0,0_okno_n1
2157567,1,0,0_okno_n1
2157572,4,0,0_okno_n1
2157576,0,0,0_okno_n1
2157598,0,0,0_okno_n1
2157671,3,0,0_okno_n1
2157688,4,0,0_okno_n1
2157698,1,0,0_okno_n2
2157699,1,0,0_okno_n1
2157739,0,0,0_okno_n1
2157746,2,0,0_okno_n1
2157752,0,0,0_okno_n2
2157765,2,1,1_okno_n1
2157769,1,0,0_okno_n1
2157773,3,0,0_okno_n2
2157788,3,0,0_okno_n1
2157791,2,0,0_okno_n1
2157796,0,0,0_okno_n3-4
2157803,0,0,0_okno_n3-4
2157806,1,0,0_okno_n3-4
2157807,4,0,0_okno_n1
2157809,2,0,0_okno_n2
2157811,3,0,0_okno_n2
2157815,4,0,0_okno_n3-4
2157818,4,0,0_okno_n3-4
2157823,0,0,0_okno_n2
2157826,0,0,0_okno_n1
2157835,1,0,0_okno_n1
2157841,1,0,0_okno_n3-4
2157850,3,0,0_okno_n1
2157860,3,0,0_okno_n1
2157862,4,0,0_okno_n2
2157863,4,0,0_okno_n1
2157866,4,0,0_okno_n1
2157869,2,0,0_okno_n1
2157876,2,0,0_okno_n1
2157878,1,0,0_okno_n1
2157890,2,0,0_okno_n1
2157903,4,0,0_okno_n1
2157932,3,0,0_okno_n1
2157936,1,0,0_okno_n3-4
2157937,3,0,0_okno_n1
2157944,3,0,0_okno_n2
2157946,3,0,0_okno_n1
2157954,4,0,0_okno_n1
2157959,2,0,0_okno_n2
2158014,1,0,0_okno_n1
2158018,2,0,0_okno_n1
2158021,3,0,0_okno_n1
2158023,3,0,0_okno_n2
2158028,4,0,0_okno_n1
2158051,3,0,0_okno_n3-4
2158061,2,0,0_okno_n2
2158097,0,0,0_okno_n3-4
2158100,0,0,0_okno_n3-4
2158109,1,0,0_okno_n1
2158141,1,0,0_okno_n2
2158143,0,0,0_okno_n2
2158145,0,0,0_okno_n2
2158157,1,0,0_okno_n1
2158167,2,0,0_okno_n5+
2158169,2,0,0_okno_n1
2158175,4,0,0_okno_n2
2158176,4,0,0_okno_n1
2158178,1,0,0_okno_n1
2158180,3,0,0_okno_n2
2158182,4,0,0_okno_n2
2158186,4,0,0_okno_n1
2158189,4,0,0_okno_n2
2158192,2,0,0_okno_n1
2158195,3,0,0_okno_n1
2158199,2,0,0_okno_n1
2158200,2,0,0_okno_n2
2158202,1,0,0_okno_n1
2158206,0,0,0_okno_n3-4
2158213,4,0,0_okno_n1
2158215,4,0,0_okno_n1
2158236,2,0,0_okno_n2
2158241,4,0,0_okno_n1
2158244,4,0,0_okno_n1
2158279,2,0,0_okno_n1
2158342,0,0,0_okno_n1
2158356,4,0,0_okno_n1
2158363,3,0,0_okno_n1
2158388,4,0,0_okno_n2
2158403,2,0,0_okno_n1
2158412,2,0,0_okno_n1
2158423,2,0,0_okno_n2
2158427,3,0,0_okno_n1
2158432,2,0,0_okno_n1
2158449,3,0,0_okno_n2
2158450,2,0,0_okno_n2
2158452,4,0,0_okno_n1
2158456,1,0,0_okno_n1
2158469,2,0,0_okno_n3-4
2158471,2,0,0_okno_n2
2158478,0,0,0_okno_n1
2158505,2,0,0_okno_n1
2158516,3,0,0_okno_n1
2158535,4,0,0_okno_n2
2158555,1,0,0_okno_n1
2158593,0,0,0_okno_n1
2158596,1,0,0_okno_n1
2158619,2,0,0_okno_n2
2158649,2,0,0_okno_n5+
2158658,1,0,0_okno_n3-4
2158688,4,0,0_okno_n3-4
2158694,3,0,0_okno_n1
2158705,3,0,0_okno_n1
2158709,4,0,0_okno_n3-4
2158713,2,0,0_okno_n1
2158716,1,0,0_okno_n1
2158730,4,0,0_okno_n1
2158732,2,0,0_okno_n1
2158736,1,0,0_okno_n2
2158742,1,0,0_okno_n1
2158764,2,0,0_okno_n2
2158765,0,0,0_okno_n1
2158774,4,0,0_okno_n1
2158800,4,0,0_okno_n2
2158801,0,0,0_okno_n3-4
2158812,2,0,0_okno_n5+
2158820,3,0,0_okno_n3-4
2158826,3,0,0_okno_n1
2158848,2,0,0_okno_n1
2158857,3,0,0_okno_n5+
2158861,4,0,0_okno_n1
2158863,0,0,0_okno_n3-4
2158865,3,0,0_okno_n1
2158874,1,0,0_okno_n2
2158898,2,0,0_okno_n2
2158905,3,0,0_okno_n5+
2158908,2,0,0_okno_n1
2158912,0,0,0_okno_n2
2158915,0,0,0_okno_n1
2158923,1,0,0_okno_n1
2158924,0,0,0_okno_n2
2158925,2,0,0_okno_n1
2158928,2,0,0_okno_n3-4
2158936,3,0,0_okno_n1
2158941,1,0,0_okno_n2
2158950,0,0,0_okno_n2
2158954,3,0,0_okno_n3-4
2158969,1,0,0_okno_n1
2158999,0,0,0_okno_n1
2159022,1,0,0_okno_n3-4
2159028,4,0,0_okno_n2
2159064,4,0,0_okno_n2
2159072,1,0,0_okno_n1
2159074,1,0,0_okno_n1
2159089,1,0,0_okno_n3-4
2159116,3,0,0_okno_n1
2159124,2,0,0_okno_n1
2159145,4,0,0_okno_n1
2159151,2,0,0_okno_n2
2159152,3,0,0_okno_n3-4
2159155,0,0,0_okno_n2
2159160,2,0,0_okno_n3-4
2159169,0,0,0_okno_n1
2159170,1,0,0_okno_n1
2159172,3,0,0_okno_n2
2159182,4,0,0_okno_n1
2159183,3,0,0_okno_n1
2159191,0,0,0_okno_n3-4
2159198,1,0,0_okno_n1
2159212,4,0,0_okno_n2
2159224,3,0,0_okno_n1
2159226,3,0,0_okno_n5+
2159237,4,0,0_okno_n1
2159239,2,0,0_okno_n1
2159247,3,0,0_okno_n1
2159252,2,0,0_okno_n1
2159266,2,0,0_okno_n1
2159270,0,0,0_okno_n1
2159288,2,0,0_okno_n2
2159314,3,0,0_okno_n1
2159326,0,0,0_okno_n1
2159329,0,0,0_okno_n1
2159331,0,0,0_okno_n1
2159332,0,0,0_okno_n1
2159334,0,0,0_okno_n1
2159335,0,0,0_okno_n1
2159336,0,0,0_okno_n1
2159337,1,0,0_okno_n1
2159345,2,0,0_okno_n1
2159402,4,0,0_okno_n1
2159437,0,0,0_okno_n2
2159460,2,0,0_okno_n1
2159462,2,0,0_okno_n1
2159463,0,0,0_okno_n1
2159501,2,0,0_okno_n1
2159510,1,0,0_okno_n2
2159532,2,0,0_okno_n1
2159549,3,0,0_okno_n3-4
2159550,3,0,0_okno_n1
2159552,0,0,0_okno_n1
2159556,1,0,0_okno_n3-4
2159560,4,0,0_okno_n1
2159561,1,0,0_okno_n1
2159565,0,0,0_okno_n1
2159574,1,0,0_okno_n5+
2159575,3,0,0_okno_n1
2159579,1,0,0_okno_n1
2159596,3,0,0_okno_n1
2159600,0,0,0_okno_n1
2159661,4,0,0_okno_n2
2159672,1,0,0_okno_n1
2159677,1,0,0_okno_n1
2159706,4,0,0_okno_n2
2159751,4,0,0_okno_n1
2159754,4,0,0_okno_n1
2159756,1,0,0_okno_n1
2159758,3,0,0_okno_n2
2159765,2,0,0_okno_n2
2159766,2,0,0_okno_n1
2159776,0,0,0_okno_n2
2159777,4,0,0_okno_n2
2159780,3,0,0_okno_n1
2159781,0,0,0_okno_n1
2159787,4,0,0_okno_n1
2159793,4,0,0_okno_n5+
2159801,2,0,0_okno_n1
2159803,2,0,0_okno_n5+
2159841,1,0,0_okno_n1
2159842,4,0,0_okno_n1
2159866,4,0,0_okno_n2
2159894,3,0,0_okno_n1
2159908,4,0,0_okno_n1
2159910,4,0,0_okno_n1
2159914,2,0,0_okno_n1
2159918,2,0,0_okno_n1
2159926,1,0,0_okno_n1
2159929,4,0,0_okno_n1
2159932,3,0,0_okno_n2
2159934,1,0,0_okno_n1
2159941,2,0,0_okno_n2
2159943,4,0,0_okno_n1
2159951,4,0,0_okno_n1
2159952,1,0,0_okno_n3-4
2159961,4,0,0_okno_n1
2159962,2,0,0_okno_n2
2159973,2,0,0_okno_n1
2159980,3,0,0_okno_n1
2159991,3,0,0_okno_n2
2159994,1,0,0_okno_n2
2159996,4,0,0_okno_n1
2159998,3,0,0_okno_n1
2160005,2,0,0_okno_n1
2160015,1,0,0_okno_n1
2160027,0,0,0_okno_n1
2160028,4,0,0_okno_n1
2160039,2,0,0_okno_n1
2160045,1,0,0_okno_n1
2160062,2,0,0_okno_n2
2160063,2,0,0_okno_n1
2160064,3,0,0_okno_n1
2160066,3,0,0_okno_n2
2160068,2,0,0_okno_n1
2160078,0,0,0_okno_n1
2160081,1,0,0_okno_n1
2160088,2,0,0_okno_n2
2160091,1,0,0_okno_n1
2160092,1,0,0_okno_n2
2160095,2,0,0_okno_n1
2160097,2,0,0_okno_n1
2160099,0,0,0_okno_n1
2160109,1,0,0_okno_n3-4
2160119,0,0,0_okno_n2
2160122,3,0,0_okno_n1
2160126,4,0,0_okno_n2
2160129,4,0,0_okno_n1
2160141,2,0,0_okno_n2
2160158,4,0,0_okno_n1
2160185,3,0,0_okno_n1
2160190,1,0,0_okno_n1
2160194,3,0,0_okno_n1
2160198,0,0,0_okno_n1
2160201,2,0,0_okno_n1
2160202,4,0,0_okno_n2
2160206,2,0,0_okno_n1
2160208,4,0,0_okno_n1
2160211,0,0,0_okno_n1
2160216,1,0,0_okno_n1
2160226,1,0,0_okno_n1
2160252,3,0,0_okno_n1
2160313,0,0,0_okno_n3-4
2160320,3,0,0_okno_n2
2160334,1,0,0_okno_n1
2160379,4,0,0_okno_n1
2160408,4,0,0_okno_n1
2160419,0,0,0_okno_n1
2160422,0,0,0_okno_n1
2160427,1,0,0_okno_n2
2160429,0,0,0_okno_n1
2160435,0,0,0_okno_n1
2160436,4,0,0_okno_n1
2160437,4,0,0_okno_n1
2160441,4,0,0_okno_n1
2160444,2,0,0_okno_n1
2160445,4,0,0_okno_n1
2160465,4,0,0_okno_n1
2160473,2,0,0_okno_n1
2160475,0,0,0_okno_n1
2160481,3,0,0_okno_n1
2160490,2,0,0_okno_n1
2160518,1,0,0_okno_n1
2160524,2,0,0_okno_n1
2160608,1,0,0_okno_n3-4
2160610,2,1,1_okno_n3-4
2160616,1,0,0_okno_n1
2160631,1,0,0_okno_n1
2160633,0,0,0_okno_n1
2160642,4,0,0_okno_n1
2160644,2,0,0_okno_n1
2160645,4,0,0_okno_n1
2160649,1,0,0_okno_n1
2160657,4,0,0_okno_n1
2160662,0,0,0_okno_n1
2160664,2,0,0_okno_n1
2160665,2,0,0_okno_n2
2160667,2,0,0_okno_n1
2160679,2,0,0_okno_n1
2160682,0,0,0_okno_n1
2160685,2,0,0_okno_n1
2160695,0,0,0_okno_n1
2160726,2,0,0_okno_n1
2160751,4,0,0_okno_n1
2160765,4,0,0_okno_n1
2160780,4,0,0_okno_n1
2160785,1,0,0_okno_n3-4
2160786,3,0,0_okno_n1
2160802,1,0,0_okno_n2
2160809,1,0,0_okno_n3-4
2160814,0,0,0_okno_n2
2160831,3,0,0_okno_n1
2160843,0,0,0_okno_n1
2160844,3,0,0_okno_n1
2160853,3,0,0_okno_n1
2160864,2,0,0_okno_n1
2160867,3,0,0_okno_n1
2160875,0,0,0_okno_n1
2160877,0,0,0_okno_n1
2160879,0,0,0_okno_n1
2160880,4,0,0_okno_n1
2160890,3,0,0_okno_n1
2160898,0,0,0_okno_n1
2160925,1,0,0_okno_n1
2160951,0,0,0_okno_n1
2160959,0,0,0_okno_n1
2160969,0,0,0_okno_n1
2160971,2,0,0_okno_n1
2160973,4,0,0_okno_n1
2160978,2,0,0_okno_n1
2160981,3,0,0_okno_n3-4
2160988,1,0,0_okno_n1
2160989,0,0,0_okno_n1
2160990,3,0,0_okno_n1
2160992,1,0,0_okno_n1
2160994,4,0,0_okno_n1
2160995,1,0,0_okno_n2
2161007,4,0,0_okno_n5+
2161013,1,0,0_okno_n1
2161014,1,0,0_okno_n5+
2161021,1,0,0_okno_n2
2161037,4,0,0_okno_n1
2161042,4,0,0_okno_n1
2161047,4,0,0_okno_n1
2161048,4,0,0_okno_n1
2161054,2,0,0_okno_n1
2161059,0,0,0_okno_n1
2161060,4,0,0_okno_n2
2161063,0,0,0_okno_n1
2161072,3,0,0_okno_n1
2161074,3,0,0_okno_n5+
2161075,1,0,0_okno_n1
2161077,0,0,0_okno_n1
2161079,1,0,0_okno_n1
2161082,0,0,0_okno_n1
2161083,2,0,0_okno_n1
2161129,3,0,0_okno_n1
2161139,3,0,0_okno_n2
2161149,4,0,0_okno_n1
2161150,4,0,0_okno_n1
2161152,1,0,0_okno_n1
2161154,3,0,0_okno_n1
2161158,2,0,0_okno_n1
2161167,4,0,0_okno_n1
2161168,4,0,0_okno_n1
2161169,0,0,0_okno_n1
2161174,4,0,0_okno_n1
2161177,4,0,0_okno_n5+
2161179,4,0,0_okno_n1
2161185,4,0,0_okno_n1
2161212,1,0,0_okno_n1
2161245,4,0,0_okno_n2
2161250,4,0,0_okno_n2
2161254,2,0,0_okno_n3-4
2161258,1,0,0_okno_n1
2161274,0,0,0_okno_n3-4
2161293,1,0,0_okno_n1
2161341,0,0,0_okno_n1
2161347,1,0,0_okno_n2
2161351,2,0,0_okno_n2
2161358,1,0,0_okno_n2
2161361,0,0,0_okno_n5+
2161392,3,0,0_okno_n1
2161397,3,0,0_okno_n1
2161399,3,0,0_okno_n1
2161404,0,0,0_okno_n2
2161405,4,1,1_okno_n3-4
2161420,0,0,0_okno_n1
2161425,2,0,0_okno_n2
2161466,3,0,0_okno_n2
2161469,4,0,0_okno_n2
2161474,0,0,0_okno_n1
2161502,4,0,0_okno_n1
2161530,3,0,0_okno_n2
2161553,2,0,0_okno_n1
2161562,4,0,0_okno_n3-4
2161571,3,0,0_okno_n2
2161581,0,0,0_okno_n1
2161603,3,0,0_okno_n5+
2161605,3,0,0_okno_n2
2161613,4,0,0_okno_n1
2161618,4,0,0_okno_n1
2161621,0,0,0_okno_n1
2161629,1,0,0_okno_n2
2161634,2,0,0_okno_n1
2161638,3,0,0_okno_n1
2161646,2,0,0_okno_n1
2161648,2,0,0_okno_n1
2161653,2,0,0_okno_n1
2161701,1,0,0_okno_n1
2161702,3,0,0_okno_n1
2161718,2,0,0_okno_n1
2161734,3,0,0_okno_n2
2161743,3,0,0_okno_n1
2161750,4,0,0_okno_n1
2161751,1,0,0_okno_n1
2161809,4,0,0_okno_n1
2161816,3,0,0_okno_n1
2161819,2,0,0_okno_n1
2161836,4,0,0_okno_n3-4
2161864,4,0,0_okno_n3-4
2161876,3,0,0_okno_n1
2161890,1,0,0_okno_n1
2161897,2,0,0_okno_n5+
2161935,2,0,0_okno_n2
2161952,1,0,0_okno_n3-4
2161955,0,0,0_okno_n3-4
2161961,0,0,0_okno_n2
2161963,0,0,0_okno_n2
2161966,1,0,0_okno_n2
2161968,3,0,0_okno_n1
2161972,1,0,0_okno_n1
2161974,1,0,0_okno_n1
2161975,3,0,0_okno_n2
2161987,0,0,0_okno_n2
2161990,4,0,0_okno_n1
2161995,1,0,0_okno_n1
2162041,3,0,0_okno_n1
2162063,2,0,0_okno_n1
2162066,2,0,0_okno_n2
2162092,3,0,0_okno_n1
2162118,0,0,0_okno_n1
2162132,3,0,0_okno_n2
2162150,2,0,0_okno_n2
2162160,4,0,0_okno_n3-4
2162164,4,0,0_okno_n1
2162185,0,0,0_okno_n2
2162196,3,0,0_okno_n1
2162200,0,0,0_okno_n1
2162204,2,0,0_okno_n1
2162212,3,0,0_okno_n1
2162214,2,0,0_okno_n1
2162215,3,0,0_okno_n1
2162218,0,0,0_okno_n1
2162250,1,0,0_okno_n2
2162252,0,0,0_okno_n1
2162261,0,0,0_okno_n1
2162266,2,0,0_okno_n2
2162271,3,0,0_okno_n1
2162273,3,1,1_okno_n1
2162281,3,0,0_okno_n2
2162285,2,0,0_okno_n1
2162289,4,0,0_okno_n2
2162292,0,0,0_okno_n3-4
2162295,1,0,0_okno_n1
2162297,1,0,0_okno_n1
2162302,4,0,0_okno_n1
2162309,4,0,0_okno_n1
2162320,4,0,0_okno_n1
2162347,0,0,0_okno_n1
2162350,2,0,0_okno_n1
2162354,4,0,0_okno_n1
2162359,3,0,0_okno_n1
2162361,0,0,0_okno_n1
2162364,3,0,0_okno_n2
2162367,2,0,0_okno_n3-4
2162369,1,0,0_okno_n3-4
2162400,2,0,0_okno_n1
2162431,3,0,0_okno_n2
2162454,3,0,0_okno_n5+
2162488,1,0,0_okno_n1
2162534,4,0,0_okno_n1
2162538,4,0,0_okno_n1
2162543,1,0,0_okno_n1
2162564,2,0,0_okno_n3-4
2162586,3,0,0_okno_n1
2162589,1,0,0_okno_n3-4
2162598,4,0,0_okno_n1
2162600,1,0,0_okno_n3-4
2162604,4,0,0_okno_n5+
2162610,0,0,0_okno_n1
2162611,0,0,0_okno_n1
2162618,0,0,0_okno_n3-4
2162623,4,0,0_okno_n1
2162627,2,0,0_okno_n1
2162628,2,0,0_okno_n2
2162630,0,0,0_okno_n2
2162631,0,0,0_okno_n2
2162648,3,0,0_okno_n1
2162682,1,0,0_okno_n1
2162683,3,0,0_okno_n2
2162711,0,0,0_okno_n3-4
2162753,1,0,0_okno_n2
2162754,2,0,0_okno_n2
2162758,0,0,0_okno_n1
2162769,4,0,0_okno_n3-4
2162786,0,0,0_okno_n3-4
2162788,1,0,0_okno_n3-4
2162793,0,0,0_okno_n1
2162797,2,0,0_okno_n1
2162823,1,0,0_okno_n1
2162841,1,0,0_okno_n2
2162845,1,0,0_okno_n1
2162847,4,0,0_okno_n2
2162850,2,0,0_okno_n1
2162852,3,0,0_okno_n1
2162862,4,0,0_okno_n1
2162863,4,0,0_okno_n2
2162864,0,0,0_okno_n3-4
2162876,4,0,0_okno_n2
2162910,3,0,0_okno_n2
2162916,2,0,0_okno_n1
2162925,0,0,0_okno_n2
2162944,4,0,0_okno_n3-4
2162955,3,0,0_okno_n1
2162958,0,0,0_okno_n1
2162972,1,0,0_okno_n1
2163002,1,0,0_okno_n2
2163011,2,0,0_okno_n3-4
2163027,3,0,0_okno_n1
2163032,1,0,0_okno_n1
2163059,2,0,0_okno_n1
2163084,1,0,0_okno_n1
2163088,4,0,0_okno_n1
2163090,1,0,0_okno_n1
2163098,2,0,0_okno_n1
2163101,4,0,0_okno_n1
2163108,4,0,0_okno_n5+
2163118,0,0,0_okno_n2
2163144,4,0,0_okno_n1
2163151,4,0,0_okno_n2
2163164,0,0,0_okno_n3-4
2163180,0,0,0_okno_n1
2163217,4,0,0_okno_n2
2163236,2,1,1_okno_n2
2163237,4,0,0_okno_n3-4
2163246,1,0,0_okno_n3-4
2163286,4,0,0_okno_n2
2163292,3,0,0_okno_n5+
2163296,2,0,0_okno_n1
2163334,3,0,0_okno_n2
2163339,4,0,0_okno_n1
2163371,2,0,0_okno_n5+
2163374,2,0,0_okno_n1
2163375,1,0,0_okno_n3-4
2163381,1,0,0_okno_n2
2163385,3,0,0_okno_n3-4
2163387,1,0,0_okno_n5+
2163389,0,0,0_okno_n2
2163392,2,0,0_okno_n1
2163397,3,0,0_okno_n2
2163399,0,0,0_okno_n3-4
2163402,3,0,0_okno_n3-4
2163403,4,0,0_okno_n1
2163405,4,0,0_okno_n1
2163407,2,0,0_okno_n2
2163423,2,0,0_okno_n3-4
2163514,4,0,0_okno_n1
2163518,2,0,0_okno_n1
2163528,2,1,1_pozaokno_n1
2163565,4,0,0_okno_n1
2163591,3,0,0_okno_n1
2163594,3,0,0_okno_n2
2163598,3,0,0_okno_n1
2163603,2,0,0_okno_n1
2163604,3,0,0_okno_n1
2163606,0,0,0_okno_n2
2163607,2,0,0_okno_n2
2163608,4,0,0_okno_n1
2163610,1,0,0_okno_n2
2163612,1,0,0_okno_n2
2163620,2,0,0_okno_n1
2163623,3,0,0_okno_n3-4
2163627,1,0,0_okno_n5+
2163632,1,0,0_okno_n1
2163639,1,0,0_okno_n2
2163643,2,0,0_okno_n2
2163644,1,0,0_okno_n3-4
2163648,1,0,0_okno_n3-4
2163652,1,0,0_okno_n1
2163660,1,0,0_okno_n2
2163663,4,0,0_okno_n3-4
2163706,4,0,0_okno_n3-4
2163724,4,0,0_okno_n1
2163726,2,0,0_okno_n1
2163728,4,0,0_okno_n2
2163729,2,0,0_okno_n1
2163730,3,0,0_okno_n1
2163733,0,0,0_okno_n1
2163736,3,0,0_okno_n1
2163750,3,0,0_okno_n2
2163757,1,0,0_okno_n2
2163763,0,0,0_okno_n2
2163819,4,0,0_okno_n2
2163833,3,0,0_okno_n1
2163838,1,0,0_okno_n2
2163840,3,0,0_okno_n1
2163842,4,0,0_okno_n1
2163861,0,0,0_okno_n1
2163869,3,0,0_okno_n1
2163871,1,0,0_okno_n1
2163888,2,0,0_okno_n2
2163910,0,0,0_okno_n1
2163965,4,0,0_okno_n2
2163982,0,0,0_okno_n3-4
2163990,2,0,0_okno_n1
2163999,3,0,0_okno_n1
2164001,0,0,0_okno_n1
2164003,2,0,0_okno_n1
2164007,0,0,0_okno_n1
2164013,3,0,0_okno_n3-4
2164016,1,0,0_okno_n2
2164046,3,0,0_okno_n1
2164092,2,0,0_okno_n2
2164134,3,0,0_okno_n2
2164163,0,0,0_okno_n1
2164219,4,0,0_okno_n3-4
2164239,4,0,0_okno_n1
2164249,2,0,0_okno_n1
2164250,0,0,0_okno_n2
2164255,2,0,0_okno_n1
2164257,1,0,0_okno_n2
2164265,0,0,0_okno_n1
2164277,0,0,0_okno_n2
2164278,0,0,0_okno_n1
2164280,4,0,0_okno_n1
2164286,0,0,0_okno_n1
2164288,1,0,0_okno_n3-4
2164291,0,0,0_okno_n5+
2164303,3,0,0_okno_n1
2164312,3,0,0_okno_n1
2164317,2,0,0_okno_n2
2164345,1,0,0_okno_n2
2164356,4,0,0_okno_n2
2164360,0,0,0_okno_n1
2164363,1,0,0_okno_n2
2164371,4,0,0_okno_n3-4
2164432,1,0,0_okno_n1
2164436,0,0,0_okno_n1
2164442,0,0,0_okno_n3-4
2164451,4,0,0_okno_n2
2164468,2,0,0_okno_n1
2164472,3,0,0_okno_n1
2164477,2,0,0_okno_n5+
2164483,4,0,0_okno_n1
2164504,3,0,0_okno_n1
2164505,0,0,0_okno_n1
2164508,4,0,0_okno_n1
2164518,1,0,0_okno_n2
2164533,2,0,0_okno_n2
2164536,4,0,0_okno_n1
2164542,1,0,0_okno_n2
2164545,3,0,0_okno_n1
2164574,4,0,0_okno_n2
2164576,1,0,0_okno_n1
2164634,2,0,0_okno_n1
2164642,4,0,0_okno_n2
2164676,3,0,0_okno_n1
2164681,4,0,0_okno_n2
2164707,3,0,0_okno_n2
2164711,4,0,0_okno_n2
2164719,2,0,0_okno_n2
2164722,3,0,0_okno_n1
2164731,4,0,0_okno_n2
2164752,1,0,0_okno_n2
2164766,2,0,0_okno_n1
2164780,3,0,0_okno_n1
2164786,0,0,0_okno_n1
2164795,1,0,0_okno_n1
2164803,2,0,0_okno_n2
2164805,0,0,0_okno_n1
2164808,2,0,0_okno_n5+
2164809,3,0,0_okno_n1
2164813,4,0,0_okno_n1
2164814,2,0,0_okno_n1
2164817,2,0,0_okno_n1
2164819,4,0,0_okno_n2
2164820,3,0,0_okno_n2
2164822,2,0,0_okno_n3-4
2164824,1,0,0_okno_n1
2164826,0,0,0_okno_n2
2164828,4,0,0_okno_n1
2164829,0,0,0_okno_n2
2164834,1,0,0_okno_n1
2164876,2,0,0_okno_n5+
2164916,0,0,0_okno_n3-4
2164996,0,0,0_okno_n2
2165006,2,0,0_okno_n3-4
2165023,2,0,0_okno_n1
2165036,3,0,0_okno_n1
2165043,1,0,0_okno_n2
2165047,2,0,0_okno_n1
2165051,2,0,0_okno_n1
2165060,3,0,0_okno_n1
2165064,3,0,0_okno_n2
2165069,3,0,0_okno_n2
2165078,1,0,0_okno_n2
2165083,0,0,0_okno_n3-4
2165099,0,0,0_okno_n1
2165100,3,0,0_okno_n2
2165101,1,0,0_okno_n1
2165105,0,0,0_okno_n1
2165107,1,0,0_okno_n1
2165108,0,0,0_okno_n1
2165114,3,0,0_okno_n1
2165115,0,0,0_okno_n1
2165118,1,1,1_pozaokno_n1
2165121,4,0,0_okno_n1
2165122,4,0,0_okno_n5+
2165124,0,0,0_okno_n1
2165130,1,0,0_okno_n2
2165133,3,0,0_okno_n1
2165140,1,0,0_okno_n1
2165142,1,0,0_okno_n1
2165144,4,0,0_okno_n1
2165147,2,0,0_okno_n1
2165156,3,0,0_okno_n2
2165157,1,0,0_okno_n2
2165158,4,0,0_okno_n3-4
2165163,3,0,0_okno_n1
2165173,2,0,0_okno_n3-4
2165175,0,0,0_okno_n1
2165181,2,0,0_okno_n1
2165198,2,0,0_okno_n1
2165209,2,0,0_okno_n1
2165214,4,0,0_okno_n1
2165225,3,0,0_okno_n1
2165233,1,0,0_okno_n1
2165244,1,0,0_okno_n1
2165247,2,0,0_okno_n1
2165252,0,0,0_okno_n3-4
2165254,0,0,0_okno_n1
2165257,4,0,0_okno_n1
2165269,2,0,0_okno_n1
2165283,0,0,0_okno_n1
2165287,3,0,0_okno_n1
2165291,4,0,0_okno_n2
2165371,3,0,0_okno_n2
2165410,0,0,0_okno_n1
2165421,4,0,0_okno_n1
2165429,3,0,0_okno_n3-4
2165449,3,0,0_okno_n1
2165468,1,0,0_okno_n1
2165482,1,0,0_okno_n1
2165503,2,0,0_okno_n1
2165504,2,0,0_okno_n1
2165508,3,0,0_okno_n1
2165523,1,0,0_okno_n2
2165524,0,0,0_okno_n1
2165598,4,0,0_okno_n1
2165610,4,0,0_okno_n1
2165677,0,0,0_okno_n1
2165699,4,0,0_okno_n1
2165744,3,0,0_okno_n2
2165788,1,0,0_okno_n1
2165791,3,0,0_okno_n1
2165800,0,0,0_okno_n1
2165801,0,0,0_okno_n5+
2165802,4,0,0_okno_n1
2165809,1,0,0_okno_n1
2165811,4,0,0_okno_n1
2165812,2,0,0_okno_n2
2165834,4,0,0_okno_n3-4
2165873,1,0,0_okno_n1
2165876,0,0,0_okno_n1
2165879,2,0,0_okno_n1
2165885,3,0,0_okno_n1
2165914,3,0,0_okno_n1
2165934,1,0,0_okno_n1
2165978,3,0,0_okno_n2
2165992,1,0,0_okno_n1
2166008,0,0,0_okno_n2
2166016,3,0,0_okno_n2
2166035,4,0,0_okno_n1
2166047,0,0,0_okno_n1
2166048,2,0,0_okno_n1
2166057,4,0,0_okno_n1
2166061,0,0,0_okno_n1
2166064,1,0,0_okno_n1
2166067,0,0,0_okno_n2
2166069,4,0,0_okno_n2
2166071,3,0,0_okno_n3-4
2166077,1,0,0_okno_n2
2166082,2,0,0_okno_n1
2166111,2,0,0_okno_n5+
2166130,2,0,0_okno_n5+
2166159,0,0,0_okno_n1
2166190,4,0,0_okno_n2
2166199,2,0,0_okno_n1
2166206,2,0,0_okno_n1
2166235,4,0,0_okno_n1
2166242,2,0,0_okno_n2
2166257,3,0,0_okno_n1
2166270,0,0,0_okno_n1
2166279,3,0,0_okno_n1
2166291,3,0,0_okno_n1
2166292,0,0,0_okno_n2
2166297,1,0,0_okno_n2
2166306,1,0,0_okno_n2
2166311,3,0,0_okno_n2
2166312,1,0,0_okno_n1
2166319,0,0,0_okno_n1
2166322,2,0,0_okno_n1
2166325,0,0,0_okno_n1
2166327,4,0,0_okno_n1
2166364,4,0,0_okno_n1
2166375,1,0,0_okno_n1
2166382,1,0,0_okno_n2
2166414,3,0,0_okno_n1
2166437,3,0,0_okno_n1
2166456,3,0,0_okno_n2
2166458,3,0,0_okno_n1
2166469,2,0,0_okno_n2
2166491,0,0,0_okno_n2
2166508,0,0,0_okno_n1
2166511,2,0,0_okno_n1
2166529,2,0,0_okno_n1
2166531,0,0,0_okno_n1
2166555,2,0,0_okno_n1
2166567,4,0,0_okno_n2
2166570,0,0,0_okno_n2
2166572,1,0,0_okno_n5+
2166576,4,0,0_okno_n1
2166593,1,0,0_okno_n2
2166604,0,0,0_okno_n1
2166607,1,0,0_okno_n2
2166610,4,0,0_okno_n1
2166618,3,0,0_okno_n1
2166629,1,0,0_okno_n1
2166636,4,0,0_okno_n2
2166643,2,0,0_okno_n2
2166644,3,0,0_okno_n2
2166672,1,0,0_okno_n1
2166701,4,0,0_okno_n1
2166707,1,0,0_okno_n1
2166719,2,0,0_okno_n1
2166730,0,0,0_okno_n1
2166731,1,0,0_okno_n1
2166739,2,0,0_okno_n1
2166753,4,0,0_okno_n1
2166771,0,0,0_okno_n1
2166790,3,0,0_okno_n1
2166792,0,0,0_okno_n1
2166819,2,0,0_okno_n1
2166828,2,0,0_okno_n1
2166860,3,0,0_okno_n1
2166871,4,0,0_okno_n1
2166907,2,0,0_okno_n1
2166913,0,0,0_okno_n1
2166919,3,0,0_okno_n5+
2166920,0,0,0_okno_n1
2166923,1,1,1_pozaokno_n1
2166969,0,0,0_okno_n1
2166973,2,0,0_okno_n2
2166975,3,0,0_okno_n1
2166979,0,0,0_okno_n5+
2166988,4,0,0_okno_n1
2166994,0,0,0_okno_n3-4
2166995,2,0,0_okno_n3-4
2166999,2,0,0_okno_n1
2167006,2,0,0_okno_n2
2167010,1,0,0_okno_n1
2167014,3,0,0_okno_n3-4
2167017,3,0,0_okno_n1
2167019,1,0,0_okno_n2
2167024,3,0,0_okno_n3-4
2167027,0,0,0_okno_n2
2167028,2,0,0_okno_n5+
2167108,3,0,0_okno_n2
2167112,3,0,0_okno_n1
2167153,0,0,0_okno_n1
2167158,3,0,0_okno_n3-4
2167160,3,0,0_okno_n5+
2167176,3,0,0_okno_n3-4
2167179,4,0,0_okno_n1
2167214,1,0,0_okno_n1
2167220,4,0,0_okno_n1
2167242,3,0,0_okno_n1
2167252,3,0,0_okno_n1
2167265,0,1,1_pozaokno_n1
2167267,0,0,0_okno_n1
2167278,4,0,0_okno_n3-4
2167281,4,0,0_okno_n1
2167293,4,0,0_okno_n1
2167310,1,0,0_okno_n1
2167344,4,0,0_okno_n2
2167345,3,0,0_okno_n2
2167346,2,0,0_okno_n1
2167353,1,0,0_okno_n5+
2167378,4,0,0_okno_n1
2167395,2,0,0_okno_n3-4
2167400,0,0,0_okno_n1
2167412,3,0,0_okno_n1
2167418,2,0,0_okno_n2
2167422,1,0,0_okno_n1
2167432,1,0,0_okno_n2
2167459,4,0,0_okno_n2
2167467,1,0,0_okno_n3-4
2167471,0,0,0_okno_n2
2167507,4,0,0_okno_n1
2167521,3,0,0_okno_n3-4
2167525,0,0,0_okno_n2
2167529,0,0,0_okno_n2
2167543,4,0,0_okno_n1
2167574,4,0,0_okno_n1
2167577,2,0,0_okno_n2
2167584,0,0,0_okno_n1
2167586,0,0,0_okno_n2
2167589,3,0,0_okno_n5+
2167608,3,0,0_okno_n1
2167610,2,0,0_okno_n1
2167617,2,0,0_okno_n1
2167622,4,0,0_okno_n1
2167628,4,0,0_okno_n3-4
2167630,0,0,0_okno_n1
2167640,2,0,0_okno_n3-4
2167705,2,0,0_okno_n3-4
2167714,2,0,0_okno_n1
2167736,4,0,0_okno_n1
2167740,0,0,0_okno_n3-4
2167753,3,0,0_okno_n1
2167761,2,0,0_okno_n1
2167775,1,0,0_okno_n1
2167818,2,0,0_okno_n1
2167821,2,0,0_okno_n5+
2167839,1,0,0_okno_n1
2167851,4,0,0_okno_n2
2167852,0,0,0_okno_n1
2167862,3,0,0_okno_n1
2167865,1,0,0_okno_n1
2167883,1,0,0_okno_n2
2167885,4,0,0_okno_n1
2167891,1,0,0_okno_n2
2167893,4,0,0_okno_n1
2167902,1,0,0_okno_n2
2167905,2,0,0_okno_n1
2167919,2,0,0_okno_n1
2167928,3,0,0_okno_n3-4
2167930,1,0,0_okno_n1
2167935,4,0,0_okno_n2
2167936,1,0,0_okno_n1
2167938,3,0,0_okno_n3-4
2167971,4,0,0_okno_n2
2167987,4,0,0_okno_n2
2167996,2,0,0_okno_n1
2168003,4,0,0_okno_n1
2168026,1,0,0_okno_n3-4
2168065,0,0,0_okno_n2
2168090,2,0,0_okno_n1
2168098,0,0,0_okno_n1
2168108,0,0,0_okno_n2
2168131,1,0,0_okno_n1
2168147,1,0,0_okno_n1
2168176,3,0,0_okno_n1
2168181,4,0,0_okno_n1
2168186,0,0,0_okno_n1
2168189,0,0,0_okno_n2
2168193,4,0,0_okno_n3-4
2168205,1,0,0_okno_n1
2168211,0,0,0_okno_n1
2168214,4,0,0_okno_n2
2168218,2,0,0_okno_n1
2168219,0,0,0_okno_n2
2168222,0,0,0_okno_n1
2168224,4,0,0_okno_n5+
2168229,2,0,0_okno_n1
2168232,3,0,0_okno_n1
2168237,3,0,0_okno_n2
2168240,4,0,0_okno_n5+
2168268,3,0,0_okno_n1
2168272,4,0,0_okno_n1
2168323,4,0,0_okno_n3-4
2168345,3,0,0_okno_n1
2168350,4,0,0_okno_n1
2168352,4,0,0_okno_n1
2168361,2,0,0_okno_n1
2168366,0,0,0_okno_n1
2168377,3,0,0_okno_n3-4
2168415,4,0,0_okno_n1
2168453,3,0,0_okno_n3-4
2168455,0,0,0_okno_n1
2168482,0,0,0_okno_n1
2168484,0,0,0_okno_n1
2168521,4,0,0_okno_n3-4
2168544,1,0,0_okno_n1
2168553,2,0,0_okno_n1
2168562,2,0,0_okno_n1
2168568,2,0,0_okno_n1
2168570,4,0,0_okno_n2
2168575,0,0,0_okno_n1
2168585,0,0,0_okno_n1
2168596,0,0,0_okno_n1
2168600,4,0,0_okno_n1
2168611,3,0,0_okno_n1
2168613,2,0,0_okno_n1
2168615,4,0,0_okno_n2
2168618,2,0,0_okno_n2
2168620,2,0,0_okno_n1
2168623,3,0,0_okno_n1
2168691,0,0,0_okno_n2
2168728,0,0,0_okno_n1
2168751,4,0,0_okno_n1
2168776,3,0,0_okno_n3-4
2168800,3,0,0_okno_n1
2168811,3,0,0_okno_n1
2168818,2,0,0_okno_n1
2168834,4,0,0_okno_n1
2168840,2,0,0_okno_n2
2168848,0,0,0_okno_n1
2168864,0,0,0_okno_n1
2168868,2,0,0_okno_n2
2168870,0,0,0_okno_n2
2168873,2,0,0_okno_n3-4
2168875,1,0,0_okno_n1
2168880,2,0,0_okno_n1
2168891,0,0,0_okno_n1
2168892,1,0,0_okno_n2
2168894,3,0,0_okno_n1
2168897,4,0,0_okno_n1
2168901,1,0,0_okno_n1
2168902,2,0,0_okno_n1
2168903,3,0,0_okno_n1
2168907,3,0,0_okno_n1
2168913,2,0,0_okno_n1
2168953,0,0,0_okno_n1
2168973,2,1,1_pozaokno_n1
2168978,2,0,0_okno_n5+
2169022,2,0,0_okno_n1
2169056,3,0,0_okno_n1
2169059,4,0,0_okno_n2
2169073,4,0,0_okno_n1
2169123,4,0,0_okno_n1
2169126,0,0,0_okno_n3-4
2169139,4,0,0_okno_n5+
2169143,3,0,0_okno_n3-4
2169146,4,0,0_okno_n3-4
2169187,1,0,0_okno_n1
2169189,3,0,0_okno_n5+
2169191,3,0,0_okno_n1
2169193,4,0,0_okno_n2
2169197,0,0,0_okno_n1
2169198,4,0,0_okno_n3-4
2169200,4,0,0_okno_n1
2169205,4,0,0_okno_n1
2169207,2,0,0_okno_n1
2169211,1,0,0_okno_n2
2169214,2,0,0_okno_n1
2169215,1,0,0_okno_n5+
2169220,1,0,0_okno_n1
2169223,0,0,0_okno_n5+
2169224,4,0,0_okno_n1
2169226,1,0,0_okno_n3-4
2169233,4,0,0_okno_n1
2169252,0,0,0_okno_n1
2169256,2,0,0_okno_n2
2169278,4,0,0_okno_n1
2169294,2,0,0_okno_n1
2169296,1,0,0_okno_n1
2169300,4,0,0_okno_n1
2169344,2,0,0_okno_n1
2169379,2,0,0_okno_n3-4
2169411,4,0,0_okno_n3-4
2169418,2,0,0_okno_n1
2169469,0,0,0_okno_n1
2169480,4,0,0_okno_n1
2169492,4,0,0_okno_n1
2169495,2,0,0_okno_n2
2169505,4,0,0_okno_n2
2169506,3,0,0_okno_n2
2169508,0,0,0_okno_n1
2169534,3,0,0_okno_n2
2169557,0,0,0_okno_n1
2169651,0,0,0_okno_n2
2169655,1,0,0_okno_n1
2169658,1,0,0_okno_n1
2169660,4,0,0_okno_n2
2169666,2,0,0_okno_n3-4
2169680,3,0,0_okno_n1
2169718,0,0,0_okno_n1
2169720,2,0,0_okno_n1
2169723,4,0,0_okno_n3-4
2169735,4,0,0_okno_n5+
2169745,0,0,0_okno_n3-4
2169751,0,0,0_okno_n1
2169753,0,0,0_okno_n1
2169757,4,0,0_okno_n2
2169762,3,0,0_okno_n2
2169765,3,0,0_okno_n2
2169768,1,0,0_okno_n1
2169772,2,0,0_okno_n1
2169779,2,0,0_okno_n3-4
2169780,3,0,0_okno_n2
2169783,4,0,0_okno_n2
2169784,2,0,0_okno_n1
2169788,3,0,0_okno_n1
2169795,2,0,0_okno_n3-4
2169797,2,0,0_okno_n1
2169801,3,0,0_okno_n2
2169803,4,0,0_okno_n1
2169806,4,0,0_okno_n1
2169842,1,0,0_okno_n5+
2169845,1,0,0_okno_n1
2169874,1,0,0_okno_n1
2169879,0,0,0_okno_n1
2169881,4,0,0_okno_n2
2169891,1,0,0_okno_n2
2169895,1,0,0_okno_n1
2169902,3,0,0_okno_n1
2169905,3,0,0_okno_n2
2169927,2,0,0_okno_n1
2169978,1,0,0_okno_n3-4
2170006,0,0,0_okno_n1
2170086,1,0,0_okno_n1
2170090,0,0,0_okno_n2
2170106,3,0,0_okno_n1
2170109,1,0,0_okno_n2
2170138,1,0,0_okno_n1
2170147,2,0,0_okno_n1
2170148,0,0,0_okno_n1
2170165,3,0,0_okno_n1
2170172,0,0,0_okno_n1
2170181,2,0,0_okno_n1
2170183,1,0,0_okno_n2
2170188,0,0,0_okno_n1
2170201,4,0,0_okno_n1
2170203,3,0,0_okno_n1
2170204,3,0,0_okno_n3-4
2170226,1,0,0_okno_n1
2170233,3,0,0_okno_n1
2170253,2,0,0_okno_n2
2170305,4,0,0_okno_n1
2170318,1,0,0_okno_n2
2170329,3,0,0_okno_n3-4
2170386,4,0,0_okno_n2
2170388,2,0,0_okno_n2
2170409,0,0,0_okno_n1
2170413,4,0,0_okno_n2
2170418,4,0,0_okno_n2
2170438,2,0,0_okno_n1
2170456,1,0,0_okno_n1
2170461,1,0,0_okno_n1
2170476,2,0,0_okno_n1
2170479,4,0,0_okno_n1
2170481,4,0,0_okno_n2
2170483,0,0,0_okno_n1
2170489,2,0,0_okno_n1
2170516,4,0,0_okno_n1
2170523,2,0,0_okno_n1
2170542,4,0,0_okno_n2
2170566,4,0,0_okno_n1
2170625,0,0,0_okno_n3-4
2170632,4,0,0_okno_n2
2170637,0,0,0_okno_n1
2170642,1,0,0_okno_n1
2170664,4,0,0_okno_n1
2170691,1,0,0_okno_n1
2170697,1,0,0_okno_n2
2170698,1,0,0_okno_n1
2170708,1,0,0_okno_n2
2170728,2,0,0_okno_n5+
2170732,4,0,0_okno_n2
2170735,3,0,0_okno_n1
2170747,2,1,1_pozaokno_n5+
2170748,0,0,0_okno_n1
2170749,4,0,0_okno_n1
2170750,0,0,0_okno_n2
2170759,0,0,0_okno_n1
2170761,4,0,0_okno_n1
2170770,1,0,0_okno_n1
2170798,1,0,0_okno_n1
2170807,2,1,1_okno_n5+
2170811,4,0,0_okno_n3-4
2170834,4,0,0_okno_n2
2170845,2,0,0_okno_n1
2170891,1,0,0_okno_n2
2170977,1,0,0_okno_n5+
2170986,4,0,0_okno_n2
2170991,2,0,0_okno_n2
2171008,2,0,0_okno_n2
2171021,0,0,0_okno_n1
2171027,4,0,0_okno_n1
2171029,1,0,0_okno_n2
2171030,4,0,0_okno_n2
2171032,2,0,0_okno_n1
2171035,3,0,0_okno_n1
2171040,3,0,0_okno_n1
2171043,1,0,0_okno_n5+
2171047,0,0,0_okno_n3-4
2171066,4,0,0_okno_n2
2171100,3,0,0_okno_n1
2171112,4,0,0_okno_n1
2171120,0,0,0_okno_n2
2171123,0,0,0_okno_n1
2171162,4,0,0_okno_n2
2171184,2,0,0_okno_n1
2171186,2,0,0_okno_n2
2171190,4,0,0_okno_n1
2171194,4,0,0_okno_n3-4
2171204,3,0,0_okno_n2
2171243,0,0,0_okno_n2
2171248,3,0,0_okno_n3-4
2171251,3,0,0_okno_n2
2171255,4,0,0_okno_n1
2171263,0,0,0_okno_n2
2171265,3,0,0_okno_n1
2171266,4,0,0_okno_n1
2171268,1,0,0_okno_n1
2171273,1,0,0_okno_n1
2171274,3,0,0_okno_n2
2171280,1,0,0_okno_n1
2171311,1,0,0_okno_n1
2171315,2,0,0_okno_n1
2171319,3,1,1_okno_n3-4
2171320,4,0,0_okno_n1
2171338,0,0,0_okno_n2
2171340,4,0,0_okno_n1
2171341,2,0,0_okno_n1
2171343,3,0,0_okno_n1
2171344,4,0,0_okno_n1
2171345,3,0,0_okno_n1
2171346,4,0,0_okno_n1
2171364,2,0,0_okno_n1
2171392,1,0,0_okno_n1
2171401,3,0,0_okno_n1
2171414,2,0,0_okno_n1
2171418,2,0,0_okno_n2
2171427,0,0,0_okno_n1
2171434,0,0,0_okno_n1
2171440,2,0,0_okno_n1
2171458,4,0,0_okno_n1
2171464,1,0,0_okno_n3-4
2171514,1,0,0_okno_n2
2171519,1,0,0_okno_n1
2171536,4,0,0_okno_n1
2171548,3,0,0_okno_n1
2171578,1,0,0_okno_n1
2171590,4,0,0_okno_n1
2171591,0,0,0_okno_n1
2171617,4,0,0_okno_n1
2171664,4,0,0_okno_n1
2171669,4,0,0_okno_n1
2171677,3,0,0_okno_n1
2171703,3,0,0_okno_n3-4
2171704,3,0,0_okno_n1
2171707,0,0,0_okno_n1
2171728,1,0,0_okno_n1
2171734,2,0,0_okno_n1
2171739,4,0,0_okno_n1
2171744,3,0,0_okno_n1
2171749,0,0,0_okno_n1
2171755,4,0,0_okno_n2
2171774,1,0,0_okno_n1
2171787,3,0,0_okno_n1
2171853,1,0,0_okno_n2
2171872,0,0,0_okno_n5+
2171918,2,0,0_okno_n1
2171934,4,0,0_okno_n1
2171947,3,0,0_okno_n1
2171974,1,0,0_okno_n2
2171982,3,0,0_okno_n2
2171984,3,0,0_okno_n3-4
2171996,2,0,0_okno_n1
2172004,1,0,0_okno_n1
2172011,0,0,0_okno_n2
2172012,0,0,0_okno_n1
2172015,3,0,0_okno_n1
2172022,4,0,0_okno_n2
2172035,4,0,0_okno_n1
2172049,1,0,0_okno_n2
2172077,2,0,0_okno_n3-4
2172086,0,0,0_okno_n1
2172093,0,0,0_okno_n1
2172095,2,0,0_okno_n1
2172101,0,0,0_okno_n2
2172120,0,0,0_okno_n1
2172148,0,0,0_okno_n1
2172176,2,0,0_okno_n1
2172199,3,0,0_okno_n1
2172200,3,0,0_okno_n1
2172217,0,0,0_okno_n3-4
2172219,3,0,0_okno_n1
2172226,0,0,0_okno_n1
2172233,3,0,0_okno_n2
2172234,0,0,0_okno_n3-4
2172246,3,0,0_okno_n1
2172250,3,0,0_okno_n1
2172251,3,0,0_okno_n1
2172255,0,0,0_okno_n1
2172257,3,0,0_okno_n2
2172260,4,0,0_okno_n2
2172265,0,0,0_okno_n1
2172268,1,0,0_okno_n2
2172270,3,0,0_okno_n1
2172300,1,0,0_okno_n1
2172327,2,0,0_okno_n1
2172352,0,0,0_okno_n1
2172395,1,0,0_okno_n1
2172440,2,0,0_okno_n1
2172443,1,0,0_okno_n3-4
2172454,3,0,0_okno_n3-4
2172455,4,0,0_okno_n1
2172487,0,0,0_okno_n1
2172508,4,0,0_okno_n2
2172510,2,0,0_okno_n2
2172514,1,0,0_okno_n1
2172516,0,0,0_okno_n1
2172518,4,0,0_okno_n2
2172519,1,0,0_okno_n1
2172541,4,0,0_okno_n1
2172544,1,0,0_okno_n1
2172569,1,0,0_okno_n3-4
2172599,2,0,0_okno_n1
2172605,1,0,0_okno_n1
2172631,3,0,0_okno_n2
2172717,0,0,0_okno_n5+
2172730,2,0,0_okno_n1
2172738,4,0,0_okno_n2
2172749,2,0,0_okno_n1
2172755,1,0,0_okno_n1
2172763,2,0,0_okno_n2
2172778,3,0,0_okno_n1
2172782,3,1,1_okno_n1
2172787,1,0,0_okno_n1
2172796,2,0,0_okno_n2
2172805,3,0,0_okno_n1
2172808,1,0,0_okno_n1
2172810,4,0,0_okno_n1
2172815,2,0,0_okno_n1
2172817,0,1,1_okno_n3-4
2172819,2,0,0_okno_n2
2172827,3,0,0_okno_n1
2172829,3,0,0_okno_n2
2172835,3,0,0_okno_n1
2172845,1,0,0_okno_n1
2172852,1,0,0_okno_n1
2172853,4,0,0_okno_n1
2172858,4,0,0_okno_n1
2172860,2,0,0_okno_n1
2172862,2,0,0_okno_n2
2172868,3,0,0_okno_n1
2172869,0,0,0_okno_n2
2172872,2,0,0_okno_n2
2172880,4,0,0_okno_n1
2172881,2,0,0_okno_n1
2172882,1,0,0_okno_n2
2172887,4,0,0_okno_n3-4
2172893,1,0,0_okno_n1
2172895,3,0,0_okno_n1
2172897,2,0,0_okno_n2
2172901,1,0,0_okno_n1
2172902,4,0,0_okno_n2
2172910,2,0,0_okno_n1
2172984,3,0,0_okno_n1
2172989,0,0,0_okno_n1
2172995,2,0,0_okno_n1
2172997,3,0,0_okno_n1
2173005,4,0,0_okno_n2
2173026,2,0,0_okno_n3-4
2173065,2,0,0_okno_n1
2173081,0,0,0_okno_n1
2173101,0,0,0_okno_n3-4
2173106,3,0,0_okno_n2
2173132,1,0,0_okno_n2
2173135,0,0,0_okno_n1
2173151,0,0,0_okno_n2
2173166,2,1,1_pozaokno_n5+
2173201,0,0,0_okno_n1
2173244,2,0,0_okno_n1
2173275,2,0,0_okno_n1
2173292,3,0,0_okno_n1
2173294,3,0,0_okno_n1
2173298,2,0,0_okno_n1
2173300,1,0,0_okno_n1
2173302,1,0,0_okno_n3-4
2173312,1,0,0_okno_n1
2173319,0,0,0_okno_n1
2173320,0,0,0_okno_n1
2173344,0,0,0_okno_n3-4
2173356,3,0,0_okno_n1
2173412,0,0,0_okno_n1
2173415,2,0,0_okno_n1
2173445,0,0,0_okno_n1
2173548,4,0,0_okno_n1
2173565,0,0,0_okno_n2
2173569,3,0,0_okno_n1
2173582,1,0,0_okno_n1
2173585,2,0,0_okno_n1
2173586,3,0,0_okno_n1
2173590,1,0,0_okno_n1
2173598,1,0,0_okno_n2
2173604,3,0,0_okno_n1
2173609,4,0,0_okno_n1
2173614,1,0,0_okno_n1
2173618,1,0,0_okno_n1
2173622,3,0,0_okno_n2
2173625,0,0,0_okno_n1
2173627,0,0,0_okno_n3-4
2173632,2,0,0_okno_n1
2173642,0,0,0_okno_n2
2173681,3,0,0_okno_n2
2173734,2,0,0_okno_n1
2173762,0,0,0_okno_n5+
2173770,2,0,0_okno_n1
2173773,0,0,0_okno_n1
2173781,2,0,0_okno_n1
2173785,0,0,0_okno_n1
2173810,2,0,0_okno_n2
2173821,0,0,0_okno_n1
2173842,2,0,0_okno_n1
2173850,4,1,1_okno_n1
2173851,0,0,0_okno_n3-4
2173859,0,0,0_okno_n1
2173877,0,0,0_okno_n1
2173879,1,0,0_okno_n5+
2173891,0,0,0_okno_n1
2173903,3,0,0_okno_n2
2173921,4,0,0_okno_n1
2173931,3,0,0_okno_n1
2173937,1,0,0_okno_n1
2173939,3,0,0_okno_n1
2173940,4,0,0_okno_n1
2173946,2,0,0_okno_n2
2173948,3,0,0_okno_n1
2173949,3,0,0_okno_n2
2173951,3,0,0_okno_n1
2173956,3,0,0_okno_n1
2173957,1,0,0_okno_n3-4
2173971,2,0,0_okno_n2
2174006,3,0,0_okno_n3-4
2174073,1,0,0_okno_n1
2174095,1,0,0_okno_n2
2174098,4,1,1_okno_n2
2174108,4,0,0_okno_n2
2174112,0,0,0_okno_n2
2174126,2,0,0_okno_n1
2174134,1,0,0_okno_n1
2174145,1,0,0_okno_n1
2174150,2,0,0_okno_n1
2174155,0,0,0_okno_n1
2174171,4,0,0_okno_n1
2174181,2,0,0_okno_n1
2174186,2,0,0_okno_n1
2174200,1,0,0_okno_n1
2174213,0,0,0_okno_n1
2174217,0,0,0_okno_n1
2174218,4,0,0_okno_n3-4
2174227,3,0,0_okno_n1
2174233,4,0,0_okno_n3-4
2174236,2,0,0_okno_n1
2174256,3,0,0_okno_n3-4
2174262,4,0,0_okno_n1
2174272,0,0,0_okno_n1
2174287,1,0,0_okno_n1
2174300,0,0,0_okno_n2
2174349,4,0,0_okno_n1
2174407,0,0,0_okno_n3-4
2174437,0,0,0_okno_n1
2174462,0,0,0_okno_n1
2174468,3,0,0_okno_n1
2174479,4,0,0_okno_n2
2174485,0,0,0_okno_n1
2174486,4,0,0_okno_n1
2174504,2,0,0_okno_n2
2174515,3,0,0_okno_n1
2174518,2,0,0_okno_n2
2174520,3,0,0_okno_n1
2174521,4,0,0_okno_n1
2174523,0,0,0_okno_n3-4
2174532,4,0,0_okno_n1
2174534,4,0,0_okno_n2
2174538,0,0,0_okno_n3-4
2174543,0,0,0_okno_n2
2174544,0,0,0_okno_n1
2174546,0,0,0_okno_n3-4
2174548,1,0,0_okno_n1
2174550,3,0,0_okno_n3-4
2174554,3,0,0_okno_n5+
2174556,4,0,0_okno_n1
2174557,3,0,0_okno_n1
2174561,4,0,0_okno_n1
2174563,0,0,0_okno_n1
2174565,3,0,0_okno_n2
2174571,2,0,0_okno_n1
2174584,2,0,0_okno_n2
2174586,2,0,0_okno_n1
2174596,2,0,0_okno_n1
2174600,2,0,0_okno_n5+
2174602,0,0,0_okno_n1
2174604,2,0,0_okno_n2
2174606,4,0,0_okno_n1
2174619,4,0,0_okno_n1
2174627,2,0,0_okno_n2
2174638,3,0,0_okno_n1
2174639,3,0,0_okno_n1
2174641,4,0,0_okno_n3-4
2174694,3,0,0_okno_n3-4
2174705,4,0,0_okno_n1
2174709,3,0,0_okno_n1
2174710,0,0,0_okno_n1
2174714,1,0,0_okno_n3-4
2174720,3,0,0_okno_n1
2174722,2,0,0_okno_n1
2174723,0,0,0_okno_n1
2174735,4,0,0_okno_n1
2174737,0,0,0_okno_n1
2174763,0,0,0_okno_n1
2174768,2,0,0_okno_n1
2174789,2,0,0_okno_n2
2174804,1,0,0_okno_n1
2174814,1,0,0_okno_n1
2174822,1,0,0_okno_n1
2174831,4,0,0_okno_n1
2174855,2,0,0_okno_n1
2174909,2,0,0_okno_n3-4
2174911,2,0,0_okno_n2
2174919,1,0,0_okno_n1
2174946,3,0,0_okno_n1
2174947,2,0,0_okno_n1
2174948,3,0,0_okno_n1
2174962,0,0,0_okno_n1
2174965,1,0,0_okno_n1
2174986,3,0,0_okno_n1
2175014,2,0,0_okno_n1
2175032,0,0,0_okno_n3-4
2175036,0,0,0_okno_n1
2175038,4,0,0_okno_n1
2175045,2,0,0_okno_n2
2175049,4,0,0_okno_n1
2175052,1,0,0_okno_n3-4
2175060,3,0,0_okno_n1
2175064,4,0,0_okno_n2
2175068,1,0,0_okno_n1
2175078,3,0,0_okno_n5+
2175087,4,0,0_okno_n1
2175088,2,0,0_okno_n1
2175090,2,0,0_okno_n1
2175101,3,0,0_okno_n1
2175121,4,0,0_okno_n1
2175127,0,0,0_okno_n1
2175155,2,0,0_okno_n2
2175255,4,0,0_okno_n1
2175330,0,0,0_okno_n3-4
2175352,0,0,0_okno_n2
2175354,1,1,1_okno_n1
2175357,2,0,0_okno_n1
2175359,1,0,0_okno_n1
2175361,3,0,0_okno_n2
2175373,3,0,0_okno_n2
2175386,1,0,0_okno_n1
2175404,2,0,0_okno_n2
2175405,2,0,0_okno_n2
2175417,4,0,0_okno_n2
2175426,1,0,0_okno_n2
2175441,0,0,0_okno_n2
2175446,0,0,0_okno_n2
2175477,4,0,0_okno_n1
2175490,2,0,0_okno_n1
2175501,0,0,0_okno_n2
2175520,3,0,0_okno_n2
2175527,3,0,0_okno_n1
2175562,3,0,0_okno_n1
2175591,2,0,0_okno_n2
2175612,4,0,0_okno_n1
2175613,0,0,0_okno_n1
2175621,1,0,0_okno_n1
2175624,1,0,0_okno_n1
2175658,3,0,0_okno_n2
2175663,1,0,0_okno_n1
2175668,2,0,0_okno_n1
2175682,4,0,0_okno_n1
2175688,4,0,0_okno_n1
2175696,0,0,0_okno_n1
2175707,3,0,0_okno_n1
2175711,3,0,0_okno_n1
2175741,0,0,0_okno_n1
2175757,3,0,0_okno_n2
2175790,1,0,0_okno_n2
2175836,1,0,0_okno_n1
2175865,4,1,1_okno_n2
2175875,4,0,0_okno_n1
2175884,3,0,0_okno_n2
2175897,3,0,0_okno_n1
2175918,0,0,0_okno_n1
2175932,2,0,0_okno_n5+
2175957,4,0,0_okno_n1
2175964,2,0,0_okno_n2
2175970,4,0,0_okno_n3-4
2175982,4,0,0_okno_n5+
2175983,2,0,0_okno_n1
2175993,3,0,0_okno_n3-4
2175996,0,0,0_okno_n2
2176015,1,0,0_okno_n3-4
2176019,3,0,0_okno_n3-4
2176066,2,0,0_okno_n1
2176141,3,0,0_okno_n2
2176165,4,0,0_okno_n1
2176172,0,0,0_okno_n2
2176227,3,0,0_okno_n3-4
2176230,1,0,0_okno_n1
2176237,3,0,0_okno_n1
2176255,2,0,0_okno_n1
2176259,4,0,0_okno_n2
2176274,1,0,0_okno_n2
2176277,3,0,0_okno_n2
2176288,3,0,0_okno_n1
2176290,4,0,0_okno_n2
2176297,0,0,0_okno_n2
2176304,0,0,0_okno_n2
2176309,4,0,0_okno_n1
2176310,3,0,0_okno_n1
2176319,0,0,0_okno_n1
2176327,4,0,0_okno_n1
2176328,3,0,0_okno_n2
2176335,2,0,0_okno_n5+
2176345,4,0,0_okno_n2
2176346,1,0,0_okno_n1
2176361,3,0,0_okno_n3-4
2176362,3,0,0_okno_n3-4
2176398,4,0,0_okno_n3-4
2176404,2,0,0_okno_n3-4
2176408,0,0,0_okno_n1
2176410,2,0,0_okno_n1
2176420,4,0,0_okno_n1
2176424,0,0,0_okno_n2
2176435,3,0,0_okno_n3-4
2176437,3,0,0_okno_n2
2176442,0,0,0_okno_n1
2176452,3,0,0_okno_n1
2176465,4,0,0_okno_n3-4
2176469,2,0,0_okno_n1
2176478,1,0,0_okno_n2
2176499,0,0,0_okno_n1
2176515,1,0,0_okno_n2
2176536,0,0,0_okno_n3-4
2176586,2,0,0_okno_n3-4
2176611,0,0,0_okno_n2
2176639,1,0,0_okno_n5+
2176645,0,0,0_okno_n1
2176648,0,0,0_okno_n3-4
2176681,2,0,0_okno_n1
2176690,1,0,0_okno_n1
2176699,3,0,0_okno_n1
2176710,3,0,0_okno_n1
2176714,2,0,0_okno_n1
2176721,4,0,0_okno_n1
2176731,1,0,0_okno_n1
2176741,1,0,0_okno_n3-4
2176751,3,0,0_okno_n3-4
2176756,3,0,0_okno_n1
2176772,1,0,0_okno_n1
2176807,4,0,0_okno_n1
2176887,3,0,0_okno_n1
2176891,2,0,0_okno_n2
2176954,4,0,0_okno_n1
2176966,1,0,0_okno_n1
2176974,1,0,0_okno_n1
2177002,3,0,0_okno_n1
2177028,2,0,0_okno_n1
2177035,0,0,0_okno_n1
2177039,2,0,0_okno_n3-4
2177044,4,0,0_okno_n1
2177045,4,0,0_okno_n2
2177049,4,0,0_okno_n1
2177086,0,0,0_okno_n1
2177090,1,0,0_okno_n1
2177101,1,0,0_okno_n5+
2177134,1,0,0_okno_n1
2177136,1,0,0_okno_n1
2177149,1,0,0_okno_n1
2177161,0,0,0_okno_n1
2177190,3,0,0_okno_n5+
2177198,3,0,0_okno_n1
2177220,3,0,0_okno_n3-4
2177249,4,0,0_okno_n1
2177265,4,0,0_okno_n2
2177287,4,0,0_okno_n1
2177293,2,0,0_okno_n1
2177297,1,0,0_okno_n1
2177300,2,0,0_okno_n2
2177302,1,0,0_okno_n3-4
2177306,4,0,0_okno_n1
2177307,0,0,0_okno_n1
2177312,1,0,0_okno_n2
2177314,0,0,0_okno_n1
2177316,0,0,0_okno_n1
2177317,4,0,0_okno_n5+
2177326,3,0,0_okno_n1
2177333,1,0,0_okno_n2
2177371,3,0,0_okno_n2
2177385,2,0,0_okno_n2
2177393,2,0,0_okno_n2
2177395,1,0,0_okno_n1
2177409,2,0,0_okno_n3-4
2177419,0,0,0_okno_n1
2177427,0,0,0_okno_n1
2177436,0,0,0_okno_n1
2177439,3,0,0_okno_n2
2177481,2,0,0_okno_n1
2177504,0,0,0_okno_n1
2177515,0,0,0_okno_n1
2177545,1,0,0_okno_n3-4
2177552,3,0,0_okno_n2
2177574,3,0,0_okno_n1
2177576,4,0,0_okno_n1
2177588,2,0,0_okno_n3-4
2177593,0,0,0_okno_n1
2177596,2,0,0_okno_n1
2177602,1,0,0_okno_n2
2177615,0,0,0_okno_n1
2177623,2,0,0_okno_n3-4
2177627,1,0,0_okno_n2
2177630,0,0,0_okno_n3-4
2177632,3,0,0_okno_n1
2177634,0,0,0_okno_n1
2177637,0,0,0_okno_n1
2177638,2,0,0_okno_n1
2177639,4,0,0_okno_n1
2177640,4,0,0_okno_n1
2177641,0,0,0_okno_n3-4
2177643,4,0,0_okno_n3-4
2177651,4,0,0_okno_n3-4
2177656,1,0,0_okno_n2
2177676,0,0,0_okno_n1
2177693,3,0,0_okno_n2
2177743,0,0,0_okno_n3-4
2177765,1,0,0_okno_n1
2177794,4,0,0_okno_n2
2177839,2,0,0_okno_n1
2177865,0,0,0_okno_n1
2177900,2,0,0_okno_n5+
2177920,2,0,0_okno_n1
2177925,0,0,0_okno_n1
2177927,0,0,0_okno_n3-4
2177930,0,0,0_okno_n3-4
2177931,2,0,0_okno_n1
2177938,1,0,0_okno_n1
2177944,4,0,0_okno_n1
2177950,2,0,0_okno_n1
2177952,0,0,0_okno_n2
2177961,2,0,0_okno_n1
2177966,2,0,0_okno_n2
2177974,4,0,0_okno_n2
2177980,2,0,0_okno_n3-4
2177997,0,0,0_okno_n1
2177998,2,0,0_okno_n1
2177999,0,0,0_okno_n1
2178004,4,0,0_okno_n1
2178009,4,0,0_okno_n1
2178031,0,0,0_okno_n1
2178057,4,0,0_okno_n1
2178066,4,0,0_okno_n1
2178071,0,0,0_okno_n3-4
2178072,0,0,0_okno_n2
2178076,2,0,0_okno_n1
2178077,0,0,0_okno_n1
2178080,3,0,0_okno_n1
2178082,3,0,0_okno_n2
2178087,4,0,0_okno_n1
2178093,2,0,0_okno_n1
2178095,2,0,0_okno_n1
2178101,4,0,0_okno_n1
2178122,3,0,0_okno_n1
2178208,3,0,0_okno_n1
2178280,0,0,0_okno_n3-4
2178306,4,0,0_okno_n1
2178309,1,0,0_okno_n1
2178317,2,0,0_okno_n1
2178325,4,0,0_okno_n1
2178347,0,0,0_okno_n1
2178348,3,0,0_okno_n1
2178361,2,0,0_okno_n1
2178381,0,0,0_okno_n1
2178387,3,0,0_okno_n1
2178390,4,0,0_okno_n1
2178396,2,0,0_okno_n1
2178400,4,0,0_okno_n1
2178416,2,0,0_okno_n1
2178420,2,0,0_okno_n1
2178422,2,0,0_okno_n1
2178427,1,0,0_okno_n1
2178481,1,0,0_okno_n1
2178503,3,1,1_pozaokno_n2
2178511,2,0,0_okno_n1
2178513,4,0,0_okno_n1
2178517,1,0,0_okno_n3-4
2178544,0,0,0_okno_n2
2178573,0,0,0_okno_n5+
2178634,3,0,0_okno_n2
2178651,2,0,0_okno_n1
2178675,2,0,0_okno_n2
2178680,4,0,0_okno_n1
2178693,1,0,0_okno_n2
2178700,0,0,0_okno_n1
2178702,4,0,0_okno_n1
2178707,4,0,0_okno_n3-4
2178711,3,0,0_okno_n1
2178723,0,0,0_okno_n1
2178725,4,0,0_okno_n1
2178733,1,0,0_okno_n1
2178734,1,0,0_okno_n2
2178738,0,0,0_okno_n1
2178752,1,0,0_okno_n1
2178801,4,0,0_okno_n1
2178813,4,0,0_okno_n5+
2178838,0,0,0_okno_n2
2178857,4,0,0_okno_n1
2178873,3,0,0_okno_n1
2178909,1,0,0_okno_n1
2178915,0,0,0_okno_n2
2178933,1,0,0_okno_n3-4
2178935,1,0,0_okno_n2
2178946,2,0,0_okno_n2
2178951,3,0,0_okno_n3-4
2178957,3,0,0_okno_n2
2178962,0,0,0_okno_n1
2178967,4,0,0_okno_n1
2178971,0,0,0_okno_n2
2178976,3,0,0_okno_n2
2178980,3,0,0_okno_n1
2178982,4,0,0_okno_n1
2178985,4,0,0_okno_n1
2178989,3,0,0_okno_n2
2178991,2,0,0_okno_n2
2179003,4,0,0_okno_n1
2179004,3,0,0_okno_n1
2179006,3,0,0_okno_n1
2179008,3,0,0_okno_n1
2179032,2,0,0_okno_n2
2179069,2,0,0_okno_n1
2179102,2,0,0_okno_n1
2179129,2,0,0_okno_n5+
2179136,3,0,0_okno_n1
2179143,3,0,0_okno_n2
2179166,3,0,0_okno_n1
2179167,0,0,0_okno_n5+
2179174,0,0,0_okno_n3-4
2179187,1,0,0_okno_n3-4
2179197,4,0,0_okno_n2
2179207,3,0,0_okno_n1
2179229,1,0,0_okno_n2
2179235,4,0,0_okno_n2
2179236,0,0,0_okno_n1
2179240,4,0,0_okno_n1
2179248,3,0,0_okno_n1
2179250,2,0,0_okno_n1
2179258,0,0,0_okno_n3-4
2179260,3,0,0_okno_n2
2179264,2,0,0_okno_n1
2179267,2,0,0_okno_n2
2179276,2,0,0_okno_n5+
2179278,3,0,0_okno_n1
2179282,2,0,0_okno_n1
2179283,1,0,0_okno_n1
2179285,0,0,0_okno_n1
2179330,4,0,0_okno_n2
2179352,4,0,0_okno_n2
2179363,3,0,0_okno_n1
2179397,3,0,0_okno_n1
2179443,3,0,0_okno_n2
2179498,3,0,0_okno_n2
2179502,1,0,0_okno_n1
2179511,1,0,0_okno_n1
2179512,2,0,0_okno_n1
2179523,2,0,0_okno_n2
2179526,4,0,0_okno_n2
2179532,4,0,0_okno_n1
2179535,4,0,0_okno_n2
2179538,0,0,0_okno_n1
2179542,1,0,0_okno_n1
2179544,2,0,0_okno_n1
2179555,1,0,0_okno_n1
2179561,4,0,0_okno_n2
2179573,3,0,0_okno_n2
2179579,1,0,0_okno_n2
2179580,4,0,0_okno_n1
2179589,2,0,0_okno_n2
2179595,4,0,0_okno_n2
2179598,3,0,0_okno_n1
2179599,4,0,0_okno_n1
2179612,0,0,0_okno_n1
2179616,2,0,0_okno_n1
2179618,2,0,0_okno_n1
2179635,4,0,0_okno_n1
2179644,4,0,0_okno_n1
2179660,0,0,0_okno_n1
2179662,2,0,0_okno_n1
2179668,4,0,0_okno_n1
2179669,0,0,0_okno_n1
2179675,2,0,0_okno_n1
2179678,0,0,0_okno_n1
2179684,3,0,0_okno_n1
2179686,1,0,0_okno_n1
2179688,2,0,0_okno_n1
2179711,3,0,0_okno_n1
2179731,3,0,0_okno_n1
2179757,3,0,0_okno_n1
2179761,4,0,0_okno_n1
2179762,0,0,0_okno_n1
2179796,4,0,0_okno_n1
2179810,4,0,0_okno_n2
2179828,4,0,0_okno_n3-4
2179832,3,0,0_okno_n1
2179834,2,0,0_okno_n2
2179848,4,0,0_okno_n1
2179855,1,0,0_okno_n1
2179864,1,0,0_okno_n1
2179869,4,0,0_okno_n1
2179873,4,0,0_okno_n1
2179892,0,0,0_okno_n3-4
2179907,3,0,0_okno_n5+
2179913,0,0,0_okno_n1
2179920,1,0,0_okno_n1
2179924,4,0,0_okno_n1
2179928,0,0,0_okno_n1
2179932,4,0,0_okno_n2
2179945,0,0,0_okno_n1
2179958,1,0,0_okno_n3-4
2179968,4,0,0_okno_n1
2179971,4,0,0_okno_n1
2179974,0,0,0_okno_n1
2179981,3,0,0_okno_n2
2179996,4,0,0_okno_n1
2179998,4,0,0_okno_n1
2180005,0,0,0_okno_n1
2180035,2,0,0_okno_n1
2180049,0,0,0_okno_n1
2180125,3,1,1_pozaokno_n2
2180137,3,0,0_okno_n1
2180152,1,0,0_okno_n1
2180179,1,0,0_okno_n2
2180185,0,0,0_okno_n1
2180186,2,0,0_okno_n1
2180231,3,0,0_okno_n1
2180256,1,0,0_okno_n1
2180258,4,0,0_okno_n1
2180269,2,0,0_okno_n1
2180272,4,0,0_okno_n2
2180275,3,0,0_okno_n1
2180277,1,0,0_okno_n1
2180279,3,0,0_okno_n1
2180297,2,0,0_okno_n1
2180300,3,0,0_okno_n2
2180306,4,0,0_okno_n1
2180344,1,0,0_okno_n3-4
2180368,0,0,0_okno_n1
2180411,3,0,0_okno_n1
2180451,0,0,0_okno_n1
2180455,4,0,0_okno_n1
2180495,3,0,0_okno_n1
2180500,2,0,0_okno_n2
2180525,4,0,0_okno_n1
2180528,2,0,0_okno_n1
2180548,1,0,0_okno_n1
2180554,0,0,0_okno_n1
2180560,3,1,1_okno_n1
2180563,2,0,0_okno_n1
2180572,1,0,0_okno_n3-4
2180581,0,0,0_okno_n3-4
2180606,2,0,0_okno_n1
2180675,2,0,0_okno_n1
2180691,0,0,0_okno_n1
2180695,2,0,0_okno_n3-4
2180698,3,0,0_okno_n2
2180701,4,0,0_okno_n2
2180707,1,0,0_okno_n2
2180712,2,0,0_okno_n1
2180752,1,0,0_okno_n1
2180757,0,0,0_okno_n2
2180788,4,0,0_okno_n1
2180793,0,0,0_okno_n2
2180796,4,0,0_okno_n3-4
2180808,4,0,0_okno_n1
2180809,1,0,0_okno_n2
2180810,4,0,0_okno_n1
2180818,1,0,0_okno_n1
2180844,0,0,0_okno_n2
2180852,2,0,0_okno_n2
2180864,3,0,0_okno_n1
2180877,1,0,0_okno_n2
2180881,0,0,0_okno_n1
2180890,3,0,0_okno_n1
2180900,0,0,0_okno_n1
2180901,0,0,0_okno_n1
2180908,4,0,0_okno_n1
2180913,4,0,0_okno_n1
2180955,4,0,0_okno_n2
2180957,4,0,0_okno_n1
2180968,1,0,0_okno_n2
2180974,1,0,0_okno_n3-4
2180976,4,0,0_okno_n1
2180987,1,0,0_okno_n3-4
2180990,4,0,0_okno_n3-4
2180994,1,0,0_okno_n1
2181001,1,0,0_okno_n1
2181004,2,0,0_okno_n1
2181005,3,0,0_okno_n1
2181009,1,0,0_okno_n1
2181010,4,0,0_okno_n1
2181015,4,0,0_okno_n2
2181018,4,0,0_okno_n2
2181019,2,0,0_okno_n1
2181027,1,0,0_okno_n2
2181032,2,0,0_okno_n2
2181034,3,0,0_okno_n1
2181042,3,0,0_okno_n3-4
2181044,2,0,0_okno_n3-4
2181050,2,0,0_okno_n1
2181052,4,0,0_okno_n3-4
2181055,1,0,0_okno_n2
2181060,2,0,0_okno_n1
2181064,0,0,0_okno_n3-4
2181067,1,0,0_okno_n2
2181069,0,0,0_okno_n2
2181070,3,0,0_okno_n2
2181071,4,1,1_okno_n1
2181081,2,0,0_okno_n1
2181082,2,0,0_okno_n1
2181095,3,0,0_okno_n1
2181098,4,0,0_okno_n3-4
2181103,1,0,0_okno_n1
2181104,1,0,0_okno_n1
2181109,4,0,0_okno_n3-4
2181112,0,0,0_okno_n1
2181115,2,0,0_okno_n2
2181121,2,0,0_okno_n1
2181124,0,0,0_okno_n2
2181131,4,0,0_okno_n1
2181135,0,0,0_okno_n1
2181137,1,0,0_okno_n1
2181138,1,0,0_okno_n1
2181139,2,0,0_okno_n2
2181171,0,0,0_okno_n1
2181196,1,0,0_okno_n2
2181197,2,0,0_okno_n1
2181204,4,0,0_okno_n1
2181212,3,0,0_okno_n3-4
2181216,4,0,0_okno_n1
2181219,4,0,0_okno_n2
2181222,1,0,0_okno_n1
2181227,0,0,0_okno_n3-4
2181237,4,1,1_pozaokno_n2
2181239,4,0,0_okno_n1
2181242,2,0,0_okno_n2
2181259,4,0,0_okno_n1
2181263,2,0,0_okno_n2
2181265,4,0,0_okno_n1
2181269,0,0,0_okno_n1
2181274,4,0,0_okno_n1
2181314,3,0,0_okno_n1
2181325,4,0,0_okno_n2
2181327,1,0,0_okno_n2
2181368,2,0,0_okno_n1
2181377,4,0,0_okno_n1
2181386,4,0,0_okno_n2
2181397,0,0,0_okno_n5+
2181401,2,0,0_okno_n1
2181416,0,0,0_okno_n1
2181422,0,0,0_okno_n1
2181439,3,0,0_okno_n1
2181442,4,0,0_okno_n2
2181443,3,0,0_okno_n2
2181451,3,0,0_okno_n1
2181457,1,0,0_okno_n1
2181464,4,0,0_okno_n1
2181470,4,0,0_okno_n2
2181473,2,0,0_okno_n1
2181474,4,0,0_okno_n2
2181476,2,0,0_okno_n1
2181483,2,0,0_okno_n2
2181490,4,0,0_okno_n2
2181498,0,0,0_okno_n1
2181502,2,0,0_okno_n2
2181511,3,0,0_okno_n1
2181521,4,0,0_okno_n5+
2181534,4,0,0_okno_n1
2181537,2,0,0_okno_n1
2181540,4,0,0_okno_n3-4
2181550,4,0,0_okno_n3-4
2181554,2,0,0_okno_n1
2181584,0,0,0_okno_n1
2181586,0,0,0_okno_n1
2181592,4,0,0_okno_n2
2181617,1,0,0_okno_n1
2181620,4,0,0_okno_n1
2181627,1,0,0_okno_n1
2181631,0,0,0_okno_n3-4
2181638,2,0,0_okno_n1
2181646,1,0,0_okno_n2
2181655,1,0,0_okno_n1
2181672,2,0,0_okno_n1
2181689,3,0,0_okno_n1
2181739,0,0,0_okno_n1
2181742,4,0,0_okno_n1
2181750,2,0,0_okno_n1
2181756,1,0,0_okno_n1
2181759,2,0,0_okno_n1
2181764,2,0,0_okno_n2
2181767,1,0,0_okno_n1
2181797,2,0,0_okno_n1
2181816,4,0,0_okno_n1
2181819,1,0,0_okno_n3-4
2181839,4,0,0_okno_n1
2181847,2,0,0_okno_n1
2181852,1,0,0_okno_n1
2181861,1,0,0_okno_n2
2181981,2,0,0_okno_n1
2182000,2,0,0_okno_n1
2182003,0,0,0_okno_n3-4
2182019,1,0,0_okno_n2
2182021,0,0,0_okno_n1
2182031,3,1,1_okno_n1
2182047,4,0,0_okno_n1
2182050,1,0,0_okno_n1
2182054,4,0,0_okno_n1
2182056,3,0,0_okno_n2
2182057,1,0,0_okno_n3-4
2182059,1,0,0_okno_n1
2182062,1,0,0_okno_n1
2182064,2,1,1_pozaokno_n3-4
2182067,0,0,0_okno_n1
2182075,1,0,0_okno_n2
2182078,4,0,0_okno_n1
2182082,0,0,0_okno_n1
2182095,3,0,0_okno_n2
2182104,4,0,0_okno_n1
2182134,2,0,0_okno_n1
2182139,4,0,0_okno_n2
2182144,2,0,0_okno_n1
2182154,3,0,0_okno_n2
2182182,0,0,0_okno_n2
2182225,2,0,0_okno_n1
2182247,4,0,0_okno_n2
2182281,2,0,0_okno_n1
2182284,0,0,0_okno_n2
2182290,3,0,0_okno_n3-4
2182298,1,0,0_okno_n2
2182306,3,0,0_okno_n1
2182327,1,0,0_okno_n3-4
2182329,0,0,0_okno_n2
2182331,2,0,0_okno_n1
2182337,1,0,0_okno_n2
2182344,4,0,0_okno_n3-4
2182349,2,0,0_okno_n2
2182356,4,0,0_okno_n1
2182359,4,0,0_okno_n2
2182365,3,0,0_okno_n1
2182368,0,0,0_okno_n2
2182372,3,0,0_okno_n1
2182374,4,0,0_okno_n2
2182402,3,0,0_okno_n1
2182406,1,0,0_okno_n2
2182412,0,0,0_okno_n1
2182426,2,0,0_okno_n1
2182431,1,0,0_okno_n2
2182438,1,0,0_okno_n1
2182448,4,0,0_okno_n2
2182453,4,0,0_okno_n1
2182464,4,0,0_okno_n1
2182468,0,0,0_okno_n1
2182500,1,0,0_okno_n1
2182502,3,0,0_okno_n1
2182504,3,0,0_okno_n1
2182505,3,0,0_okno_n3-4
2182514,4,0,0_okno_n1
2182515,3,0,0_okno_n1
2182532,3,0,0_okno_n1
2182537,4,0,0_okno_n3-4
2182538,1,0,0_okno_n1
2182540,2,0,0_okno_n1
2182545,2,0,0_okno_n3-4
2182546,3,0,0_okno_n5+
2182548,0,0,0_okno_n1
2182550,1,0,0_okno_n2
2182552,0,0,0_okno_n1
2182566,2,0,0_okno_n1
2182608,2,0,0_okno_n1
2182635,0,0,0_okno_n3-4
2182638,4,0,0_okno_n1
2182670,3,0,0_okno_n2
2182684,2,0,0_okno_n1
2182715,4,0,0_okno_n1
2182764,0,0,0_okno_n2
2182772,4,0,0_okno_n1
2182774,0,0,0_okno_n1
2182776,2,0,0_okno_n1
2182792,3,0,0_okno_n1
2182797,4,0,0_okno_n1
2182816,3,0,0_okno_n2
2182827,0,0,0_okno_n2
2182829,4,0,0_okno_n3-4
2182834,0,0,0_okno_n1
2182842,2,0,0_okno_n1
2182844,4,0,0_okno_n3-4
2182857,0,0,0_okno_n1
2182864,4,0,0_okno_n1
2182871,4,0,0_okno_n5+
2182873,3,0,0_okno_n5+
2182876,3,0,0_okno_n3-4
2182878,4,0,0_okno_n1
2182880,0,0,0_okno_n2
2182882,0,0,0_okno_n1
2182884,1,0,0_okno_n1
2182886,3,0,0_okno_n1
2182910,4,0,0_okno_n5+
2182913,4,0,0_okno_n1
2182945,1,0,0_okno_n1
2183019,4,0,0_okno_n1
2183021,0,0,0_okno_n3-4
2183084,2,0,0_okno_n1
2183087,0,0,0_okno_n1
2183101,3,0,0_okno_n1
2183110,4,0,0_okno_n1
2183138,2,0,0_okno_n1
2183156,0,0,0_okno_n1
2183175,0,0,0_okno_n1
2183179,1,0,0_okno_n3-4
2183190,2,0,0_okno_n1
2183194,0,0,0_okno_n1
2183203,2,0,0_okno_n5+
2183210,1,0,0_okno_n1
2183211,1,0,0_okno_n2
2183213,1,0,0_okno_n3-4
2183215,3,0,0_okno_n1
2183217,3,0,0_okno_n1
2183218,2,0,0_okno_n3-4
2183226,1,0,0_okno_n2
2183234,4,0,0_okno_n1
2183242,2,0,0_okno_n1
2183266,1,0,0_okno_n3-4
2183268,1,0,0_okno_n1
2183281,4,0,0_okno_n2
2183297,1,0,0_okno_n3-4
2183308,3,0,0_okno_n3-4
2183335,4,0,0_okno_n3-4
2183338,3,0,0_okno_n1
2183339,3,0,0_okno_n1
2183346,3,0,0_okno_n3-4
2183392,2,0,0_okno_n2
2183418,3,0,0_okno_n1
2183428,2,0,0_okno_n3-4
2183430,4,0,0_okno_n1
2183439,3,0,0_okno_n1
2183446,3,0,0_okno_n1
2183457,4,0,0_okno_n2
2183492,2,1,1_pozaokno_n1
2183493,3,0,0_okno_n1
2183508,3,0,0_okno_n1
2183509,1,0,0_okno_n2
2183516,2,0,0_okno_n1
2183552,2,0,0_okno_n1
2183558,1,0,0_okno_n3-4
2183564,4,0,0_okno_n2
2183567,2,0,0_okno_n1
2183574,3,0,0_okno_n1
2183586,0,0,0_okno_n1
2183587,4,0,0_okno_n3-4
2183591,4,0,0_okno_n1
2183592,3,0,0_okno_n1
2183594,0,0,0_okno_n3-4
2183597,3,0,0_okno_n1
2183623,2,0,0_okno_n3-4
2183628,1,0,0_okno_n2
2183632,2,0,0_okno_n1
2183633,0,0,0_okno_n1
2183645,4,0,0_okno_n1
2183674,1,0,0_okno_n1
2183681,4,0,0_okno_n3-4
2183689,1,0,0_okno_n1
2183747,1,0,0_okno_n1
2183809,1,0,0_okno_n1
2183817,0,0,0_okno_n2
2183824,4,0,0_okno_n3-4
2183830,1,0,0_okno_n1
2183837,0,0,0_okno_n1
2183845,0,0,0_okno_n2
2183882,4,0,0_okno_n1
2183884,0,0,0_okno_n1
2183887,4,0,0_okno_n1
2183889,3,0,0_okno_n1
2183898,2,0,0_okno_n5+
2183901,4,0,0_okno_n1
2183904,2,0,0_okno_n1
2183915,4,0,0_okno_n1
2183920,1,0,0_okno_n1
2183926,4,0,0_okno_n5+
2183932,1,0,0_okno_n1
2183956,3,0,0_okno_n2
2183960,3,0,0_okno_n1
2184002,2,0,0_okno_n3-4
2184008,0,0,0_okno_n3-4
2184025,2,0,0_okno_n1
2184058,1,0,0_okno_n1
2184082,2,0,0_okno_n1
2184100,1,0,0_okno_n2
2184113,2,0,0_okno_n1
2184131,2,0,0_okno_n2
2184161,0,0,0_okno_n2
2184164,0,0,0_okno_n1
2184167,2,0,0_okno_n5+
2184171,1,0,0_okno_n2
2184173,4,0,0_okno_n1
2184177,3,0,0_okno_n2
2184179,3,0,0_okno_n2
2184185,3,0,0_okno_n1
2184190,2,0,0_okno_n2
2184196,0,0,0_okno_n1
2184200,2,0,0_okno_n1
2184204,2,0,0_okno_n2
2184206,0,0,0_okno_n2
2184211,4,0,0_okno_n2
2184213,1,0,0_okno_n1
2184218,4,0,0_okno_n2
2184219,3,0,0_okno_n2
2184224,2,0,0_okno_n1
2184225,0,0,0_okno_n3-4
2184232,4,0,0_okno_n2
2184234,2,0,0_okno_n3-4
2184236,4,0,0_okno_n1
2184242,0,0,0_okno_n1
2184243,1,0,0_okno_n1
2184246,4,0,0_okno_n1
2184254,2,0,0_okno_n2
2184258,4,0,0_okno_n1
2184260,2,0,0_okno_n1
2184273,3,0,0_okno_n1
2184277,4,0,0_okno_n1
2184283,0,0,0_okno_n1
2184286,4,0,0_okno_n1
2184303,3,0,0_okno_n1
2184304,3,0,0_okno_n1
2184328,1,0,0_okno_n1
2184336,0,0,0_okno_n1
2184339,3,0,0_okno_n2
2184347,1,0,0_okno_n1
2184351,1,0,0_okno_n1
2184352,4,0,0_okno_n1
2184355,2,0,0_okno_n2
2184357,1,0,0_okno_n1
2184360,4,0,0_okno_n2
2184364,1,0,0_okno_n1
2184369,1,0,0_okno_n1
2184373,4,0,0_okno_n1
2184377,3,0,0_okno_n1
2184383,4,0,0_okno_n2
2184415,0,0,0_okno_n1
2184537,3,0,0_okno_n1
2184565,2,0,0_okno_n1
2184595,0,0,0_okno_n1
2184632,1,0,0_okno_n2
2184642,3,0,0_okno_n1
2184647,4,0,0_okno_n1
2184650,2,0,0_okno_n1
2184652,3,0,0_okno_n1
2184655,3,0,0_okno_n2
2184657,2,0,0_okno_n2
2184660,3,0,0_okno_n2
2184669,2,0,0_okno_n1
2184689,1,0,0_okno_n1
2184700,3,0,0_okno_n2
2184706,2,0,0_okno_n1
2184746,0,0,0_okno_n5+
2184769,3,0,0_okno_n1
2184821,3,0,0_okno_n2
2184857,2,0,0_okno_n1
2184873,4,0,0_okno_n1
2184895,1,0,0_okno_n1
2184898,1,0,0_okno_n5+
2184907,3,0,0_okno_n1
2184908,2,0,0_okno_n2
2184915,2,0,0_okno_n1
2184917,1,0,0_okno_n1
2184939,0,0,0_okno_n2
2184945,1,0,0_okno_n1
2184948,1,0,0_okno_n1
2184953,1,0,0_okno_n1
2184961,0,0,0_okno_n1
2184965,3,0,0_okno_n1
2184969,2,0,0_okno_n1
2184972,0,0,0_okno_n2
2184984,2,0,0_okno_n2
2184986,2,0,0_okno_n1
2184989,3,0,0_okno_n1
2184991,1,0,0_okno_n1
2184993,4,0,0_okno_n1
2184996,3,0,0_okno_n1
2185000,1,0,0_okno_n1
2185003,1,0,0_okno_n2
2185012,3,0,0_okno_n1
2185057,4,0,0_okno_n2
2185093,0,0,0_okno_n3-4
2185094,2,0,0_okno_n1
2185111,0,0,0_okno_n1
2185117,1,0,0_okno_n2
2185128,1,0,0_okno_n2
2185130,0,0,0_okno_n1
2185132,3,0,0_okno_n1
2185154,0,0,0_okno_n2
2185160,1,0,0_okno_n2
2185168,1,0,0_okno_n1
2185172,1,0,0_okno_n2
2185173,3,0,0_okno_n2
2185226,1,0,0_okno_n1
2185257,4,0,0_okno_n1
2185266,0,0,0_okno_n2
2185268,2,0,0_okno_n3-4
2185272,2,0,0_okno_n1
2185279,3,0,0_okno_n1
2185281,2,0,0_okno_n1
2185296,2,0,0_okno_n2
2185306,0,0,0_okno_n1
2185315,0,0,0_okno_n1
2185317,0,0,0_okno_n1
2185325,3,0,0_okno_n1
2185330,4,0,0_okno_n1
2185332,3,0,0_okno_n1
2185358,0,0,0_okno_n1
2185390,3,0,0_okno_n3-4
2185401,0,0,0_okno_n1
2185408,0,1,1_okno_n3-4
2185412,1,0,0_okno_n1
2185443,1,0,0_okno_n1
2185459,3,0,0_okno_n1
2185469,1,0,0_okno_n2
2185487,0,0,0_okno_n1
2185490,0,0,0_okno_n1
2185510,2,0,0_okno_n1
2185511,4,0,0_okno_n1
2185546,3,0,0_okno_n1
2185550,2,0,0_okno_n1
2185614,1,0,0_okno_n1
2185616,1,0,0_okno_n3-4
2185619,1,0,0_okno_n1
2185626,3,0,0_okno_n1
2185627,1,0,0_okno_n1
2185630,2,0,0_okno_n1
2185631,3,0,0_okno_n2
2185633,1,0,0_okno_n2
2185635,4,0,0_okno_n1
2185657,4,0,0_okno_n2
2185703,3,0,0_okno_n1
2185709,3,0,0_okno_n2
2185717,1,0,0_okno_n1
2185733,3,0,0_okno_n2
2185761,1,0,0_okno_n1
2185767,4,0,0_okno_n3-4
2185769,3,0,0_okno_n2
2185806,1,0,0_okno_n1
2185851,4,0,0_okno_n2
2185854,3,0,0_okno_n1
2185906,0,0,0_okno_n1
2185914,2,0,0_okno_n2
2185916,2,0,0_okno_n1
2185920,0,0,0_okno_n2
2185923,2,0,0_okno_n2
2185924,2,0,0_okno_n1
2185928,0,0,0_okno_n1
2185932,4,0,0_okno_n1
2185939,0,0,0_okno_n2
2185944,1,0,0_okno_n2
2185949,0,0,0_okno_n2
2185961,4,0,0_okno_n1
2185968,4,0,0_okno_n1
2185972,4,0,0_okno_n1
2185974,1,0,0_okno_n2
2185996,3,0,0_okno_n2
2186000,3,0,0_okno_n5+
2186005,0,0,0_okno_n2
2186009,0,0,0_okno_n1
2186014,4,0,0_okno_n2
2186015,4,0,0_okno_n2
2186019,4,0,0_okno_n1
2186022,1,0,0_okno_n1
2186027,3,0,0_okno_n1
2186032,2,0,0_okno_n1
2186045,4,0,0_okno_n1
2186047,3,0,0_okno_n1
2186057,4,0,0_okno_n1
2186090,1,0,0_okno_n1
2186097,2,0,0_okno_n1
2186101,4,0,0_okno_n1
2186114,1,0,0_okno_n1
2186116,3,0,0_okno_n1
2186117,1,0,0_okno_n1
2186119,2,0,0_okno_n1
2186124,2,0,0_okno_n1
2186128,2,0,0_okno_n1
2186130,3,1,1_okno_n2
2186137,0,0,0_okno_n1
2186139,0,0,0_okno_n1
2186144,0,0,0_okno_n1
2186163,2,0,0_okno_n1
2186181,2,0,0_okno_n1
2186201,2,0,0_okno_n1
2186214,4,0,0_okno_n1
2186218,4,0,0_okno_n1
2186226,0,0,0_okno_n2
2186240,2,0,0_okno_n1
2186269,2,0,0_okno_n1
2186271,4,0,0_okno_n3-4
2186326,3,0,0_okno_n3-4
2186338,3,0,0_okno_n1
2186370,3,0,0_okno_n1
2186384,4,0,0_okno_n1
2186415,2,0,0_okno_n1
2186422,1,0,0_okno_n1
2186436,3,0,0_okno_n1
2186439,0,0,0_okno_n2
2186448,3,0,0_okno_n1
2186452,0,0,0_okno_n1
2186456,0,0,0_okno_n2
2186458,2,0,0_okno_n1
2186462,4,0,0_okno_n1
2186466,4,0,0_okno_n1
2186470,0,0,0_okno_n1
2186475,1,0,0_okno_n1
2186552,4,0,0_okno_n1
2186556,0,0,0_okno_n1
2186558,4,0,0_okno_n1
2186618,3,0,0_okno_n1
2186658,2,0,0_okno_n1
2186663,0,0,0_okno_n1
2186681,3,0,0_okno_n2
2186724,3,0,0_okno_n1
2186736,1,0,0_okno_n1
2186756,3,0,0_okno_n1
2186757,2,0,0_okno_n1
2186764,0,0,0_okno_n1
2186767,3,0,0_okno_n1
2186775,0,0,0_okno_n1
2186789,0,0,0_okno_n3-4
2186792,1,0,0_okno_n1
2186794,1,0,0_okno_n1
2186802,3,0,0_okno_n1
2186804,0,0,0_okno_n1
2186811,3,0,0_okno_n1
2186832,1,0,0_okno_n3-4
2186853,4,0,0_okno_n1
2186856,0,0,0_okno_n1
2186866,1,0,0_okno_n1
2186915,4,0,0_okno_n1
2186922,4,0,0_okno_n1
2186927,3,0,0_okno_n1
2186935,0,0,0_okno_n1
2186953,3,0,0_okno_n1
2186961,0,0,0_okno_n1
2186966,0,0,0_okno_n1
2186968,1,0,0_okno_n1
2186995,4,0,0_okno_n1
2187016,2,0,0_okno_n1
2187027,3,0,0_okno_n1
2187038,4,0,0_okno_n1
2187046,2,0,0_okno_n1
2187048,4,0,0_okno_n3-4
2187055,4,0,0_okno_n2
2187059,1,0,0_okno_n1
2187061,4,0,0_okno_n1
2187062,1,0,0_okno_n1
2187065,2,0,0_okno_n1
2187075,1,0,0_okno_n1
2187077,2,0,0_okno_n1
2187112,1,0,0_okno_n1
2187156,1,0,0_okno_n1
2187158,0,0,0_okno_n1
2187169,4,0,0_okno_n2
2187177,2,0,0_okno_n1
2187213,4,0,0_okno_n1
2187215,0,0,0_okno_n1
2187251,4,0,0_okno_n2
2187255,0,0,0_okno_n1
2187271,2,0,0_okno_n1
2187284,0,0,0_okno_n1
2187296,2,0,0_okno_n2
2187298,2,0,0_okno_n3-4
2187305,4,0,0_okno_n3-4
2187328,1,0,0_okno_n1
2187330,3,0,0_okno_n1
2187338,3,0,0_okno_n2
2187339,2,0,0_okno_n1
2187364,2,0,0_okno_n1
2187371,4,0,0_okno_n1
2187372,0,0,0_okno_n1
2187375,0,0,0_okno_n1
2187377,0,0,0_okno_n1
2187378,4,0,0_okno_n1
2187381,4,0,0_okno_n3-4
2187384,1,0,0_okno_n3-4
2187387,1,0,0_okno_n1
2187391,4,0,0_okno_n1
2187397,4,0,0_okno_n1
2187402,1,0,0_okno_n2
2187414,4,0,0_okno_n1
2187420,2,0,0_okno_n2
2187428,0,0,0_okno_n2
2187441,0,0,0_okno_n1
2187469,3,0,0_okno_n1
2187478,0,0,0_okno_n1
2187489,0,0,0_okno_n2
2187493,4,0,0_okno_n1
2187519,3,0,0_okno_n1
2187523,3,0,0_okno_n2
2187553,2,0,0_okno_n1
2187581,1,0,0_okno_n2
2187589,4,0,0_okno_n1
2187608,3,0,0_okno_n2
2187609,2,0,0_okno_n2
2187616,4,0,0_okno_n5+
2187619,1,0,0_okno_n1
2187622,2,0,0_okno_n1
2187637,2,0,0_okno_n1
2187641,2,0,0_okno_n1
2187645,0,0,0_okno_n1
2187668,4,0,0_okno_n1
2187673,4,0,0_okno_n2
2187679,1,0,0_okno_n2
2187681,4,0,0_okno_n1
2187685,2,0,0_okno_n1
2187689,0,1,1_pozaokno_n1
2187693,1,0,0_okno_n1
2187705,0,0,0_okno_n2
2187708,3,0,0_okno_n1
2187718,1,0,0_okno_n3-4
2187723,0,0,0_okno_n1
2187724,4,0,0_okno_n1
2187725,2,0,0_okno_n1
2187731,0,0,0_okno_n1
2187733,0,0,0_okno_n1
2187750,1,0,0_okno_n1
2187752,3,0,0_okno_n1
2187754,2,0,0_okno_n1
2187760,0,0,0_okno_n1
2187763,1,0,0_okno_n1
2187768,3,0,0_okno_n1
2187776,2,0,0_okno_n1
2187780,2,0,0_okno_n1
2187781,3,0,0_okno_n1
2187783,3,0,0_okno_n2
2187789,2,0,0_okno_n1
2187790,3,0,0_okno_n2
2187791,0,0,0_okno_n3-4
2187800,0,0,0_okno_n2
2187801,1,0,0_okno_n1
2187803,1,0,0_okno_n1
2187805,2,0,0_okno_n1
2187815,0,0,0_okno_n1
2187826,0,0,0_okno_n1
2187844,3,0,0_okno_n1
2187866,0,0,0_okno_n1
2187873,0,0,0_okno_n2
2187893,0,0,0_okno_n5+
2187899,2,0,0_okno_n3-4
2187911,2,0,0_okno_n1
2187913,2,0,0_okno_n1
2187916,1,0,0_okno_n3-4
2187918,4,0,0_okno_n2
2187920,4,0,0_okno_n1
2187951,3,0,0_okno_n2
2187971,0,0,0_okno_n1
2188000,3,0,0_okno_n3-4
2188011,0,0,0_okno_n1
2188031,1,0,0_okno_n1
2188086,3,0,0_okno_n1
2188089,3,0,0_okno_n2
2188090,4,0,0_okno_n1
2188112,4,0,0_okno_n1
2188146,1,0,0_okno_n1
2188162,0,0,0_okno_n1
2188165,1,0,0_okno_n1
2188172,1,0,0_okno_n2
2188179,1,0,0_okno_n1
2188185,4,0,0_okno_n1
2188188,4,0,0_okno_n2
2188192,2,0,0_okno_n5+
2188197,0,0,0_okno_n2
2188199,3,0,0_okno_n1
2188201,0,0,0_okno_n1
2188202,3,0,0_okno_n1
2188228,4,0,0_okno_n3-4
2188244,0,0,0_okno_n3-4
2188308,3,0,0_okno_n1
2188353,3,0,0_okno_n3-4
2188366,3,0,0_okno_n2
2188374,3,0,0_okno_n1
2188386,2,0,0_okno_n1
2188412,1,0,0_okno_n3-4
2188418,0,0,0_okno_n2
2188419,3,0,0_okno_n1
2188427,0,0,0_okno_n3-4
2188430,1,0,0_okno_n1
2188435,0,0,0_okno_n1
2188450,3,0,0_okno_n1
2188451,1,0,0_okno_n1
2188460,1,0,0_okno_n1
2188464,0,0,0_okno_n1
2188469,0,0,0_okno_n1
2188475,1,0,0_okno_n5+
2188477,4,0,0_okno_n1
2188479,4,0,0_okno_n2
2188482,2,0,0_okno_n1
2188486,4,0,0_okno_n1
2188488,4,0,0_okno_n1
2188490,2,0,0_okno_n1
2188492,4,0,0_okno_n1
2188494,1,0,0_okno_n1
2188496,3,0,0_okno_n1
2188497,3,0,0_okno_n1
2188558,0,0,0_okno_n2
2188601,3,0,0_okno_n1
2188679,4,0,0_okno_n1
2188685,4,0,0_okno_n2
2188692,0,0,0_okno_n2
2188702,2,0,0_okno_n3-4
2188704,2,0,0_okno_n3-4
2188713,1,0,0_okno_n2
2188723,0,0,0_okno_n2
2188727,4,0,0_okno_n2
2188750,2,0,0_okno_n1
2188756,0,0,0_okno_n1
2188759,4,0,0_okno_n1
2188775,1,0,0_okno_n1
2188787,3,0,0_okno_n2
2188790,3,0,0_okno_n2
2188814,4,0,0_okno_n3-4
2188819,0,0,0_okno_n2
2188826,3,0,0_okno_n1
2188829,2,0,0_okno_n1
2188830,0,0,0_okno_n2
2188835,3,0,0_okno_n1
2188836,0,0,0_okno_n2
2188838,2,0,0_okno_n1
2188848,3,0,0_okno_n2
2188850,0,0,0_okno_n2
2188852,2,0,0_okno_n1
2188855,4,0,0_okno_n1
2188857,4,0,0_okno_n1
2188886,0,0,0_okno_n1
2188888,4,0,0_okno_n2
2188903,0,0,0_okno_n5+
2188928,3,0,0_okno_n1
2188932,1,0,0_okno_n1
2188958,4,0,0_okno_n1
2189005,2,0,0_okno_n2
2189006,3,0,0_okno_n1
2189034,2,0,0_okno_n2
2189046,0,0,0_okno_n3-4
2189077,1,0,0_okno_n2
2189082,2,0,0_okno_n2
2189085,4,0,0_okno_n1
2189087,0,0,0_okno_n2
2189089,2,0,0_okno_n3-4
2189094,1,0,0_okno_n2
2189096,4,0,0_okno_n1
2189101,2,0,0_okno_n2
2189116,4,0,0_okno_n1
2189118,0,0,0_okno_n2
2189121,1,0,0_okno_n1
2189124,4,0,0_okno_n1
2189129,3,0,0_okno_n1
2189131,2,0,0_okno_n1
2189138,0,0,0_okno_n2
2189141,1,0,0_okno_n1
2189144,0,0,0_okno_n3-4
2189147,0,0,0_okno_n1
2189151,2,0,0_okno_n1
2189154,2,0,0_okno_n1
2189161,3,0,0_okno_n1
2189163,3,0,0_okno_n5+
2189172,0,0,0_okno_n1
2189176,4,0,0_okno_n1
2189178,4,0,0_okno_n1
2189191,3,0,0_okno_n1
2189227,3,0,0_okno_n1
2189228,3,0,0_okno_n1
2189239,3,0,0_okno_n1
2189250,0,0,0_okno_n1
2189254,1,0,0_okno_n1
2189256,4,0,0_okno_n1
2189260,4,0,0_okno_n1
2189261,3,0,0_okno_n1
2189263,2,0,0_okno_n2
2189266,3,0,0_okno_n1
2189268,0,0,0_okno_n1
2189272,2,0,0_okno_n1
2189288,0,0,0_okno_n1
2189293,2,0,0_okno_n2
2189324,2,0,0_okno_n1
2189327,0,0,0_okno_n1
2189349,4,0,0_okno_n1
2189353,0,0,0_okno_n1
2189363,3,0,0_okno_n2
2189405,0,0,0_okno_n1
2189434,3,0,0_okno_n1
2189486,2,0,0_okno_n1
2189504,2,0,0_okno_n1
2189524,0,0,0_okno_n1
2189525,1,0,0_okno_n1
2189535,1,0,0_okno_n3-4
2189537,1,0,0_okno_n1
2189539,3,0,0_okno_n1
2189541,4,0,0_okno_n1
2189546,1,0,0_okno_n1
2189554,1,0,0_okno_n1
2189555,2,0,0_okno_n1
2189558,1,0,0_okno_n2
2189561,0,0,0_okno_n1
2189575,1,0,0_okno_n3-4
2189579,0,0,0_okno_n3-4
2189585,2,0,0_okno_n1
2189648,1,0,0_okno_n1
2189684,4,0,0_okno_n1
2189692,3,0,0_okno_n1
2189727,0,0,0_okno_n1
2189736,2,0,0_okno_n3-4
2189747,0,0,0_okno_n2
2189766,0,0,0_okno_n1
2189785,4,0,0_okno_n1
2189794,2,0,0_okno_n1
2189806,1,0,0_okno_n1
2189828,1,0,0_okno_n1
2189846,0,0,0_okno_n1
2189851,0,0,0_okno_n1
2189860,2,0,0_okno_n3-4
2189866,2,0,0_okno_n1
2189867,4,0,0_okno_n1
2189895,4,0,0_okno_n1
2189904,2,0,0_okno_n1
2189905,1,0,0_okno_n1
2189913,1,0,0_okno_n3-4
2189917,1,0,0_okno_n1
2189919,2,0,0_okno_n1
2189942,0,0,0_okno_n1
2189971,2,0,0_okno_n1
2189986,3,0,0_okno_n5+
2190001,3,0,0_okno_n2
2190010,1,0,0_okno_n1
2190043,2,0,0_okno_n1
2190057,0,0,0_okno_n1
2190097,4,0,0_okno_n3-4
2190103,4,0,0_okno_n1
2190108,4,0,0_okno_n3-4
2190113,3,0,0_okno_n1
2190134,0,0,0_okno_n1
2190176,1,0,0_okno_n1
2190181,1,0,0_okno_n1
2190206,3,0,0_okno_n2
2190209,3,0,0_okno_n1
2190217,4,0,0_okno_n3-4
2190249,4,0,0_okno_n2
2190262,3,0,0_okno_n3-4
2190264,4,0,0_okno_n1
2190302,4,0,0_okno_n1
2190340,3,0,0_okno_n1
2190369,0,0,0_okno_n2
2190397,0,0,0_okno_n1
2190416,4,0,0_okno_n2
2190429,4,0,0_okno_n1
2190433,0,0,0_okno_n1
2190434,2,0,0_okno_n1
2190463,0,0,0_okno_n1
2190482,3,0,0_okno_n3-4
2190488,4,0,0_okno_n1
2190494,3,0,0_okno_n2
2190509,0,0,0_okno_n1
2190512,3,0,0_okno_n1
2190514,1,0,0_okno_n1
2190517,4,0,0_okno_n1
2190522,1,0,0_okno_n5+
2190525,0,0,0_okno_n5+
2190535,2,0,0_okno_n1
2190537,4,0,0_okno_n2
2190552,1,0,0_okno_n2
2190555,0,0,0_okno_n1
2190562,0,0,0_okno_n1
2190569,4,0,0_okno_n1
2190601,0,0,0_okno_n3-4
2190622,0,0,0_okno_n1
2190650,0,0,0_okno_n2
2190662,4,0,0_okno_n1
2190674,2,0,0_okno_n1
2190757,2,0,0_okno_n1
2190808,2,0,0_okno_n5+
2190816,3,0,0_okno_n2
2190839,4,0,0_okno_n1
2190844,0,0,0_okno_n3-4
2190850,0,0,0_okno_n1
2190853,3,0,0_okno_n1
2190866,0,0,0_okno_n1
2190870,3,0,0_okno_n2
2190871,4,0,0_okno_n3-4
2190872,4,0,0_okno_n1
2190876,0,0,0_okno_n1
2190882,3,0,0_okno_n5+
2190888,4,0,0_okno_n1
2190890,4,0,0_okno_n1
2190892,0,0,0_okno_n2
2190896,4,0,0_okno_n2
2190898,4,0,0_okno_n1
2190906,2,0,0_okno_n1
2190908,2,0,0_okno_n1
2190911,2,0,0_okno_n1
2190912,1,0,0_okno_n2
2190917,1,0,0_okno_n2
2190919,1,0,0_okno_n1
2190927,2,0,0_okno_n1
2190930,4,0,0_okno_n1
2190932,4,0,0_okno_n1
2190937,3,0,0_okno_n1
2190943,3,0,0_okno_n1
2190946,2,0,0_okno_n2
2190949,0,0,0_okno_n2
2190953,2,0,0_okno_n2
2190955,2,0,0_okno_n3-4
2190957,0,0,0_okno_n1
2190959,4,0,0_okno_n1
2190962,0,0,0_okno_n1
2190967,0,0,0_okno_n2
2190993,0,0,0_okno_n1
2191026,1,0,0_okno_n2
2191029,4,0,0_okno_n2
2191033,3,0,0_okno_n1
2191040,3,0,0_okno_n1
2191041,2,0,0_okno_n1
2191045,0,0,0_okno_n2
2191046,1,0,0_okno_n3-4
2191048,0,0,0_okno_n1
2191055,2,0,0_okno_n2
2191057,0,0,0_okno_n1
2191059,4,0,0_okno_n1
2191064,0,0,0_okno_n2
2191067,1,0,0_okno_n1
2191068,2,0,0_okno_n1
2191073,1,0,0_okno_n1
2191075,0,0,0_okno_n5+
2191078,3,0,0_okno_n1
2191081,1,0,0_okno_n1
2191083,1,0,0_okno_n2
2191084,2,0,0_okno_n1
2191085,3,0,0_okno_n3-4
2191086,4,0,0_okno_n2
2191092,4,0,0_okno_n1
2191146,0,0,0_okno_n3-4
2191202,3,0,0_okno_n1
2191209,0,0,0_okno_n1
2191213,4,0,0_okno_n1
2191244,1,0,0_okno_n1
2191253,3,0,0_okno_n1
2191271,1,0,0_okno_n1
2191282,4,0,0_okno_n3-4
2191293,3,0,0_okno_n3-4
2191301,0,0,0_okno_n1
2191306,3,0,0_okno_n1
2191309,3,0,0_okno_n1
2191314,2,0,0_okno_n1
2191328,1,0,0_okno_n1
2191337,1,0,0_okno_n1
2191344,3,0,0_okno_n1
2191350,1,0,0_okno_n1
2191352,1,0,0_okno_n1
2191353,0,0,0_okno_n1
2191356,2,0,0_okno_n1
2191362,2,0,0_okno_n1
2191363,0,0,0_okno_n3-4
2191373,2,0,0_okno_n1
2191375,3,0,0_okno_n2
2191382,4,0,0_okno_n1
2191386,2,0,0_okno_n1
2191397,1,0,0_okno_n2
2191461,3,0,0_okno_n2
2191496,1,0,0_okno_n1
2191582,0,0,0_okno_n1
2191609,3,0,0_okno_n2
2191633,1,0,0_okno_n1
2191649,4,0,0_okno_n2
2191656,1,0,0_okno_n1
2191677,4,0,0_okno_n1
2191678,0,0,0_okno_n1
2191685,4,1,1_okno_n2
2191686,1,0,0_okno_n1
2191687,4,0,0_okno_n1
2191704,1,0,0_okno_n1
2191709,1,0,0_okno_n2
2191745,4,1,1_okno_n1
2191759,2,0,0_okno_n2
2191802,2,0,0_okno_n5+
2191830,1,0,0_okno_n5+
2191836,0,0,0_okno_n2
2191896,4,0,0_okno_n3-4
2191898,4,0,0_okno_n1
2191945,2,0,0_okno_n1
2191947,4,0,0_okno_n1
2191959,2,0,0_okno_n2
2191962,3,0,0_okno_n1
2191963,4,0,0_okno_n2
2191981,0,0,0_okno_n1
2191984,0,0,0_okno_n1
2191986,2,0,0_okno_n1
2191989,3,0,0_okno_n2
2192042,4,0,0_okno_n1
2192091,0,0,0_okno_n3-4
2192099,2,0,0_okno_n2
2192120,1,0,0_okno_n1
2192137,3,0,0_okno_n1
2192144,0,0,0_okno_n1
2192170,2,0,0_okno_n1
2192175,3,0,0_okno_n1
2192190,3,0,0_okno_n1
2192220,2,0,0_okno_n1
2192252,2,0,0_okno_n3-4
2192266,4,0,0_okno_n1
2192270,1,0,0_okno_n2
2192284,4,0,0_okno_n1
2192285,3,0,0_okno_n1
2192289,3,0,0_okno_n1
2192291,0,0,0_okno_n5+
2192295,3,0,0_okno_n1
2192297,4,0,0_okno_n1
2192301,2,0,0_okno_n3-4
2192302,2,0,0_okno_n1
2192306,4,0,0_okno_n5+
2192307,3,0,0_okno_n1
2192314,1,0,0_okno_n1
2192316,3,0,0_okno_n2
2192321,2,0,0_okno_n1
2192342,1,0,0_okno_n1
2192346,4,0,0_okno_n2
2192394,0,0,0_okno_n1
2192418,0,0,0_okno_n1
2192444,2,0,0_okno_n1
2192509,2,0,0_okno_n1
2192591,3,0,0_okno_n1
2192592,4,0,0_okno_n3-4
2192603,2,0,0_okno_n2
2192605,1,0,0_okno_n1
2192612,4,0,0_okno_n2
2192617,4,0,0_okno_n1
2192622,3,0,0_okno_n2
2192625,0,0,0_okno_n2
2192630,0,0,0_okno_n2
2192633,0,0,0_okno_n2
2192638,4,0,0_okno_n2
2192644,4,0,0_okno_n1
2192649,1,0,0_okno_n2
2192654,1,0,0_okno_n1
2192656,0,0,0_okno_n1
2192661,1,0,0_okno_n1
2192665,3,0,0_okno_n1
2192669,1,0,0_okno_n1
2192673,3,0,0_okno_n2
2192676,2,0,0_okno_n1
2192680,1,0,0_okno_n2
2192683,2,0,0_okno_n1
2192685,2,0,0_okno_n1
2192694,3,0,0_okno_n2
2192699,3,0,0_okno_n1
2192705,2,0,0_okno_n2
2192712,3,0,0_okno_n2
2192713,3,0,0_okno_n1
2192715,2,0,0_okno_n2
2192717,0,0,0_okno_n1
2192722,0,0,0_okno_n1
2192723,4,0,0_okno_n2
2192725,2,0,0_okno_n1
2192733,2,0,0_okno_n2
2192744,4,0,0_okno_n1
2192762,1,0,0_okno_n1
2192764,0,0,0_okno_n1
2192785,1,0,0_okno_n1
2192786,4,0,0_okno_n1
2192788,4,0,0_okno_n1
2192790,3,0,0_okno_n1
2192792,2,0,0_okno_n2
2192797,3,0,0_okno_n1
2192805,3,0,0_okno_n1
2192806,1,0,0_okno_n1
2192815,4,0,0_okno_n1
2192817,0,0,0_okno_n1
2192821,2,0,0_okno_n1
2192822,1,0,0_okno_n2
2192824,3,0,0_okno_n2
2192827,3,0,0_okno_n1
2192828,4,0,0_okno_n1
2192829,3,0,0_okno_n1
2192847,2,0,0_okno_n1
2192878,1,0,0_okno_n1
2192918,4,0,0_okno_n1
2192926,4,0,0_okno_n1
2193030,4,0,0_okno_n2
2193047,2,0,0_okno_n1
2193067,4,0,0_okno_n1
2193077,0,0,0_okno_n2
2193078,3,0,0_okno_n1
2193115,0,0,0_okno_n1
2193118,4,0,0_okno_n1
2193124,0,0,0_okno_n1
2193125,4,0,0_okno_n1
2193131,2,0,0_okno_n1
2193132,2,0,0_okno_n2
2193140,3,0,0_okno_n1
2193145,2,0,0_okno_n1
2193148,2,0,0_okno_n1
2193150,2,0,0_okno_n1
2193154,3,0,0_okno_n1
2193162,1,0,0_okno_n1
2193174,0,0,0_okno_n3-4
2193179,3,0,0_okno_n1
2193207,2,0,0_okno_n1
2193236,1,0,0_okno_n1
2193243,4,1,1_pozaokno_n3-4
2193275,0,0,0_okno_n2
2193279,1,0,0_okno_n2
2193282,0,0,0_okno_n2
2193301,2,0,0_okno_n1
2193313,3,0,0_okno_n2
2193325,4,0,0_okno_n1
2193352,4,0,0_okno_n2
2193355,3,0,0_okno_n2
2193358,4,0,0_okno_n1
2193374,3,0,0_okno_n2
2193383,4,0,0_okno_n2
2193395,0,0,0_okno_n1
2193433,3,0,0_okno_n1
2193453,3,0,0_okno_n2
2193455,2,0,0_okno_n2
2193460,4,0,0_okno_n1
2193462,3,0,0_okno_n1
2193471,0,0,0_okno_n1
2193476,1,0,0_okno_n3-4
2193521,3,0,0_okno_n1
2193533,3,0,0_okno_n2
2193535,4,0,0_okno_n1
2193549,2,0,0_okno_n1
2193552,4,0,0_okno_n1
2193584,2,0,0_okno_n1
2193594,1,0,0_okno_n1
2193605,3,0,0_okno_n3-4
2193613,1,0,0_okno_n1
2193636,4,0,0_okno_n2
2193637,3,0,0_okno_n2
2193641,2,0,0_okno_n1
2193649,4,0,0_okno_n2
2193759,2,0,0_okno_n2
2193767,3,0,0_okno_n1
2193777,1,0,0_okno_n1
2193785,1,0,0_okno_n2
2193789,0,0,0_okno_n1
2193794,0,0,0_okno_n1
2193801,0,0,0_okno_n1
2193813,1,0,0_okno_n1
2193819,3,0,0_okno_n1
2193821,3,0,0_okno_n1
2193822,4,0,0_okno_n1
2193824,4,0,0_okno_n1
2193825,1,0,0_okno_n1
2193829,3,0,0_okno_n1
2193859,2,0,0_okno_n1
2193864,1,0,0_okno_n2
2193874,3,0,0_okno_n1
2193902,2,0,0_okno_n1
2193906,4,0,0_okno_n1
2193917,3,0,0_okno_n1
2193930,2,0,0_okno_n2
2193978,3,0,0_okno_n5+
2193988,2,0,0_okno_n2
2194056,2,0,0_okno_n2
2194062,3,0,0_okno_n1
2194101,1,0,0_okno_n2
2194108,1,0,0_okno_n1
2194111,0,0,0_okno_n2
2194121,2,0,0_okno_n1
2194126,3,0,0_okno_n1
2194134,2,0,0_okno_n2
2194137,2,0,0_okno_n1
2194140,1,0,0_okno_n1
2194147,0,0,0_okno_n1
2194314,3,0,0_okno_n1
2194318,1,0,0_okno_n2
2194332,0,0,0_okno_n1
2194370,2,0,0_okno_n1
2194372,1,0,0_okno_n1
2194376,0,0,0_okno_n1
2194391,4,0,0_okno_n1
2194403,1,0,0_okno_n1
2194406,2,0,0_okno_n2
2194411,4,0,0_okno_n1
2194413,2,0,0_okno_n2
2194418,3,0,0_okno_n2
2194421,3,0,0_okno_n3-4
2194427,4,0,0_okno_n2
2194433,0,0,0_okno_n1
2194435,0,0,0_okno_n1
2194440,2,0,0_okno_n1
2194445,2,0,0_okno_n2
2194451,4,0,0_okno_n1
2194455,0,0,0_okno_n1
2194461,0,0,0_okno_n1
2194472,2,0,0_okno_n1
2194476,1,0,0_okno_n1
2194485,3,0,0_okno_n2
2194493,1,0,0_okno_n1
2194496,2,0,0_okno_n1
2194504,2,0,0_okno_n2
2194507,1,0,0_okno_n2
2194510,3,0,0_okno_n1
2194514,4,0,0_okno_n1
2194517,1,0,0_okno_n1
2194521,3,0,0_okno_n1
2194523,1,0,0_okno_n1
2194526,2,0,0_okno_n1
2194531,3,0,0_okno_n1
2194534,1,0,0_okno_n1
2194535,0,0,0_okno_n1
2194536,1,0,0_okno_n1
2194539,2,0,0_okno_n1
2194540,1,0,0_okno_n1
2194589,2,0,0_okno_n1
2194597,2,0,0_okno_n1
2194603,3,0,0_okno_n1
2194605,4,0,0_okno_n1
2194606,0,0,0_okno_n1
2194609,1,1,1_okno_n5+
2194611,1,0,0_okno_n2
2194638,0,0,0_okno_n1
2194643,1,0,0_okno_n1
2194648,4,0,0_okno_n1
2194654,0,0,0_okno_n1
2194658,1,0,0_okno_n1
2194701,4,0,0_okno_n2
2194715,2,0,0_okno_n3-4
2194724,2,0,0_okno_n1
2194736,2,0,0_okno_n1
2194760,4,0,0_okno_n1
2194777,2,0,0_okno_n1
2194792,4,0,0_okno_n1
2194800,2,0,0_okno_n1
2194808,4,0,0_okno_n1
2194819,3,0,0_okno_n1
2194835,0,0,0_okno_n1
2194889,2,0,0_okno_n1
2194911,2,0,0_okno_n1
2194913,3,0,0_okno_n1
2194916,2,0,0_okno_n1
2194920,3,0,0_okno_n1
2194922,0,0,0_okno_n2
2194933,0,0,0_okno_n1
2194941,0,0,0_okno_n1
2194943,2,0,0_okno_n1
2194965,0,0,0_okno_n2
2194967,0,0,0_okno_n3-4
2194986,4,0,0_okno_n1
2195065,2,0,0_okno_n2
2195074,3,0,0_okno_n2
2195093,1,0,0_okno_n5+
2195105,4,0,0_okno_n1
2195176,3,0,0_okno_n1
2195185,4,0,0_okno_n1
2195208,1,0,0_okno_n1
2195222,0,0,0_okno_n1
2195231,1,0,0_okno_n2
2195235,4,0,0_okno_n1
2195240,3,0,0_okno_n2
2195249,1,0,0_okno_n2
2195255,0,0,0_okno_n1
2195262,0,1,1_pozaokno_n2
2195265,4,0,0_okno_n1
2195269,1,1,1_okno_n5+
2195273,3,0,0_okno_n1
2195298,4,0,0_okno_n3-4
2195327,4,0,0_okno_n1
2195342,2,0,0_okno_n1
2195354,1,0,0_okno_n1
2195357,2,0,0_okno_n1
2195376,4,0,0_okno_n1
2195381,0,0,0_okno_n1
2195385,1,0,0_okno_n1
2195408,2,0,0_okno_n1
2195426,1,0,0_okno_n1
2195439,0,0,0_okno_n1
2195448,4,0,0_okno_n1
2195491,2,0,0_okno_n2
2195500,3,0,0_okno_n1
2195505,3,0,0_okno_n1
2195506,0,0,0_okno_n1
2195522,4,0,0_okno_n1
2195524,4,0,0_okno_n2
2195526,2,0,0_okno_n1
2195533,2,0,0_okno_n3-4
2195534,1,0,0_okno_n1
2195538,0,0,0_okno_n1
2195542,0,0,0_okno_n1
2195544,2,0,0_okno_n1
2195545,0,0,0_okno_n1
2195547,2,0,0_okno_n2
2195551,2,0,0_okno_n2
2195554,3,0,0_okno_n2
2195557,0,0,0_okno_n1
2195564,1,0,0_okno_n2
2195574,3,0,0_okno_n2
2195576,2,0,0_okno_n1
2195578,2,0,0_okno_n2
2195579,4,0,0_okno_n1
2195580,1,0,0_okno_n1
2195582,1,0,0_okno_n3-4
2195584,4,0,0_okno_n1
2195586,3,0,0_okno_n1
2195595,2,0,0_okno_n1
2195607,0,0,0_okno_n2
2195611,1,0,0_okno_n3-4
2195619,4,0,0_okno_n1
2195621,3,0,0_okno_n2
2195623,1,0,0_okno_n1
2195624,3,0,0_okno_n1
2195627,3,0,0_okno_n3-4
2195650,4,0,0_okno_n2
2195657,2,0,0_okno_n1
2195661,3,0,0_okno_n2
2195663,1,0,0_okno_n1
2195676,0,0,0_okno_n1
2195682,1,0,0_okno_n2
2195686,1,0,0_okno_n1
2195688,4,0,0_okno_n2
2195694,1,0,0_okno_n1
2195696,1,0,0_okno_n2
2195701,3,0,0_okno_n2
2195709,4,0,0_okno_n2
2195713,4,0,0_okno_n1
2195715,1,0,0_okno_n2
2195717,2,0,0_okno_n2
2195722,4,0,0_okno_n2
2195732,2,0,0_okno_n1
2195744,0,0,0_okno_n1
2195748,4,0,0_okno_n1
2195759,3,0,0_okno_n1
2195779,1,0,0_okno_n1
2195800,0,0,0_okno_n1
2195806,1,0,0_okno_n1
2195812,1,0,0_okno_n1
2195828,4,0,0_okno_n2
2195831,2,0,0_okno_n1
2195835,0,0,0_okno_n2
2195837,0,0,0_okno_n2
2195838,4,0,0_okno_n1
2195840,4,0,0_okno_n1
2195862,3,0,0_okno_n1
2195920,1,0,0_okno_n1
2195945,3,0,0_okno_n1
2195994,2,0,0_okno_n1
2196043,4,0,0_okno_n1
2196057,3,0,0_okno_n2
2196116,2,0,0_okno_n1
2196126,3,0,0_okno_n1
2196130,1,0,0_okno_n3-4
2196132,4,0,0_okno_n1
2196133,1,0,0_okno_n1
2196145,0,0,0_okno_n2
2196147,4,0,0_okno_n1
2196152,3,0,0_okno_n2
2196154,4,0,0_okno_n3-4
2196156,3,0,0_okno_n3-4
2196159,3,0,0_okno_n3-4
2196162,3,0,0_okno_n1
2196164,2,0,0_okno_n3-4
2196169,3,0,0_okno_n2
2196171,1,0,0_okno_n1
2196178,1,0,0_okno_n3-4
2196182,4,0,0_okno_n1
2196184,0,0,0_okno_n1
2196185,3,0,0_okno_n1
2196219,4,0,0_okno_n2
2196235,3,0,0_okno_n1
2196237,2,0,0_okno_n1
2196311,1,0,0_okno_n1
2196313,2,0,0_okno_n2
2196318,1,0,0_okno_n1
2196325,1,0,0_okno_n2
2196342,1,0,0_okno_n2
2196346,3,0,0_okno_n2
2196423,1,0,0_okno_n2
2196425,2,0,0_okno_n1
2196430,1,0,0_okno_n1
2196444,3,0,0_okno_n3-4
2196474,2,0,0_okno_n2
2196475,1,0,0_okno_n1
2196481,4,0,0_okno_n1
2196501,3,0,0_okno_n1
2196502,3,0,0_okno_n2
2196503,4,0,0_okno_n3-4
2196508,2,0,0_okno_n1
2196514,1,0,0_okno_n1
2196518,3,0,0_okno_n2
2196520,2,0,0_okno_n1
2196528,3,0,0_okno_n3-4
2196553,4,0,0_okno_n1
2196590,0,0,0_okno_n2
2196610,4,0,0_okno_n3-4
2196624,0,0,0_okno_n1
2196629,3,0,0_okno_n1
2196631,4,0,0_okno_n2
2196632,3,0,0_okno_n1
2196641,0,0,0_okno_n1
2196669,0,0,0_okno_n2
2196685,1,0,0_okno_n1
2196687,1,0,0_okno_n3-4
2196697,0,0,0_okno_n1
2196705,2,0,0_okno_n1
2196708,2,0,0_okno_n1
2196720,2,0,0_okno_n1
2196728,2,0,0_okno_n5+
2196768,0,0,0_okno_n1
2196797,2,0,0_okno_n2
2196814,0,0,0_okno_n1
2196820,0,0,0_okno_n2
2196821,2,0,0_okno_n1
2196822,3,0,0_okno_n1
2196826,3,0,0_okno_n3-4
2196831,3,0,0_okno_n1
2196833,2,0,0_okno_n1
2196846,2,0,0_okno_n3-4
2196852,3,0,0_okno_n1
2196869,2,0,0_okno_n2
2196881,0,0,0_okno_n3-4
2196923,0,0,0_okno_n1
2196956,3,0,0_okno_n2
2196979,2,0,0_okno_n1
2196980,2,1,1_okno_n2
2196999,4,0,0_okno_n1
2197026,3,0,0_okno_n1
2197061,0,0,0_okno_n1
2197069,1,0,0_okno_n2
2197084,2,0,0_okno_n1
2197119,2,0,0_okno_n1
2197126,4,0,0_okno_n1
2197134,1,0,0_okno_n3-4
2197139,3,0,0_okno_n1
2197143,1,0,0_okno_n1
2197155,1,0,0_okno_n1
2197167,0,0,0_okno_n1
2197168,2,0,0_okno_n1
2197171,1,0,0_okno_n3-4
2197175,4,0,0_okno_n3-4
2197177,4,0,0_okno_n5+
2197180,4,0,0_okno_n1
2197185,4,0,0_okno_n1
2197188,2,0,0_okno_n2
2197190,0,0,0_okno_n1
2197197,3,0,0_okno_n1
2197208,1,0,0_okno_n1
2197217,1,0,0_okno_n1
2197239,3,0,0_okno_n2
2197298,4,0,0_okno_n1
2197308,3,0,0_okno_n1
2197315,4,0,0_okno_n1
2197324,2,0,0_okno_n2
2197344,3,0,0_okno_n1
2197407,1,0,0_okno_n2
2197427,4,0,0_okno_n2
2197439,0,0,0_okno_n1
2197463,4,0,0_okno_n1
2197472,4,0,0_okno_n2
2197482,3,0,0_okno_n1
2197484,3,0,0_okno_n2
2197491,4,0,0_okno_n1
2197496,1,0,0_okno_n1
2197501,2,0,0_okno_n1
2197510,2,0,0_okno_n2
2197512,1,0,0_okno_n2
2197519,4,0,0_okno_n1
2197524,4,0,0_okno_n1
2197527,0,0,0_okno_n3-4
2197529,3,0,0_okno_n2
2197533,2,0,0_okno_n1
2197535,4,0,0_okno_n1
2197538,4,0,0_okno_n1
2197540,1,0,0_okno_n2
2197549,1,0,0_okno_n1
2197552,2,0,0_okno_n3-4
2197554,4,0,0_okno_n1
2197557,1,0,0_okno_n2
2197560,0,0,0_okno_n1
2197563,0,0,0_okno_n3-4
2197566,3,0,0_okno_n1
2197567,1,0,0_okno_n1
2197570,4,0,0_okno_n1
2197571,4,0,0_okno_n1
2197582,4,0,0_okno_n1
2197585,4,0,0_okno_n1
2197586,2,0,0_okno_n2
2197589,1,0,0_okno_n2
2197596,1,0,0_okno_n2
2197600,3,0,0_okno_n1
2197604,3,0,0_okno_n1
2197606,4,0,0_okno_n1
2197607,3,0,0_okno_n1
2197644,3,0,0_okno_n3-4
2197656,3,0,0_okno_n1
2197663,3,0,0_okno_n2
2197677,4,0,0_okno_n1
2197692,0,0,0_okno_n1
2197696,1,0,0_okno_n1
2197698,1,0,0_okno_n1
2197699,3,0,0_okno_n1
2197704,0,0,0_okno_n1
2197705,1,0,0_okno_n1
2197716,0,0,0_okno_n3-4
2197735,2,0,0_okno_n1
2197750,0,0,0_okno_n1
2197845,3,0,0_okno_n1
2197848,3,0,0_okno_n1
2197866,1,0,0_okno_n2
2197924,1,0,0_okno_n1
2197934,4,0,0_okno_n1
2197966,0,0,0_okno_n1
2197980,0,0,0_okno_n1
2197982,1,0,0_okno_n1
2197999,0,0,0_okno_n2
2198015,3,0,0_okno_n2
2198018,2,0,0_okno_n2
2198023,4,0,0_okno_n1
2198024,4,0,0_okno_n3-4
2198025,2,0,0_okno_n1
2198029,1,0,0_okno_n1
2198042,1,0,0_okno_n1
2198044,2,0,0_okno_n2
2198049,1,0,0_okno_n2
2198059,0,0,0_okno_n1
2198060,3,0,0_okno_n1
2198062,2,0,0_okno_n1
2198063,2,0,0_okno_n1
2198071,4,0,0_okno_n3-4
2198073,4,0,0_okno_n1
2198087,1,0,0_okno_n1
2198214,2,0,0_okno_n3-4
2198215,1,0,0_okno_n1
2198277,4,0,0_okno_n2
2198294,0,0,0_okno_n1
2198300,1,0,0_okno_n1
2198310,3,0,0_okno_n1
2198320,3,0,0_okno_n1
2198325,2,0,0_okno_n3-4
2198351,0,0,0_okno_n2
2198368,2,0,0_okno_n1
2198370,2,0,0_okno_n1
2198378,2,0,0_okno_n1
2198380,0,0,0_okno_n1
2198384,3,0,0_okno_n2
2198385,0,0,0_okno_n1
2198389,2,0,0_okno_n3-4
2198392,4,0,0_okno_n1
2198396,4,0,0_okno_n1
2198430,3,0,0_okno_n1
2198432,4,0,0_okno_n1
2198479,4,0,0_okno_n2
2198495,3,0,0_okno_n1
2198506,2,0,0_okno_n1
2198572,3,0,0_okno_n1
2198578,4,0,0_okno_n2
2198579,4,0,0_okno_n2
2198584,4,0,0_okno_n2
2198595,0,0,0_okno_n1
2198609,2,0,0_okno_n1
2198623,4,0,0_okno_n2
2198625,1,0,0_okno_n1
2198637,4,0,0_okno_n1
2198644,4,0,0_okno_n3-4
2198647,1,0,0_okno_n1
2198662,3,0,0_okno_n1
2198667,4,0,0_okno_n2
2198684,4,0,0_okno_n1
2198690,3,0,0_okno_n1
2198691,4,0,0_okno_n1
2198696,1,0,0_okno_n2
2198702,2,0,0_okno_n3-4
2198704,0,0,0_okno_n1
2198709,1,0,0_okno_n1
2198712,2,0,0_okno_n1
2198715,2,0,0_okno_n1
2198719,3,0,0_okno_n1
2198723,0,0,0_okno_n1
2198744,0,0,0_okno_n3-4
2198767,1,0,0_okno_n2
2198815,4,0,0_okno_n2
2198862,1,0,0_okno_n1
2198866,3,0,0_okno_n3-4
2198891,1,0,0_okno_n1
2198931,0,0,0_okno_n1
2198941,2,0,0_okno_n1
2198943,3,0,0_okno_n1
2198954,3,0,0_okno_n1
2198956,1,0,0_okno_n2
2198979,3,0,0_okno_n1
2198981,3,0,0_okno_n1
2198987,0,0,0_okno_n1
2198991,3,0,0_okno_n3-4
2198993,1,0,0_okno_n3-4
2199012,3,0,0_okno_n1
2199016,2,0,0_okno_n2
2199070,4,0,0_okno_n1
2199073,0,0,0_okno_n1
2199090,1,0,0_okno_n2
2199127,3,0,0_okno_n2
2199140,4,0,0_okno_n2
2199158,4,0,0_okno_n2
2199205,3,0,0_okno_n2
2199217,3,0,0_okno_n2
2199226,2,0,0_okno_n1
2199230,2,0,0_okno_n1
2199237,2,0,0_okno_n1
2199240,3,0,0_okno_n5+
2199242,0,0,0_okno_n1
2199244,3,0,0_okno_n1
2199249,4,0,0_okno_n1
2199254,2,0,0_okno_n1
2199258,1,0,0_okno_n3-4
2199260,4,0,0_okno_n1
2199262,3,0,0_okno_n1
2199270,0,0,0_okno_n3-4
2199273,0,0,0_okno_n1
2199283,0,0,0_okno_n1
2199284,0,0,0_okno_n1
2199286,2,0,0_okno_n3-4
2199306,2,0,0_okno_n1
2199311,1,0,0_okno_n1
2199314,1,0,0_okno_n2
2199321,1,0,0_okno_n1
2199328,3,0,0_okno_n1
2199334,2,0,0_okno_n1
2199344,1,0,0_okno_n2
2199346,3,0,0_okno_n1
2199348,3,0,0_okno_n1
2199357,4,0,0_okno_n2
2199360,2,0,0_okno_n1
2199362,1,0,0_okno_n2
2199365,4,0,0_okno_n1
2199366,1,0,0_okno_n1
2199373,0,0,0_okno_n1
2199397,1,0,0_okno_n1
2199413,3,0,0_okno_n1
2199423,2,0,0_okno_n1
2199424,4,0,0_okno_n1
2199443,0,0,0_okno_n2
2199445,0,0,0_okno_n1
2199459,1,0,0_okno_n3-4
2199502,2,0,0_okno_n1
2199516,2,0,0_okno_n1
2199526,3,0,0_okno_n1
2199531,3,0,0_okno_n1
2199537,3,0,0_okno_n1
2199544,4,0,0_okno_n2
2199548,4,0,0_okno_n1
2199559,2,0,0_okno_n1
2199564,2,0,0_okno_n1
2199565,1,0,0_okno_n3-4
2199605,1,0,0_okno_n2
2199615,0,0,0_okno_n1
2199656,0,0,0_okno_n3-4
2199669,1,0,0_okno_n1
2199670,4,0,0_okno_n1
2199672,3,0,0_okno_n1
2199688,2,0,0_okno_n2
2199697,3,0,0_okno_n1
2199698,0,0,0_okno_n1
2199701,3,0,0_okno_n2
2199716,4,0,0_okno_n1
2199738,0,0,0_okno_n1
2199754,2,0,0_okno_n1
2199764,4,0,0_okno_n1
2199844,4,0,0_okno_n2
2199885,3,0,0_okno_n2
2199913,4,0,0_okno_n2
2199970,1,0,0_okno_n1
2199985,0,0,0_okno_n1
2199999,1,0,0_okno_n1
2200018,3,0,0_okno_n1
2200020,4,0,0_okno_n2
2200022,0,0,0_okno_n1
2200026,3,0,0_okno_n2
2200027,2,0,0_okno_n1
2200036,4,0,0_okno_n1
2200046,1,0,0_okno_n1
2200050,4,0,0_okno_n1
2200051,3,0,0_okno_n1
2200054,0,0,0_okno_n1
2200094,4,0,0_okno_n2
2200107,3,0,0_okno_n1
2200165,3,0,0_okno_n1
2200170,1,0,0_okno_n1
2200171,1,0,0_okno_n1
2200253,2,0,0_okno_n3-4
2200264,2,0,0_okno_n1
2200290,0,0,0_okno_n1
2200296,1,1,1_okno_n1
2200299,3,0,0_okno_n1
2200322,3,0,0_okno_n1
2200327,2,0,0_okno_n1
2200329,4,0,0_okno_n2
2200333,1,0,0_okno_n1
2200336,0,0,0_okno_n1
2200343,4,0,0_okno_n1
2200348,4,0,0_okno_n1
2200356,2,0,0_okno_n2
2200363,3,0,0_okno_n2
2200373,3,0,0_okno_n1
2200381,1,0,0_okno_n1
2200384,4,0,0_okno_n1
2200413,3,0,0_okno_n2
2200419,4,0,0_okno_n2
2200437,2,0,0_okno_n1
2200458,3,0,0_okno_n1
2200470,4,0,0_okno_n2
2200475,4,0,0_okno_n1
2200479,4,0,0_okno_n3-4
2200496,4,0,0_okno_n1
2200535,4,0,0_okno_n1
2200578,2,0,0_okno_n2
2200580,2,0,0_okno_n1
2200594,1,1,1_pozaokno_n1
2200599,3,0,0_okno_n1
2200637,4,0,0_okno_n1
2200652,4,0,0_okno_n1
2200654,1,0,0_okno_n1
2200675,0,0,0_okno_n1
2200678,2,0,0_okno_n1
2200680,2,0,0_okno_n1
2200682,3,0,0_okno_n1
2200687,1,0,0_okno_n1
2200688,3,0,0_okno_n2
2200691,0,0,0_okno_n1
2200692,0,0,0_okno_n1
2200697,4,0,0_okno_n2
2200717,0,0,0_okno_n1
2200719,2,0,0_okno_n2
2200731,0,0,0_okno_n1
2200770,0,0,0_okno_n2
2200783,2,0,0_okno_n1
2200791,2,0,0_okno_n2
2200822,2,0,0_okno_n1
2200834,4,0,0_okno_n1
2200848,1,0,0_okno_n1
2200862,3,0,0_okno_n1
2200881,0,0,0_okno_n2
2200923,3,0,0_okno_n2
2200931,3,0,0_okno_n2
2200936,3,0,0_okno_n2
2200939,3,0,0_okno_n1
2200946,3,0,0_okno_n2
2200951,2,0,0_okno_n2
2200956,2,0,0_okno_n2
2200958,0,0,0_okno_n1
2200961,1,0,0_okno_n2
2200962,4,0,0_okno_n2
2200964,1,0,0_okno_n2
2200968,2,0,0_okno_n2
2200982,0,0,0_okno_n2
2200983,1,0,0_okno_n1
2200987,4,0,0_okno_n2
2200989,3,0,0_okno_n2
2200991,4,0,0_okno_n1
2201002,0,0,0_okno_n2
2201005,2,0,0_okno_n1
2201015,2,0,0_okno_n2
2201017,1,0,0_okno_n1
2201034,1,0,0_okno_n1
2201052,4,0,0_okno_n1
2201054,3,0,0_okno_n1
2201056,3,0,0_okno_n1
2201061,3,0,0_okno_n1
2201087,1,0,0_okno_n1
2201107,1,0,0_okno_n1
2201114,0,0,0_okno_n1
2201116,0,0,0_okno_n1
2201121,0,0,0_okno_n1
2201126,2,0,0_okno_n1
2201129,4,0,0_okno_n1
2201131,4,0,0_okno_n1
2201137,0,0,0_okno_n1
2201142,2,0,0_okno_n1
2201143,4,0,0_okno_n1
2201148,4,0,0_okno_n1
2201151,2,0,0_okno_n1
2201155,0,0,0_okno_n2
2201158,2,0,0_okno_n1
2201161,4,0,0_okno_n1
2201189,3,0,0_okno_n1
2201224,2,0,0_okno_n1
2201241,4,0,0_okno_n1
2201249,2,0,0_okno_n1
2201290,3,0,0_okno_n1
2201300,3,0,0_okno_n1
2201307,1,0,0_okno_n2
2201344,2,0,0_okno_n3-4
2201351,4,0,0_okno_n1
2201374,3,0,0_okno_n1
2201398,3,0,0_okno_n1
2201405,1,0,0_okno_n1
2201416,4,0,0_okno_n1
2201448,2,0,0_okno_n1
2201449,4,0,0_okno_n1
2201454,1,0,0_okno_n1
2201456,2,0,0_okno_n1
2201458,4,0,0_okno_n1
2201465,3,0,0_okno_n1
2201471,2,0,0_okno_n1
2201473,3,0,0_okno_n1
2201477,0,0,0_okno_n1
2201481,2,0,0_okno_n1
2201483,4,0,0_okno_n1
2201489,3,0,0_okno_n1
2201490,0,0,0_okno_n1
2201494,2,0,0_okno_n1
2201497,2,0,0_okno_n1
2201510,1,0,0_okno_n1
2201519,3,0,0_okno_n1
2201582,1,0,0_okno_n1
2201667,3,0,0_okno_n2
2201683,2,0,0_okno_n3-4
2201710,0,0,0_okno_n1
2201714,2,0,0_okno_n1
2201737,1,0,0_okno_n2
2201784,2,0,0_okno_n1
2201787,3,0,0_okno_n1
2201788,4,0,0_okno_n1
2201792,0,0,0_okno_n1
2201795,3,0,0_okno_n1
2201804,1,0,0_okno_n1
2201807,2,0,0_okno_n1
2201813,0,0,0_okno_n1
2201814,3,0,0_okno_n1
2201815,1,0,0_okno_n1
2201823,0,0,0_okno_n2
2201826,4,0,0_okno_n1
2201828,0,0,0_okno_n1
2201829,3,0,0_okno_n1
2201851,4,0,0_okno_n1
2201856,4,0,0_okno_n1
2201890,4,0,0_okno_n1
2201956,2,0,0_okno_n1
2201973,1,0,0_okno_n1
2202036,3,0,0_okno_n1
2202045,2,0,0_okno_n1
2202073,4,0,0_okno_n1
2202080,0,0,0_okno_n1
2202085,2,0,0_okno_n3-4
2202099,4,0,0_okno_n1
2202101,3,0,0_okno_n1
2202102,1,0,0_okno_n2
2202116,2,0,0_okno_n3-4
2202134,2,0,0_okno_n1
2202141,1,0,0_okno_n1
2202145,2,0,0_okno_n1
2202213,3,0,0_okno_n2
2202247,4,0,0_okno_n1
2202251,3,0,0_okno_n1
2202264,0,0,0_okno_n2
2202294,1,0,0_okno_n1
2202295,2,0,0_okno_n1
2202301,1,0,0_okno_n1
2202309,4,0,0_okno_n2
2202358,3,0,0_okno_n2
2202360,0,0,0_okno_n2
2202361,3,0,0_okno_n3-4
2202370,1,0,0_okno_n1
2202380,4,0,0_okno_n3-4
2202388,1,0,0_okno_n1
2202394,4,0,0_okno_n2
2202409,1,0,0_okno_n1
2202413,4,0,0_okno_n1
2202418,0,0,0_okno_n2
2202428,0,0,0_okno_n1
2202430,2,0,0_okno_n1
2202432,3,0,0_okno_n1
2202434,3,0,0_okno_n1
2202441,2,0,0_okno_n1
2202448,2,0,0_okno_n1
2202452,1,0,0_okno_n5+
2202463,3,0,0_okno_n1
2202468,2,0,0_okno_n3-4
2202519,3,0,0_okno_n1
2202563,2,0,0_okno_n1
2202601,4,0,0_okno_n1
2202621,1,0,0_okno_n1
2202623,4,0,0_okno_n2
2202625,0,0,0_okno_n1
2202685,4,0,0_okno_n1
2202701,1,0,0_okno_n3-4
2202704,1,0,0_okno_n1
2202710,0,0,0_okno_n2
2202712,4,0,0_okno_n2
2202718,1,0,0_okno_n1
2202721,2,0,0_okno_n3-4
2202724,4,0,0_okno_n1
2202726,3,0,0_okno_n1
2202730,4,0,0_okno_n1
2202736,4,0,0_okno_n2
2202739,1,0,0_okno_n2
2202744,1,0,0_okno_n1
2202745,1,0,0_okno_n2
2202751,1,0,0_okno_n1
2202753,2,0,0_okno_n2
2202763,3,0,0_okno_n1
2202770,3,0,0_okno_n1
2202774,4,0,0_okno_n1
2202782,0,0,0_okno_n2
2202784,3,0,0_okno_n3-4
2202786,2,0,0_okno_n3-4
2202793,4,0,0_okno_n1
2202796,3,0,0_okno_n1
2202798,4,0,0_okno_n1
2202812,1,0,0_okno_n1
2202821,1,0,0_okno_n1
2202823,0,0,0_okno_n1
2202825,3,0,0_okno_n1
2202832,1,0,0_okno_n1
2202834,0,0,0_okno_n1
2202836,0,0,0_okno_n1
2202838,0,0,0_okno_n1
2202854,4,0,0_okno_n1
2202859,4,0,0_okno_n1
2202861,4,0,0_okno_n1
2202879,4,0,0_okno_n1
2202901,4,0,0_okno_n1
2202913,1,0,0_okno_n1
2202918,2,0,0_okno_n2
2202922,0,0,0_okno_n1
2202937,1,0,0_okno_n1
2202939,1,0,0_okno_n1
2202943,2,0,0_okno_n1
2202944,3,0,0_okno_n1
2202945,1,0,0_okno_n1
2203000,2,0,0_okno_n1
2203017,1,0,0_okno_n3-4
2203128,3,0,0_okno_n2
2203132,1,0,0_okno_n1
2203133,4,0,0_okno_n1
2203141,0,0,0_okno_n2
2203155,2,0,0_okno_n1
2203159,1,0,0_okno_n1
2203199,0,0,0_okno_n1
2203216,0,0,0_okno_n1
2203224,4,0,0_okno_n1
2203229,4,0,0_okno_n2
2203234,3,0,0_okno_n1
2203239,4,0,0_okno_n1
2203248,3,0,0_okno_n1
2203250,3,0,0_okno_n1
2203258,1,0,0_okno_n1
2203264,3,0,0_okno_n3-4
2203268,1,0,0_okno_n2
2203269,2,0,0_okno_n3-4
2203274,1,0,0_okno_n1
2203332,2,0,0_okno_n1
2203333,0,0,0_okno_n2
2203337,1,0,0_okno_n1
2203362,4,0,0_okno_n3-4
2203372,3,0,0_okno_n2
2203391,1,0,0_okno_n1
2203437,3,0,0_okno_n1
2203463,1,0,0_okno_n1
2203476,0,0,0_okno_n1
2203504,0,0,0_okno_n1
2203516,4,0,0_okno_n3-4
2203517,2,0,0_okno_n1
2203519,3,0,0_okno_n5+
2203538,1,0,0_okno_n1
2203540,2,0,0_okno_n1
2203544,0,0,0_okno_n1
2203546,4,0,0_okno_n2
2203550,3,0,0_okno_n1
2203551,3,0,0_okno_n1
2203552,0,0,0_okno_n1
2203582,1,0,0_okno_n1
2203587,1,0,0_okno_n2
2203590,2,0,0_okno_n1
2203599,4,0,0_okno_n1
2203626,4,0,0_okno_n2
2203651,4,0,0_okno_n1
2203662,0,0,0_okno_n1
2203665,4,1,1_pozaokno_n1
2203686,1,0,0_okno_n2
2203697,2,0,0_okno_n1
2203717,4,0,0_okno_n1
2203739,3,0,0_okno_n2
2203754,4,0,0_okno_n1
2203761,0,0,0_okno_n1
2203770,2,1,1_okno_n2
2203783,1,0,0_okno_n1
2203793,0,0,0_okno_n1
2203808,0,0,0_okno_n1
2203810,2,0,0_okno_n1
2203837,0,0,0_okno_n1
2203840,3,0,0_okno_n1
2203842,1,0,0_okno_n1
2203845,1,0,0_okno_n1
2203847,1,0,0_okno_n1
2203848,3,0,0_okno_n1
2203850,0,0,0_okno_n2
2203854,1,0,0_okno_n1
2203857,3,0,0_okno_n2
2203865,2,0,0_okno_n1
2203866,4,0,0_okno_n3-4
2203876,1,0,0_okno_n5+
2203889,1,0,0_okno_n1
2203920,2,0,0_okno_n1
2204018,3,0,0_okno_n5+
2204036,3,0,0_okno_n1
2204039,0,0,0_okno_n1
2204067,2,0,0_okno_n2
2204076,4,0,0_okno_n1
2204077,4,0,0_okno_n2
2204079,1,0,0_okno_n2
2204103,1,0,0_okno_n1
2204119,2,0,0_okno_n1
2204127,2,0,0_okno_n2
2204129,3,0,0_okno_n2
2204132,2,0,0_okno_n1
2204134,1,0,0_okno_n2
2204143,1,0,0_okno_n1
2204150,4,0,0_okno_n1
2204154,1,0,0_okno_n1
2204156,1,0,0_okno_n1
2204157,4,0,0_okno_n1
2204166,3,0,0_okno_n3-4
2204170,2,0,0_okno_n2
2204174,3,0,0_okno_n2
2204181,2,0,0_okno_n1
2204190,3,0,0_okno_n1
2204194,4,0,0_okno_n1
2204202,1,0,0_okno_n2
2204226,4,0,0_okno_n1
2204255,0,0,0_okno_n1
2204257,3,1,1_pozaokno_n2
2204283,4,0,0_okno_n1
2204311,0,0,0_okno_n2
2204312,0,0,0_okno_n1
2204321,1,0,0_okno_n1
2204332,2,0,0_okno_n1
2204335,2,0,0_okno_n1
2204341,4,0,0_okno_n5+
2204347,2,0,0_okno_n1
2204361,1,0,0_okno_n1
2204395,1,0,0_okno_n1
2204399,2,0,0_okno_n1
2204411,3,0,0_okno_n2
2204412,0,0,0_okno_n2
2204429,3,0,0_okno_n2
2204433,4,0,0_okno_n1
2204436,4,0,0_okno_n1
2204437,1,0,0_okno_n1
2204442,0,0,0_okno_n1
2204457,3,0,0_okno_n1
2204459,3,0,0_okno_n3-4
2204473,4,0,0_okno_n1
2204485,1,0,0_okno_n2
2204487,4,0,0_okno_n2
2204491,0,0,0_okno_n2
2204497,3,0,0_okno_n1
2204500,1,0,0_okno_n1
2204503,3,0,0_okno_n1
2204504,4,0,0_okno_n2
2204509,3,0,0_okno_n1
2204510,0,0,0_okno_n1
2204513,0,0,0_okno_n3-4
2204536,2,0,0_okno_n1
2204558,4,0,0_okno_n1
2204559,3,0,0_okno_n1
2204574,1,0,0_okno_n1
2204576,3,0,0_okno_n2
2204581,1,0,0_okno_n1
2204583,1,0,0_okno_n1
2204588,1,0,0_okno_n2
2204593,1,0,0_okno_n1
2204599,4,0,0_okno_n1
2204611,4,0,0_okno_n1
2204614,1,0,0_okno_n1
2204619,3,0,0_okno_n1
2204620,1,0,0_okno_n1
2204621,1,0,0_okno_n1
2204623,4,0,0_okno_n1
2204626,4,0,0_okno_n1
2204629,1,0,0_okno_n1
2204631,4,0,0_okno_n1
2204634,2,0,0_okno_n1
2204640,4,0,0_okno_n2
2204689,1,0,0_okno_n2
2204691,1,0,0_okno_n1
2204697,1,0,0_okno_n1
2204702,4,0,0_okno_n3-4
2204706,4,0,0_okno_n1
2204708,1,0,0_okno_n1
2204727,1,0,0_okno_n2
2204740,4,0,0_okno_n3-4
2204806,2,0,0_okno_n2
2204823,4,0,0_okno_n1
2204834,2,0,0_okno_n1
2204836,2,0,0_okno_n1
2204842,0,0,0_okno_n1
2204853,2,0,0_okno_n1
2204887,1,0,0_okno_n3-4
2204906,0,0,0_okno_n3-4
2204909,2,0,0_okno_n5+
2204923,0,0,0_okno_n1
2204924,4,0,0_okno_n2
2204925,0,0,0_okno_n1
2204929,2,0,0_okno_n2
2204935,1,0,0_okno_n1
2204936,0,0,0_okno_n1
2204940,2,0,0_okno_n1
2204944,3,0,0_okno_n1
2204946,0,0,0_okno_n1
2204961,4,0,0_okno_n1
2204987,2,0,0_okno_n2
2204989,3,0,0_okno_n1
2205035,2,0,0_okno_n2
2205115,0,0,0_okno_n2
2205145,1,0,0_okno_n3-4
2205153,2,0,0_okno_n1
2205171,0,0,0_okno_n2
2205184,4,0,0_okno_n1
2205188,4,0,0_okno_n1
2205191,3,0,0_okno_n2
2205208,1,0,0_okno_n2
2205211,3,0,0_okno_n1
2205212,0,0,0_okno_n1
2205213,3,0,0_okno_n1
2205215,3,0,0_okno_n2
2205222,4,0,0_okno_n1
2205224,1,0,0_okno_n1
2205238,4,0,0_okno_n1
2205240,3,0,0_okno_n1
2205245,4,0,0_okno_n1
2205251,4,0,0_okno_n1
2205264,2,0,0_okno_n1
2205305,2,0,0_okno_n1
2205310,4,0,0_okno_n1
2205340,0,0,0_okno_n2
2205363,3,0,0_okno_n2
2205386,3,0,0_okno_n1
2205447,3,0,0_okno_n2
2205461,1,0,0_okno_n1
2205481,4,0,0_okno_n1
2205483,3,0,0_okno_n2
2205498,4,0,0_okno_n1
2205510,0,0,0_okno_n1
2205517,1,0,0_okno_n2
2205526,3,0,0_okno_n1
2205528,3,0,0_okno_n1
2205533,1,0,0_okno_n1
2205536,3,0,0_okno_n1
2205539,0,0,0_okno_n1
2205540,1,0,0_okno_n1
2205543,0,0,0_okno_n1
2205553,3,0,0_okno_n1
2205556,4,0,0_okno_n1
2205559,2,0,0_okno_n1
2205562,1,0,0_okno_n1
2205563,4,0,0_okno_n1
2205565,2,0,0_okno_n1
2205566,2,0,0_okno_n1
2205567,0,0,0_okno_n1
2205579,2,0,0_okno_n2
2205616,0,0,0_okno_n1
2205617,4,0,0_okno_n1
2205629,0,0,0_okno_n1
2205676,4,0,0_okno_n1
2205691,3,0,0_okno_n3-4
2205728,4,0,0_okno_n1
2205730,4,0,0_okno_n2
2205742,2,0,0_okno_n1
2205746,3,0,0_okno_n1
2205755,4,0,0_okno_n3-4
2205766,2,0,0_okno_n1
2205775,3,0,0_okno_n1
2205781,2,0,0_okno_n1
2205812,4,0,0_okno_n2
2205820,0,0,0_okno_n3-4
2205830,3,0,0_okno_n3-4
2205840,3,0,0_okno_n2
2205843,4,0,0_okno_n2
2205844,4,0,0_okno_n1
2205861,4,0,0_okno_n1
2205862,3,0,0_okno_n1
2205886,2,0,0_okno_n1
2205918,4,0,0_okno_n1
2205919,4,0,0_okno_n1
2205922,1,0,0_okno_n1
2205923,3,0,0_okno_n2
2205940,1,0,0_okno_n2
2205993,1,1,1_okno_n1
2206017,4,0,0_okno_n5+
2206026,2,0,0_okno_n2
2206032,3,0,0_okno_n2
2206037,4,0,0_okno_n2
2206044,1,0,0_okno_n1
2206049,1,0,0_okno_n1
2206054,2,0,0_okno_n1
2206060,4,0,0_okno_n1
2206076,1,0,0_okno_n2
2206081,1,0,0_okno_n2
2206084,2,0,0_okno_n2
2206087,1,0,0_okno_n1
2206089,4,0,0_okno_n1
2206091,0,0,0_okno_n2
2206105,0,0,0_okno_n1
2206106,3,0,0_okno_n1
2206110,0,0,0_okno_n1
2206112,4,0,0_okno_n1
2206115,0,0,0_okno_n1
2206128,2,0,0_okno_n1
2206131,0,0,0_okno_n2
2206132,3,0,0_okno_n2
2206139,4,0,0_okno_n1
2206140,0,0,0_okno_n1
2206157,1,0,0_okno_n1
2206160,3,0,0_okno_n1
2206169,3,0,0_okno_n1
2206171,4,0,0_okno_n2
2206172,4,0,0_okno_n3-4
2206176,4,0,0_okno_n2
2206179,1,0,0_okno_n3-4
2206187,4,0,0_okno_n1
2206191,1,0,0_okno_n2
2206193,1,0,0_okno_n2
2206198,1,0,0_okno_n1
2206199,4,0,0_okno_n1
2206202,3,0,0_okno_n1
2206205,3,0,0_okno_n1
2206206,1,0,0_okno_n1
2206213,2,0,0_okno_n1
2206220,3,0,0_okno_n2
2206229,2,0,0_okno_n1
2206232,2,0,0_okno_n1
2206238,4,0,0_okno_n1
2206240,1,0,0_okno_n1
2206244,2,0,0_okno_n1
2206248,0,0,0_okno_n1
2206252,3,0,0_okno_n1
2206253,4,0,0_okno_n1
2206285,2,0,0_okno_n2
2206289,3,0,0_okno_n1
2206292,2,0,0_okno_n1
2206293,0,0,0_okno_n1
2206302,3,0,0_okno_n1
2206314,3,0,0_okno_n1
2206317,4,0,0_okno_n1
2206323,2,0,0_okno_n3-4
2206328,1,0,0_okno_n1
2206330,1,0,0_okno_n1
2206332,3,0,0_okno_n1
2206334,1,0,0_okno_n1
2206339,1,0,0_okno_n1
2206340,0,0,0_okno_n1
2206412,3,0,0_okno_n1
2206428,0,0,0_okno_n1
2206457,2,0,0_okno_n1
2206462,1,0,0_okno_n1
2206474,3,0,0_okno_n1
2206505,3,0,0_okno_n1
2206574,3,0,0_okno_n1
2206582,3,0,0_okno_n1
2206587,3,0,0_okno_n5+
2206590,4,0,0_okno_n1
2206594,3,0,0_okno_n1
2206599,2,0,0_okno_n2
2206601,2,0,0_okno_n1
2206603,0,0,0_okno_n2
2206622,0,0,0_okno_n1
2206623,3,0,0_okno_n1
2206639,4,0,0_okno_n2
2206641,1,0,0_okno_n1
2206642,4,0,0_okno_n1
2206677,0,0,0_okno_n2
2206781,0,0,0_okno_n1
2206803,1,0,0_okno_n1
2206808,0,0,0_okno_n1
2206832,1,0,0_okno_n1
2206859,2,0,0_okno_n1
2206860,1,0,0_okno_n2
2206863,0,0,0_okno_n2
2206883,0,0,0_okno_n1
2206916,0,0,0_okno_n2
2206933,0,0,0_okno_n1
2206937,3,0,0_okno_n1
2206940,4,0,0_okno_n1
2206950,4,0,0_okno_n2
2206957,4,0,0_okno_n1
2206958,2,0,0_okno_n1
2206959,4,0,0_okno_n2
2206970,3,0,0_okno_n3-4
2206981,1,0,0_okno_n1
2207025,2,0,0_okno_n2
2207026,2,0,0_okno_n1
2207104,0,0,0_okno_n2
2207107,3,0,0_okno_n2
2207126,2,0,0_okno_n2
2207136,3,0,0_okno_n1
2207139,0,0,0_okno_n1
2207146,1,0,0_okno_n2
2207158,3,0,0_okno_n2
2207159,4,0,0_okno_n1
2207191,4,0,0_okno_n1
2207197,0,0,0_okno_n1
2207205,3,0,0_okno_n1
2207224,4,0,0_okno_n1
2207226,2,0,0_okno_n1
2207233,2,0,0_okno_n1
2207235,1,0,0_okno_n1
2207236,2,0,0_okno_n1
2207239,0,0,0_okno_n1
2207275,4,0,0_okno_n3-4
2207280,2,0,0_okno_n1
2207283,2,0,0_okno_n2
2207307,2,0,0_okno_n1
2207319,0,0,0_okno_n3-4
2207337,1,0,0_okno_n1
2207365,1,0,0_okno_n1
2207418,1,0,0_okno_n2
2207450,4,0,0_okno_n2
2207472,1,0,0_okno_n2
2207485,0,0,0_okno_n2
2207512,0,0,0_okno_n3-4
2207520,3,0,0_okno_n1
2207531,2,0,0_okno_n2
2207533,2,0,0_okno_n3-4
2207536,3,0,0_okno_n1
2207540,0,0,0_okno_n1
2207541,2,0,0_okno_n2
2207544,2,0,0_okno_n2
2207545,1,0,0_okno_n1
2207579,3,0,0_okno_n1
2207582,2,0,0_okno_n1
2207618,3,0,0_okno_n1
2207626,3,0,0_okno_n2
2207651,4,0,0_okno_n2
2207690,0,0,0_okno_n1
2207701,4,0,0_okno_n3-4
2207704,1,0,0_okno_n2
2207738,3,0,0_okno_n2
2207743,0,0,0_okno_n2
2207746,4,0,0_okno_n1
2207773,1,0,0_okno_n2
2207776,0,0,0_okno_n5+
2207779,4,0,0_okno_n1
2207782,0,0,0_okno_n1
2207793,2,0,0_okno_n1
2207802,2,0,0_okno_n1
2207809,1,0,0_okno_n2
2207810,1,0,0_okno_n3-4
2207823,2,0,0_okno_n1
2207829,3,0,0_okno_n2
2207835,2,0,0_okno_n1
2207838,1,0,0_okno_n2
2207846,3,0,0_okno_n1
2207848,4,0,0_okno_n2
2207852,2,0,0_okno_n1
2207859,3,0,0_okno_n3-4
2207866,1,0,0_okno_n1
2207868,2,0,0_okno_n1
2207870,0,0,0_okno_n1
2207872,1,0,0_okno_n1
2207876,3,0,0_okno_n1
2207888,2,0,0_okno_n2
2207904,0,0,0_okno_n2
2207907,1,0,0_okno_n1
2207910,2,0,0_okno_n1
2207913,3,0,0_okno_n1
2207915,1,0,0_okno_n1
2207919,3,0,0_okno_n1
2207927,2,0,0_okno_n1
2207929,2,0,0_okno_n1
2207963,2,0,0_okno_n1
2207977,0,0,0_okno_n1
2207983,1,0,0_okno_n1
2207989,1,0,0_okno_n1
2207996,0,0,0_okno_n1
2208002,4,0,0_okno_n1
2208004,0,0,0_okno_n1
2208009,4,0,0_okno_n1
2208012,4,0,0_okno_n3-4
2208021,2,0,0_okno_n1
2208023,0,0,0_okno_n2
2208030,3,0,0_okno_n1
2208036,1,0,0_okno_n1
2208051,2,0,0_okno_n1
2208098,2,0,0_okno_n1
2208107,2,0,0_okno_n1
2208123,2,0,0_okno_n1
2208140,4,0,0_okno_n1
2208176,3,0,0_okno_n1
2208177,0,0,0_okno_n1
2208197,1,0,0_okno_n1
2208205,0,0,0_okno_n1
2208209,2,0,0_okno_n1
2208220,0,0,0_okno_n1
2208241,1,0,0_okno_n1
2208242,1,0,0_okno_n1
2208266,2,0,0_okno_n1
2208281,3,0,0_okno_n2
2208283,0,0,0_okno_n1
2208287,2,0,0_okno_n1
2208288,1,0,0_okno_n1
2208291,2,0,0_okno_n2
2208302,2,0,0_okno_n1
2208315,3,0,0_okno_n1
2208317,1,0,0_okno_n1
2208320,2,0,0_okno_n1
2208324,3,0,0_okno_n1
2208334,4,0,0_okno_n1
2208338,0,0,0_okno_n1
2208340,2,0,0_okno_n1
2208341,1,0,0_okno_n1
2208347,0,0,0_okno_n1
2208351,4,0,0_okno_n1
2208357,0,0,0_okno_n1
2208362,4,0,0_okno_n1
2208373,3,0,0_okno_n1
2208382,1,0,0_okno_n1
2208396,1,0,0_okno_n1
2208422,0,0,0_okno_n1
2208438,0,0,0_okno_n1
2208443,1,0,0_okno_n1
2208446,3,0,0_okno_n1
2208463,3,0,0_okno_n1
2208486,0,0,0_okno_n1
2208490,1,0,0_okno_n1
2208509,0,0,0_okno_n1
2208519,0,0,0_okno_n2
2208520,0,0,0_okno_n1
2208521,0,0,0_okno_n3-4
2208554,0,0,0_okno_n1
2208584,0,0,0_okno_n1
2208595,3,0,0_okno_n1
2208603,1,0,0_okno_n2
2208615,4,0,0_okno_n1
2208635,0,0,0_okno_n1
2208648,4,0,0_okno_n1
2208652,4,0,0_okno_n1
2208653,4,0,0_okno_n1
2208655,2,0,0_okno_n1
2208659,1,0,0_okno_n1
2208661,1,0,0_okno_n1
2208663,4,0,0_okno_n1
2208667,1,0,0_okno_n1
2208668,3,0,0_okno_n1
2208680,1,0,0_okno_n1
2208691,4,0,0_okno_n1
2208721,0,0,0_okno_n1
2208735,1,0,0_okno_n1
2208741,4,0,0_okno_n2
2208766,2,0,0_okno_n1
2208776,2,0,0_okno_n1
2208793,2,0,0_okno_n1
2208837,4,0,0_okno_n1
2208871,2,0,0_okno_n1
2208874,1,0,0_okno_n2
2208878,3,0,0_okno_n1
2208880,2,0,0_okno_n1
2208891,4,0,0_okno_n1
2208898,4,0,0_okno_n1
2208908,0,0,0_okno_n1
2208910,2,0,0_okno_n1
2208911,3,0,0_okno_n1
2208928,4,0,0_okno_n1
2208930,4,0,0_okno_n1
2208932,4,0,0_okno_n1
2208941,3,0,0_okno_n1
2208944,3,0,0_okno_n1
2208952,1,0,0_okno_n1
2208963,4,0,0_okno_n2
2209009,3,0,0_okno_n1
2209066,3,0,0_okno_n1
2209086,3,0,0_okno_n1
2209091,2,0,0_okno_n1
2209099,4,0,0_okno_n1
2209118,2,0,0_okno_n1
2209154,1,0,0_okno_n1
2209159,2,0,0_okno_n1
2209188,1,0,0_okno_n1
2209190,2,0,0_okno_n1
2209192,2,0,0_okno_n1
2209197,0,0,0_okno_n1
2209200,1,0,0_okno_n3-4
2209211,2,0,0_okno_n5+
2209214,3,0,0_okno_n1
2209219,2,0,0_okno_n1
2209222,0,0,0_okno_n1
2209223,2,0,0_okno_n1
2209224,1,0,0_okno_n1
2209233,1,0,0_okno_n1
2209240,2,0,0_okno_n1
2209244,2,0,0_okno_n2
2209252,1,0,0_okno_n3-4
2209303,2,0,0_okno_n1
2209333,1,0,0_okno_n1
2209346,1,0,0_okno_n1
2209349,0,0,0_okno_n1
2209372,1,0,0_okno_n1
2209409,1,0,0_okno_n1
2209422,0,0,0_okno_n2
2209427,3,0,0_okno_n1
2209429,2,0,0_okno_n1
2209442,0,0,0_okno_n1
2209476,3,0,0_okno_n1
2209493,1,0,0_okno_n1
2209505,0,0,0_okno_n1
2209510,0,0,0_okno_n1
2209518,4,0,0_okno_n1
2209520,1,0,0_okno_n1
2209522,4,0,0_okno_n1
2209525,0,0,0_okno_n1
2209532,1,0,0_okno_n1
2209540,1,0,0_okno_n1
2209543,1,0,0_okno_n1
2209544,2,0,0_okno_n1
2209555,4,0,0_okno_n1
2209558,0,0,0_okno_n1
2209562,1,0,0_okno_n1
2209566,3,0,0_okno_n1
2209577,0,0,0_okno_n1
2209585,3,0,0_okno_n1
2209587,4,1,1_okno_n1
2209595,0,0,0_okno_n1
2209604,3,0,0_okno_n1
2209607,4,0,0_okno_n1
2209618,2,0,0_okno_n2
2209622,0,0,0_okno_n1
2209626,4,0,0_okno_n1
2209637,3,0,0_okno_n1
2209665,0,0,0_okno_n1
2209670,2,0,0_okno_n2
2209676,3,0,0_okno_n1
2209682,0,0,0_okno_n1
2209686,3,0,0_okno_n1
2209697,3,0,0_okno_n1
2209698,3,0,0_okno_n1
2209699,0,0,0_okno_n3-4
2209700,2,0,0_okno_n1
2209701,0,0,0_okno_n3-4
2209708,0,0,0_okno_n1
2209711,3,0,0_okno_n1
2209714,3,1,1_pozaokno_n1
2209715,1,0,0_okno_n1
2209716,4,0,0_okno_n1
2209719,0,0,0_okno_n1
2209721,0,0,0_okno_n2
2209734,4,0,0_okno_n1
2209736,2,0,0_okno_n1
2209748,1,0,0_okno_n1
2209787,3,0,0_okno_n1
2209810,2,0,0_okno_n1
2209831,2,0,0_okno_n1
2209852,4,0,0_okno_n1
2209865,3,0,0_okno_n1
2209875,2,0,0_okno_n2
2209908,1,0,0_okno_n1
2209925,2,0,0_okno_n1
2209937,4,0,0_okno_n1
2209983,2,0,0_okno_n1
2209998,2,0,0_okno_n1
2210008,2,0,0_okno_n3-4
2210011,1,0,0_okno_n1
2210014,4,0,0_okno_n3-4
2210024,2,0,0_okno_n1
2210026,3,0,0_okno_n1
2210032,0,0,0_okno_n1
2210047,3,1,1_pozaokno_n2
2210122,2,0,0_okno_n1
2210126,4,0,0_okno_n1
2210149,4,0,0_okno_n1
2210182,1,0,0_okno_n1
2210192,0,0,0_okno_n1
2210213,3,0,0_okno_n5+
2210218,2,0,0_okno_n1
2210233,4,0,0_okno_n1
2210251,0,0,0_okno_n3-4
2210274,2,0,0_okno_n1
2210291,1,0,0_okno_n2
2210293,2,0,0_okno_n1
2210299,4,0,0_okno_n1
2210300,0,0,0_okno_n1
2210306,1,0,0_okno_n2
2210315,0,0,0_okno_n1
2210316,2,0,0_okno_n1
2210317,0,0,0_okno_n1
2210324,4,0,0_okno_n5+
2210342,4,0,0_okno_n2
2210355,3,0,0_okno_n2
2210385,0,0,0_okno_n2
2210400,1,0,0_okno_n2
2210483,1,0,0_okno_n1
2210509,0,0,0_okno_n1
2210526,1,0,0_okno_n5+
2210552,0,0,0_okno_n2
2210556,0,0,0_okno_n3-4
2210560,2,0,0_okno_n2
2210562,1,0,0_okno_n3-4
2210591,4,0,0_okno_n2
2210597,3,0,0_okno_n1
2210598,2,0,0_okno_n2
2210605,0,0,0_okno_n1
2210606,0,0,0_okno_n1
2210610,0,0,0_okno_n1
2210613,0,0,0_okno_n1
2210618,4,0,0_okno_n2
2210623,3,0,0_okno_n1
2210630,0,0,0_okno_n1
2210644,2,0,0_okno_n2
2210688,0,0,0_okno_n1
2210695,2,0,0_okno_n1
2210721,0,0,0_okno_n1
2210733,4,0,0_okno_n1
2210736,0,0,0_okno_n2
2210744,0,0,0_okno_n1
2210749,1,0,0_okno_n1
2210764,2,0,0_okno_n1
2210771,3,0,0_okno_n2
2210823,4,0,0_okno_n2
2210829,2,0,0_okno_n1
2210830,3,0,0_okno_n3-4
2210832,2,0,0_okno_n1
2210855,4,0,0_okno_n1
2210873,4,0,0_okno_n1
2210882,0,0,0_okno_n1
2210888,3,0,0_okno_n1
2210889,1,0,0_okno_n2
2210891,4,0,0_okno_n1
2210894,4,0,0_okno_n1
2210895,4,0,0_okno_n5+
2210910,2,0,0_okno_n1
2210942,2,0,0_okno_n1
2210969,3,0,0_okno_n1
2210989,2,0,0_okno_n1
2211059,4,0,0_okno_n2
2211063,2,0,0_okno_n1
2211093,3,0,0_okno_n3-4
2211095,1,0,0_okno_n2
2211096,2,0,0_okno_n1
2211111,4,0,0_okno_n1
2211115,0,0,0_okno_n3-4
2211118,3,0,0_okno_n3-4
2211119,2,0,0_okno_n1
2211123,1,0,0_okno_n1
2211124,1,0,0_okno_n1
2211127,1,0,0_okno_n3-4
2211129,3,0,0_okno_n1
2211137,3,0,0_okno_n1
2211140,3,0,0_okno_n1
2211144,1,0,0_okno_n3-4
2211145,4,0,0_okno_n1
2211147,4,0,0_okno_n2
2211148,4,0,0_okno_n2
2211150,1,0,0_okno_n2
2211159,0,0,0_okno_n1
2211169,2,0,0_okno_n5+
2211173,4,0,0_okno_n2
2211183,4,0,0_okno_n2
2211185,1,0,0_okno_n1
2211187,0,0,0_okno_n1
2211189,2,0,0_okno_n1
2211194,3,0,0_okno_n1
2211214,4,0,0_okno_n2
2211215,1,0,0_okno_n1
2211223,0,0,0_okno_n1
2211243,0,0,0_okno_n1
2211246,3,0,0_okno_n1
2211251,2,0,0_okno_n1
2211253,1,0,0_okno_n1
2211254,0,0,0_okno_n1
2211268,2,0,0_okno_n1
2211272,3,0,0_okno_n1
2211274,1,0,0_okno_n1
2211275,2,0,0_okno_n1
2211277,1,0,0_okno_n1
2211279,2,0,0_okno_n1
2211287,4,0,0_okno_n1
2211298,0,0,0_okno_n1
2211300,3,0,0_okno_n1
2211311,2,0,0_okno_n3-4
2211376,2,0,0_okno_n2
2211380,4,0,0_okno_n2
2211385,3,0,0_okno_n2
2211492,0,0,0_okno_n1
2211519,0,0,0_okno_n1
2211536,3,0,0_okno_n1
2211545,4,0,0_okno_n5+
2211547,1,0,0_okno_n1
2211565,2,0,0_okno_n1
2211583,4,0,0_okno_n1
2211586,3,0,0_okno_n1
2211594,1,0,0_okno_n1
2211610,0,0,0_okno_n1
2211614,2,0,0_okno_n1
2211616,3,0,0_okno_n1
2211626,4,0,0_okno_n1
2211627,4,0,0_okno_n1
2211667,4,0,0_okno_n1
2211671,3,0,0_okno_n2
2211720,3,0,0_okno_n1
2211748,2,0,0_okno_n1
2211768,4,0,0_okno_n3-4
2211801,0,0,0_okno_n1
2211812,2,0,0_okno_n1
2211817,2,0,0_okno_n1
2211832,1,0,0_okno_n1
2211836,3,0,0_okno_n3-4
2211851,3,0,0_okno_n1
2211884,4,0,0_okno_n2
2211891,3,0,0_okno_n1
2211900,4,0,0_okno_n2
2211905,4,0,0_okno_n2
2211914,3,0,0_okno_n2
2211921,2,0,0_okno_n1
2211923,0,0,0_okno_n1
2211932,0,0,0_okno_n5+
2211941,1,0,0_okno_n2
2211943,3,0,0_okno_n2
2211944,4,0,0_okno_n1
2211946,0,0,0_okno_n1
2211950,0,0,0_okno_n1
2211952,1,0,0_okno_n1
2211982,3,0,0_okno_n1
2212001,4,0,0_okno_n1
2212079,1,0,0_okno_n3-4
2212118,0,0,0_okno_n1
2212174,0,0,0_okno_n1
2212178,4,0,0_okno_n1
2212187,0,0,0_okno_n1
2212200,0,0,0_okno_n1
2212213,2,0,0_okno_n1
2212220,0,0,0_okno_n1
2212227,2,0,0_okno_n2
2212232,0,0,0_okno_n1
2212236,0,0,0_okno_n1
2212241,4,0,0_okno_n1
2212246,1,0,0_okno_n1
2212254,1,0,0_okno_n3-4
2212258,3,0,0_okno_n1
2212260,3,0,0_okno_n3-4
2212263,0,0,0_okno_n1
2212265,3,0,0_okno_n1
2212268,1,0,0_okno_n2
2212379,4,0,0_okno_n2
2212407,1,0,0_okno_n1
2212422,4,0,0_okno_n3-4
2212435,1,0,0_okno_n2
2212443,4,0,0_okno_n1
2212447,4,0,0_okno_n2
2212474,3,0,0_okno_n1
2212480,4,0,0_okno_n1
2212562,0,0,0_okno_n1
2212569,0,0,0_okno_n1
2212570,3,0,0_okno_n1
2212576,2,0,0_okno_n2
2212578,2,0,0_okno_n1
2212582,3,0,0_okno_n1
2212590,0,0,0_okno_n1
2212593,3,0,0_okno_n1
2212598,2,0,0_okno_n1
2212602,4,0,0_okno_n1
2212605,3,0,0_okno_n1
2212610,4,0,0_okno_n2
2212629,3,0,0_okno_n1
2212631,2,0,0_okno_n3-4
2212634,3,0,0_okno_n1
2212672,2,0,0_okno_n1
2212715,2,0,0_okno_n1
2212720,1,0,0_okno_n1
2212727,4,0,0_okno_n3-4
2212748,3,0,0_okno_n1
2212749,1,0,0_okno_n1
2212757,1,0,0_okno_n1
2212765,0,0,0_okno_n1
2212780,3,0,0_okno_n1
2212785,2,0,0_okno_n1
2212815,1,0,0_okno_n1
2212816,3,0,0_okno_n1
2212819,4,0,0_okno_n1
2212821,2,0,0_okno_n2
2212826,4,0,0_okno_n1
2212828,4,0,0_okno_n1
2212829,3,0,0_okno_n3-4
2212834,4,0,0_okno_n2
2212841,1,0,0_okno_n3-4
2212850,2,0,0_okno_n1
2212852,2,0,0_okno_n1
2212859,3,0,0_okno_n2
2212865,2,0,0_okno_n1
2212874,0,0,0_okno_n1
2212876,0,0,0_okno_n2
2212877,1,0,0_okno_n2
2212879,3,0,0_okno_n2
2212884,4,0,0_okno_n3-4
2212889,0,0,0_okno_n1
2212898,1,0,0_okno_n5+
2212902,4,0,0_okno_n3-4
2212915,1,0,0_okno_n2
2212916,3,0,0_okno_n1
2212929,4,0,0_okno_n1
2212932,4,0,0_okno_n2
2212933,4,0,0_okno_n1
2212939,3,0,0_okno_n1
2212943,3,0,0_okno_n2
2212944,3,0,0_okno_n2
2212956,3,0,0_okno_n2
2212959,1,0,0_okno_n1
2212963,1,0,0_okno_n1
2212994,1,0,0_okno_n1
2213005,3,0,0_okno_n1
2213010,0,0,0_okno_n1
2213018,4,0,0_okno_n1
2213031,3,0,0_okno_n1
2213032,4,0,0_okno_n1
2213036,3,0,0_okno_n2
2213038,4,0,0_okno_n3-4
2213039,3,0,0_okno_n1
2213040,1,0,0_okno_n1
2213043,4,0,0_okno_n1
2213045,4,0,0_okno_n1
2213086,1,0,0_okno_n1
2213088,4,0,0_okno_n3-4
2213132,0,0,0_okno_n1
2213149,3,0,0_okno_n3-4
2213151,4,0,0_okno_n2
2213190,3,0,0_okno_n1
2213215,2,0,0_okno_n1
2213234,2,0,0_okno_n1
2213249,3,0,0_okno_n1
2213255,0,0,0_okno_n1
2213268,0,0,0_okno_n1
2213280,3,0,0_okno_n1
2213299,3,0,0_okno_n2
2213300,4,0,0_okno_n1
2213315,4,0,0_okno_n1
2213328,2,0,0_okno_n1
2213333,1,0,0_okno_n2
2213335,1,0,0_okno_n1
2213336,1,0,0_okno_n1
2213342,1,0,0_okno_n1
2213345,1,0,0_okno_n3-4
2213374,3,0,0_okno_n1
2213415,1,0,0_okno_n1
2213449,4,0,0_okno_n1
2213454,3,0,0_okno_n3-4
2213458,2,0,0_okno_n1
2213474,3,0,0_okno_n1
2213475,1,0,0_okno_n1
2213485,1,0,0_okno_n1
2213505,0,0,0_okno_n1
2213521,0,0,0_okno_n1
2213527,1,0,0_okno_n1
2213584,4,0,0_okno_n1
2213614,1,0,0_okno_n1
2213621,4,0,0_okno_n1
2213650,3,0,0_okno_n2
2213662,1,0,0_okno_n2
2213663,4,0,0_okno_n3-4
2213674,0,0,0_okno_n2
2213677,0,0,0_okno_n1
2213682,2,0,0_okno_n2
2213688,4,0,0_okno_n1
2213693,1,0,0_okno_n3-4
2213695,0,0,0_okno_n2
2213697,4,0,0_okno_n1
2213705,4,0,0_okno_n1
2213707,3,0,0_okno_n1
2213709,3,0,0_okno_n1
2213734,1,0,0_okno_n1
2213745,4,0,0_okno_n1
2213752,0,0,0_okno_n2
2213773,3,0,0_okno_n1
2213776,0,0,0_okno_n1
2213784,4,0,0_okno_n2
2213799,2,0,0_okno_n1
2213856,4,0,0_okno_n1
2213886,3,0,0_okno_n1
2213892,4,0,0_okno_n2
2213912,2,0,0_okno_n1
2213952,2,0,0_okno_n1
2213963,1,0,0_okno_n1
2213976,1,0,0_okno_n1
2213977,1,0,0_okno_n2
2213982,0,0,0_okno_n1
2213985,3,0,0_okno_n1
2213998,4,0,0_okno_n1
2214000,1,0,0_okno_n2
2214011,3,0,0_okno_n1
2214013,1,0,0_okno_n1
2214018,4,0,0_okno_n1
2214029,0,0,0_okno_n1
2214147,1,0,0_okno_n2
2214161,3,0,0_okno_n2
2214206,3,0,0_okno_n1
2214278,2,0,0_okno_n1
2214284,4,0,0_okno_n1
2214298,4,0,0_okno_n2
2214305,3,0,0_okno_n3-4
2214306,4,0,0_okno_n1
2214323,4,0,0_okno_n2
2214324,2,0,0_okno_n1
2214334,3,0,0_okno_n2
2214342,0,0,0_okno_n1
2214353,4,0,0_okno_n1
2214396,2,0,0_okno_n1
2214488,2,0,0_okno_n1
2214527,3,0,0_okno_n1
2214544,3,0,0_okno_n1
2214559,2,0,0_okno_n1
2214566,1,0,0_okno_n2
2214574,3,0,0_okno_n2
2214576,2,0,0_okno_n2
2214581,1,0,0_okno_n3-4
2214586,3,0,0_okno_n3-4
2214596,0,0,0_okno_n1
2214599,1,0,0_okno_n1
2214602,2,0,0_okno_n2
2214610,0,0,0_okno_n2
2214613,2,0,0_okno_n2
2214617,0,0,0_okno_n1
2214618,4,0,0_okno_n2
2214626,4,0,0_okno_n2
2214627,3,0,0_okno_n1
2214633,1,0,0_okno_n1
2214639,3,0,0_okno_n1
2214641,0,1,1_okno_n2
2214642,0,0,0_okno_n2
2214645,1,0,0_okno_n2
2214646,0,0,0_okno_n1
2214650,2,0,0_okno_n1
2214656,0,0,0_okno_n2
2214657,2,0,0_okno_n1
2214663,3,0,0_okno_n3-4
2214666,3,0,0_okno_n2
2214669,2,0,0_okno_n1
2214716,3,0,0_okno_n1
2214728,1,0,0_okno_n1
2214732,4,0,0_okno_n1
2214734,4,0,0_okno_n1
2214737,0,0,0_okno_n1
2214738,4,0,0_okno_n3-4
2214739,4,0,0_okno_n1
2214742,4,0,0_okno_n1
2214745,2,0,0_okno_n1
2214755,4,0,0_okno_n1
2214757,3,0,0_okno_n1
2214759,1,0,0_okno_n1
2214765,0,0,0_okno_n1
2214815,3,0,0_okno_n1
2214844,4,0,0_okno_n2
2214896,2,0,0_okno_n1
2214925,4,0,0_okno_n1
2214948,4,0,0_okno_n1
2214958,1,0,0_okno_n2
2214983,1,0,0_okno_n1
2214999,1,0,0_okno_n1
2215024,3,0,0_okno_n1
2215032,3,0,0_okno_n2
2215041,3,0,0_okno_n1
2215043,4,0,0_okno_n1
2215045,1,0,0_okno_n2
2215052,1,0,0_okno_n1
2215053,3,0,0_okno_n1
2215059,2,0,0_okno_n1
2215061,3,0,0_okno_n3-4
2215062,4,0,0_okno_n1
2215067,1,0,0_okno_n1
2215072,3,0,0_okno_n2
2215074,2,0,0_okno_n1
2215078,3,0,0_okno_n1
2215130,1,0,0_okno_n1
2215180,0,0,0_okno_n1
2215187,0,0,0_okno_n1
2215218,2,0,0_okno_n3-4
2215255,0,0,0_okno_n1
2215272,2,0,0_okno_n1
2215323,0,0,0_okno_n2
2215339,2,0,0_okno_n1
2215346,0,0,0_okno_n2
2215353,4,0,0_okno_n1
2215356,2,0,0_okno_n1
2215357,4,0,0_okno_n2
2215417,0,0,0_okno_n5+
2215451,3,0,0_okno_n1
2215456,2,0,0_okno_n1
2215466,1,0,0_okno_n1
2215467,4,0,0_okno_n2
2215468,0,0,0_okno_n1
2215471,0,0,0_okno_n1
2215474,2,0,0_okno_n1
2215554,1,0,0_okno_n1
2215616,0,0,0_okno_n1
2215624,1,0,0_okno_n2
2215637,0,0,0_okno_n1
2215648,1,0,0_okno_n2
2215655,2,0,0_okno_n1
2215663,4,0,0_okno_n1
2215664,0,0,0_okno_n2
2215666,0,0,0_okno_n2
2215669,2,0,0_okno_n1
2215671,0,0,0_okno_n1
2215683,3,0,0_okno_n1
2215702,4,0,0_okno_n1
2215724,0,0,0_okno_n2
2215735,0,0,0_okno_n1
2215749,2,0,0_okno_n3-4
2215763,2,0,0_okno_n1
2215781,0,0,0_okno_n1
2215809,2,0,0_okno_n1
2215850,0,0,0_okno_n1
2215890,1,0,0_okno_n2
2215896,4,0,0_okno_n5+
2215903,4,0,0_okno_n1
2215910,2,0,0_okno_n1
2215926,3,0,0_okno_n1
2215928,2,0,0_okno_n2
2215934,4,0,0_okno_n1
2215945,3,0,0_okno_n1
2215954,0,0,0_okno_n1
2215957,1,0,0_okno_n2
2215958,1,0,0_okno_n1
2215959,3,0,0_okno_n1
2215966,3,0,0_okno_n1
2215992,4,0,0_okno_n1
2216001,0,0,0_okno_n1
2216020,3,0,0_okno_n3-4
2216025,0,0,0_okno_n2
2216032,0,0,0_okno_n1
2216034,4,0,0_okno_n1
2216050,1,0,0_okno_n5+
2216098,2,0,0_okno_n1
2216114,4,0,0_okno_n1
2216161,0,0,0_okno_n1
2216179,1,0,0_okno_n1
2216196,3,0,0_okno_n1
2216201,3,0,0_okno_n1
2216205,0,0,0_okno_n1
2216206,4,0,0_okno_n1
2216213,3,0,0_okno_n1
2216215,1,0,0_okno_n1
2216225,4,0,0_okno_n1
2216229,0,0,0_okno_n1
2216246,4,0,0_okno_n1
2216250,0,0,0_okno_n2
2216253,1,0,0_okno_n1
2216255,2,0,0_okno_n1
2216257,3,0,0_okno_n2
2216262,0,0,0_okno_n1
2216269,3,0,0_okno_n2
2216277,4,0,0_okno_n1
2216281,3,0,0_okno_n2
2216296,3,0,0_okno_n1
2216302,0,0,0_okno_n1
2216303,3,0,0_okno_n2
2216309,3,0,0_okno_n1
2216310,3,0,0_okno_n1
2216340,2,0,0_okno_n1
2216342,1,0,0_okno_n1
2216372,2,0,0_okno_n5+
2216380,4,0,0_okno_n1
2216388,1,0,0_okno_n2
2216389,2,0,0_okno_n2
2216391,4,0,0_okno_n1
2216395,4,0,0_okno_n1
2216397,4,0,0_okno_n3-4
2216402,1,0,0_okno_n1
2216405,0,0,0_okno_n1
2216411,2,0,0_okno_n1
2216447,1,0,0_okno_n1
2216452,1,0,0_okno_n1
2216511,0,0,0_okno_n2
2216512,2,0,0_okno_n1
2216535,4,0,0_okno_n2
2216576,1,0,0_okno_n1
2216604,0,0,0_okno_n1
2216621,4,0,0_okno_n1
2216658,3,0,0_okno_n1
2216672,0,0,0_okno_n1
2216676,0,0,0_okno_n1
2216681,1,0,0_okno_n1
2216684,3,0,0_okno_n1
2216690,3,0,0_okno_n1
2216700,2,0,0_okno_n1
2216705,2,0,0_okno_n1
2216715,1,0,0_okno_n1
2216720,3,0,0_okno_n1
2216788,2,0,0_okno_n1
2216816,2,0,0_okno_n1
2216841,3,0,0_okno_n1
2216869,2,0,0_okno_n3-4
2216901,3,0,0_okno_n1
2216932,2,0,0_okno_n1
2216935,2,0,0_okno_n3-4
2216940,3,0,0_okno_n1
2216960,0,0,0_okno_n1
2216974,0,0,0_okno_n1
2216989,2,0,0_okno_n1
2216992,0,0,0_okno_n1
2217001,1,0,0_okno_n1
2217009,4,0,0_okno_n2
2217011,4,0,0_okno_n1
2217014,1,0,0_okno_n1
2217020,3,0,0_okno_n1
2217026,4,0,0_okno_n1
2217030,1,0,0_okno_n1
2217077,0,0,0_okno_n5+
2217083,2,0,0_okno_n1
2217090,0,0,0_okno_n2
2217183,3,0,0_okno_n1
2217186,2,0,0_okno_n1
2217201,2,0,0_okno_n1
2217221,4,0,0_okno_n1
2217248,0,0,0_okno_n1
2217290,1,0,0_okno_n1
2217294,1,0,0_okno_n1
2217302,3,0,0_okno_n1
2217305,4,0,0_okno_n2
2217308,0,0,0_okno_n2
2217318,3,0,0_okno_n1
2217323,4,0,0_okno_n1
2217324,3,0,0_okno_n1
2217327,2,0,0_okno_n2
2217328,2,0,0_okno_n1
2217338,3,0,0_okno_n1
2217340,3,0,0_okno_n1
2217341,3,0,0_okno_n1
2217347,1,0,0_okno_n1
2217377,4,0,0_okno_n2
2217423,2,0,0_okno_n2
2217439,2,0,0_okno_n3-4
2217465,2,0,0_okno_n1
2217470,0,0,0_okno_n2
2217524,4,0,0_okno_n2
2217552,3,0,0_okno_n2
2217558,0,0,0_okno_n3-4
2217568,4,0,0_okno_n2
2217600,0,0,0_okno_n2
2217604,0,0,0_okno_n1
2217607,4,0,0_okno_n2
2217613,3,0,0_okno_n3-4
2217624,0,0,0_okno_n2
2217628,0,0,0_okno_n1
2217630,4,0,0_okno_n2
2217635,1,0,0_okno_n1
2217636,4,0,0_okno_n3-4
2217639,1,0,0_okno_n3-4
2217732,1,0,0_okno_n1
2217771,1,0,0_okno_n2
2217809,4,0,0_okno_n1
2217833,3,0,0_okno_n1
2217851,3,0,0_okno_n2
2217867,1,0,0_okno_n3-4
2217880,3,0,0_okno_n1
2217883,3,0,0_okno_n1
2217897,3,0,0_okno_n1
2217899,0,0,0_okno_n1
2217907,1,0,0_okno_n1
2217915,3,0,0_okno_n3-4
2217927,2,0,0_okno_n2
2217930,0,0,0_okno_n1
2217931,1,0,0_okno_n2
2217936,1,0,0_okno_n3-4
2217938,1,0,0_okno_n1
2217942,4,0,0_okno_n1
2217947,0,0,0_okno_n3-4
2217949,2,0,0_okno_n1
2217958,4,0,0_okno_n1
2217963,4,0,0_okno_n1
2217964,2,0,0_okno_n1
2217967,4,0,0_okno_n3-4
2217968,1,0,0_okno_n2
2217977,1,0,0_okno_n1
2217983,3,0,0_okno_n1
2217984,2,0,0_okno_n2
2217988,3,0,0_okno_n2
2217993,3,0,0_okno_n2
2217997,0,0,0_okno_n1
2218000,0,0,0_okno_n1
2218004,3,0,0_okno_n1
2218006,4,0,0_okno_n3-4
2218012,1,0,0_okno_n1
2218013,4,0,0_okno_n1
2218014,3,0,0_okno_n1
2218015,0,0,0_okno_n1
2218016,0,0,0_okno_n1
2218020,0,0,0_okno_n1
2218037,2,0,0_okno_n1
2218077,0,0,0_okno_n1
2218081,4,0,0_okno_n1
2218090,2,0,0_okno_n1
2218100,2,0,0_okno_n1
2218102,4,0,0_okno_n1
2218117,0,0,0_okno_n1
2218122,4,0,0_okno_n1
2218124,1,0,0_okno_n1
2218125,0,0,0_okno_n1
2218126,3,0,0_okno_n2
2218206,2,0,0_okno_n1
2218266,3,0,0_okno_n1
2218291,4,0,0_okno_n1
2218304,0,0,0_okno_n1
2218354,2,0,0_okno_n1
2218376,1,0,0_okno_n1
2218379,4,0,0_okno_n3-4
2218383,3,0,0_okno_n1
2218391,2,0,0_okno_n1
2218395,2,0,0_okno_n2
2218398,4,0,0_okno_n1
2218405,1,0,0_okno_n1
2218407,0,0,0_okno_n2
2218413,4,0,0_okno_n1
2218417,0,0,0_okno_n1
2218420,2,0,0_okno_n1
2218421,3,0,0_okno_n1
2218462,2,0,0_okno_n1
2218473,0,0,0_okno_n2
2218510,3,0,0_okno_n2
2218534,0,0,0_okno_n1
2218536,0,0,0_okno_n1
2218547,4,0,0_okno_n1
2218588,1,0,0_okno_n1
2218594,4,1,1_okno_n1
2218603,3,0,0_okno_n3-4
2218605,2,0,0_okno_n1
2218627,3,0,0_okno_n1
2218633,3,0,0_okno_n2
2218646,1,0,0_okno_n1
2218652,2,0,0_okno_n1
2218687,3,0,0_okno_n1
2218691,1,0,0_okno_n1
2218692,3,0,0_okno_n1
2218693,1,0,0_okno_n2
2218697,2,0,0_okno_n2
2218706,3,0,0_okno_n1
2218711,4,0,0_okno_n2
2218716,4,0,0_okno_n1
2218717,2,0,0_okno_n1
2218722,1,0,0_okno_n1
2218724,1,0,0_okno_n1
2218732,4,0,0_okno_n2
2218735,2,0,0_okno_n1
2218738,4,0,0_okno_n1
2218742,0,0,0_okno_n1
2218788,3,0,0_okno_n1
2218812,4,0,0_okno_n3-4
2218858,2,0,0_okno_n1
2218892,3,0,0_okno_n3-4
2218896,2,0,0_okno_n3-4
2218980,0,0,0_okno_n1
2219027,4,0,0_okno_n1
2219035,3,0,0_okno_n2
2219037,4,0,0_okno_n2
2219041,1,0,0_okno_n1
2219053,4,0,0_okno_n3-4
2219059,4,0,0_okno_n1
2219060,0,0,0_okno_n1
2219062,4,0,0_okno_n1
2219065,3,0,0_okno_n2
2219070,1,0,0_okno_n2
2219073,3,0,0_okno_n1
2219078,0,0,0_okno_n3-4
2219082,0,0,0_okno_n1
2219118,3,0,0_okno_n3-4
2219123,4,0,0_okno_n1
2219173,4,0,0_okno_n1
2219176,4,0,0_okno_n1
2219206,0,0,0_okno_n1
2219215,1,0,0_okno_n1
2219295,0,0,0_okno_n1
2219302,1,0,0_okno_n1
2219314,3,0,0_okno_n1
2219340,4,0,0_okno_n1
2219344,0,0,0_okno_n2
2219349,3,0,0_okno_n1
2219358,2,0,0_okno_n2
2219359,2,0,0_okno_n1
2219366,0,0,0_okno_n2
2219370,0,0,0_okno_n1
2219372,1,0,0_okno_n1
2219376,1,0,0_okno_n2
2219378,0,0,0_okno_n1
2219380,2,0,0_okno_n1
2219386,0,0,0_okno_n2
2219425,3,0,0_okno_n1
2219429,4,0,0_okno_n1
2219447,2,0,0_okno_n3-4
2219457,2,0,0_okno_n1
2219462,1,0,0_okno_n1
2219473,1,0,0_okno_n1
2219485,1,0,0_okno_n2
2219503,4,0,0_okno_n1
2219548,0,0,0_okno_n3-4
2219552,2,0,0_okno_n1
2219554,0,0,0_okno_n3-4
2219594,4,0,0_okno_n1
2219614,0,0,0_okno_n2
2219625,2,0,0_okno_n2
2219635,2,0,0_okno_n1
2219645,4,0,0_okno_n2
2219656,4,0,0_okno_n3-4
2219659,1,0,0_okno_n2
2219663,1,0,0_okno_n2
2219666,4,0,0_okno_n1
2219674,1,0,0_okno_n3-4
2219676,3,0,0_okno_n1
2219690,0,0,0_okno_n2
2219695,1,0,0_okno_n1
2219699,1,0,0_okno_n1
2219702,1,0,0_okno_n2
2219716,0,0,0_okno_n1
2219720,4,0,0_okno_n1
2219722,0,0,0_okno_n1
2219729,1,0,0_okno_n2
2219746,2,0,0_okno_n1
2219747,0,0,0_okno_n3-4
2219750,4,0,0_okno_n1
2219815,2,0,0_okno_n1
2219817,4,0,0_okno_n1
2219823,0,0,0_okno_n2
2219827,0,0,0_okno_n1
2219853,0,1,1_pozaokno_n2
2219875,0,0,0_okno_n2
2219899,3,0,0_okno_n2
2219906,2,0,0_okno_n1
2219914,0,0,0_okno_n1
2219938,4,0,0_okno_n1
2219942,1,0,0_okno_n3-4
2219961,0,0,0_okno_n1
2219974,3,0,0_okno_n1
2219987,4,0,0_okno_n1
2219994,0,0,0_okno_n1
2220004,0,0,0_okno_n2
2220037,1,0,0_okno_n1
2220045,0,0,0_okno_n1
2220068,3,0,0_okno_n3-4
2220071,1,0,0_okno_n2
2220092,1,0,0_okno_n3-4
2220097,3,0,0_okno_n1
2220105,3,0,0_okno_n1
2220111,4,0,0_okno_n1
2220129,4,0,0_okno_n1
2220133,2,0,0_okno_n1
2220142,4,0,0_okno_n3-4
2220148,1,0,0_okno_n1
2220151,2,0,0_okno_n2
2220157,4,0,0_okno_n1
2220178,4,0,0_okno_n1
2220208,0,0,0_okno_n3-4
2220210,2,0,0_okno_n1
2220254,2,0,0_okno_n1
2220256,4,0,0_okno_n1
2220302,3,0,0_okno_n1
2220329,1,0,0_okno_n3-4
2220340,1,0,0_okno_n1
2220342,3,0,0_okno_n3-4
2220351,0,0,0_okno_n2
2220364,0,0,0_okno_n1
2220366,1,0,0_okno_n3-4
2220380,0,0,0_okno_n1
2220381,1,0,0_okno_n1
2220392,0,0,0_okno_n2
2220403,0,0,0_okno_n1
2220412,3,0,0_okno_n1
2220429,0,0,0_okno_n1
2220434,0,0,0_okno_n1
2220442,1,0,0_okno_n1
2220447,0,0,0_okno_n1
2220449,3,0,0_okno_n1
2220450,2,0,0_okno_n3-4
2220452,4,0,0_okno_n2
2220458,0,0,0_okno_n1
2220470,0,0,0_okno_n2
2220471,1,0,0_okno_n1
2220479,3,0,0_okno_n2
2220485,2,0,0_okno_n1
2220487,2,0,0_okno_n1
2220490,3,0,0_okno_n1
2220497,0,0,0_okno_n1
2220543,1,0,0_okno_n2
2220586,3,0,0_okno_n1
2220621,3,0,0_okno_n1
2220638,2,0,0_okno_n3-4
2220645,3,0,0_okno_n2
2220703,1,0,0_okno_n1
2220710,1,0,0_okno_n1
2220727,4,0,0_okno_n1
2220731,1,0,0_okno_n1
2220747,0,0,0_okno_n1
2220755,4,0,0_okno_n1
2220757,3,0,0_okno_n1
2220770,2,0,0_okno_n1
2220784,1,0,0_okno_n2
2220788,1,0,0_okno_n1
2220790,4,0,0_okno_n1
2220797,4,0,0_okno_n1
2220822,4,0,0_okno_n1
2220850,4,0,0_okno_n2
2220855,2,0,0_okno_n1
2220940,0,0,0_okno_n2
2220958,4,0,0_okno_n1
2220991,2,0,0_okno_n1
2220993,4,0,0_okno_n1
2221002,4,0,0_okno_n1
2221026,3,0,0_okno_n1
2221039,4,0,0_okno_n2
2221047,1,0,0_okno_n1
2221051,3,0,0_okno_n2
2221058,0,0,0_okno_n1
2221064,0,0,0_okno_n3-4
2221069,4,0,0_okno_n1
2221075,0,0,0_okno_n1
2221076,4,0,0_okno_n1
2221081,1,0,0_okno_n2
2221084,0,0,0_okno_n1
2221088,0,0,0_okno_n1
2221091,2,0,0_okno_n1
2221163,1,0,0_okno_n2
2221180,1,0,0_okno_n1
2221188,0,0,0_okno_n2
2221208,3,0,0_okno_n1
2221223,4,0,0_okno_n1
2221228,0,0,0_okno_n3-4
2221250,0,0,0_okno_n1
2221252,3,0,0_okno_n1
2221261,0,0,0_okno_n2
2221284,3,0,0_okno_n1
2221320,4,0,0_okno_n2
2221332,1,0,0_okno_n1
2221335,3,0,0_okno_n1
2221341,3,0,0_okno_n1
2221362,1,0,0_okno_n1
2221368,4,0,0_okno_n2
2221370,3,0,0_okno_n1
2221374,0,0,0_okno_n1
2221378,2,0,0_okno_n1
2221385,1,0,0_okno_n1
2221387,3,0,0_okno_n3-4
2221388,1,0,0_okno_n1
2221391,3,0,0_okno_n2
2221402,3,0,0_okno_n1
2221410,0,0,0_okno_n2
2221416,0,0,0_okno_n2
2221418,4,0,0_okno_n2
2221422,1,0,0_okno_n1
2221425,2,0,0_okno_n1
2221434,4,0,0_okno_n2
2221440,1,0,0_okno_n1
2221442,3,0,0_okno_n2
2221444,3,0,0_okno_n1
2221445,4,0,0_okno_n1
2221464,3,0,0_okno_n1
2221491,0,0,0_okno_n1
2221493,1,0,0_okno_n1
2221505,0,0,0_okno_n1
2221508,0,0,0_okno_n1
2221529,2,0,0_okno_n1
2221543,0,0,0_okno_n1
2221566,0,0,0_okno_n1
2221592,4,0,0_okno_n1
2221601,1,0,0_okno_n1
2221611,4,0,0_okno_n1
2221619,1,0,0_okno_n2
2221641,3,0,0_okno_n1
2221688,0,0,0_okno_n2
2221691,0,0,0_okno_n1
2221694,0,0,0_okno_n2
2221716,4,0,0_okno_n1
2221749,3,0,0_okno_n1
2221760,2,0,0_okno_n1
2221764,1,0,0_okno_n2
2221769,1,0,0_okno_n2
2221783,3,0,0_okno_n1
2221785,4,0,0_okno_n1
2221793,2,0,0_okno_n5+
2221803,4,0,0_okno_n1
2221815,1,0,0_okno_n1
2221830,3,0,0_okno_n3-4
2221852,2,0,0_okno_n1
2221921,3,0,0_okno_n3-4
2221923,2,0,0_okno_n2
2222003,3,0,0_okno_n2
2222016,0,0,0_okno_n1
2222023,2,0,0_okno_n1
2222050,4,0,0_okno_n2
2222057,0,0,0_okno_n1
2222081,3,0,0_okno_n1
2222092,3,0,0_okno_n1
2222110,4,0,0_okno_n1
2222123,1,0,0_okno_n2
2222221,2,0,0_okno_n2
2222304,2,0,0_okno_n1
2222320,0,0,0_okno_n1
2222344,3,0,0_okno_n2
2222356,1,0,0_okno_n2
2222377,2,1,1_okno_n2
2222381,4,0,0_okno_n1
2222405,2,0,0_okno_n3-4
2222407,3,0,0_okno_n1
2222408,3,0,0_okno_n2
2222410,1,0,0_okno_n1
2222431,4,0,0_okno_n1
2222441,4,0,0_okno_n2
2222513,3,0,0_okno_n2
2222519,0,0,0_okno_n2
2222574,4,0,0_okno_n2
2222597,2,0,0_okno_n1
2222641,1,0,0_okno_n1
2222658,3,0,0_okno_n2
2222698,4,0,0_okno_n2
2222708,4,0,0_okno_n1
2222710,3,0,0_okno_n1
2222724,2,0,0_okno_n1
2222736,1,0,0_okno_n1
2222737,0,0,0_okno_n1
2222758,4,0,0_okno_n1
2222764,4,0,0_okno_n2
2222775,4,0,0_okno_n1
2222790,0,0,0_okno_n1
2222792,0,1,1_pozaokno_n2
2222796,4,0,0_okno_n2
2222841,1,0,0_okno_n2
2222863,3,0,0_okno_n2
2222888,3,0,0_okno_n1
2222974,0,0,0_okno_n2
2223013,1,0,0_okno_n2
2223021,0,0,0_okno_n1
2223023,1,0,0_okno_n1
2223030,3,0,0_okno_n1
2223031,3,0,0_okno_n1
2223034,0,0,0_okno_n1
2223035,4,0,0_okno_n2
2223050,0,0,0_okno_n2
2223053,3,0,0_okno_n1
2223057,4,0,0_okno_n1
2223060,4,0,0_okno_n2
2223064,1,0,0_okno_n1
2223066,4,0,0_okno_n1
2223076,1,0,0_okno_n3-4
2223079,4,0,0_okno_n1
2223089,2,0,0_okno_n1
2223092,4,0,0_okno_n1
2223095,0,0,0_okno_n2
2223103,0,0,0_okno_n2
2223106,4,0,0_okno_n2
2223111,1,0,0_okno_n2
2223116,2,0,0_okno_n2
2223123,3,0,0_okno_n1
2223190,2,0,0_okno_n1
2223194,4,0,0_okno_n1
2223199,4,0,0_okno_n1
2223208,4,0,0_okno_n1
2223210,2,0,0_okno_n1
2223212,0,0,0_okno_n1
2223215,4,0,0_okno_n1
2223216,1,0,0_okno_n1
2223217,1,0,0_okno_n1
2223242,0,0,0_okno_n1
2223248,4,0,0_okno_n1
2223283,1,0,0_okno_n2
2223294,1,0,0_okno_n1
2223301,3,0,0_okno_n1
2223351,1,0,0_okno_n3-4
2223357,2,0,0_okno_n1
2223390,3,0,0_okno_n1
2223394,2,0,0_okno_n1
2223398,2,0,0_okno_n1
2223417,3,0,0_okno_n1
2223425,2,0,0_okno_n1
2223442,4,0,0_okno_n1
2223444,4,0,0_okno_n1
2223447,1,0,0_okno_n1
2223457,3,0,0_okno_n1
2223495,3,0,0_okno_n1
2223503,4,0,0_okno_n1
2223511,2,0,0_okno_n1
2223519,0,0,0_okno_n1
2223524,1,0,0_okno_n2
2223527,1,0,0_okno_n1
2223529,2,0,0_okno_n1
2223537,3,0,0_okno_n1
2223540,1,0,0_okno_n1
2223543,2,0,0_okno_n1
2223547,4,0,0_okno_n1
2223556,4,0,0_okno_n1
2223623,3,0,0_okno_n3-4
2223665,3,0,0_okno_n2
2223719,1,0,0_okno_n1
2223771,2,0,0_okno_n1
2223778,0,0,0_okno_n2
2223792,1,0,0_okno_n1
2223814,4,0,0_okno_n1
2223832,1,0,0_okno_n1
2223842,3,0,0_okno_n1
2223845,1,0,0_okno_n1
2223856,0,0,0_okno_n1
2223869,3,0,0_okno_n1
2223871,1,0,0_okno_n1
2223874,4,0,0_okno_n1
2223875,4,0,0_okno_n1
2223877,0,0,0_okno_n1
2223882,0,0,0_okno_n1
2223888,0,0,0_okno_n1
2223892,0,0,0_okno_n1
2223904,1,0,0_okno_n1
2223933,4,0,0_okno_n3-4
2223966,2,0,0_okno_n3-4
2224011,0,0,0_okno_n1
2224031,2,0,0_okno_n1
2224045,2,0,0_okno_n2
2224085,4,0,0_okno_n1
2224091,2,0,0_okno_n1
2224126,3,1,1_pozaokno_n3-4
2224132,4,0,0_okno_n2
2224138,4,0,0_okno_n1
2224149,1,0,0_okno_n2
2224158,4,0,0_okno_n1
2224163,0,0,0_okno_n1
2224169,3,0,0_okno_n5+
2224170,3,0,0_okno_n1
2224174,4,0,0_okno_n1
2224180,2,0,0_okno_n1
2224185,1,0,0_okno_n1
2224193,3,0,0_okno_n1
2224196,1,0,0_okno_n1
2224201,1,0,0_okno_n2
2224204,3,0,0_okno_n1
2224210,2,0,0_okno_n1
2224215,4,0,0_okno_n1
2224231,3,0,0_okno_n2
2224279,1,0,0_okno_n2
2224282,0,0,0_okno_n2
2224310,1,0,0_okno_n1
2224346,0,0,0_okno_n1
2224353,2,0,0_okno_n1
2224361,4,0,0_okno_n1
2224366,2,0,0_okno_n1
2224401,1,0,0_okno_n1
2224404,0,0,0_okno_n1
2224435,2,0,0_okno_n1
2224456,2,0,0_okno_n1
2224462,3,0,0_okno_n1
2224465,2,0,0_okno_n1
2224478,1,0,0_okno_n1
2224484,2,0,0_okno_n5+
2224487,4,0,0_okno_n1
2224503,2,0,0_okno_n1
2224531,1,0,0_okno_n1
2224538,0,0,0_okno_n1
2224598,4,0,0_okno_n1
2224626,1,0,0_okno_n1
2224627,1,0,0_okno_n1
2224661,1,0,0_okno_n1
2224672,2,0,0_okno_n1
2224683,1,0,0_okno_n2
2224723,0,0,0_okno_n1
2224727,3,0,0_okno_n1
2224741,4,1,1_okno_n3-4
2224749,1,0,0_okno_n2
2224751,4,0,0_okno_n2
2224758,4,0,0_okno_n2
2224761,1,0,0_okno_n1
2224766,2,0,0_okno_n1
2224780,0,0,0_okno_n1
2224785,1,0,0_okno_n1
2224788,4,0,0_okno_n3-4
2224791,4,0,0_okno_n1
2224792,2,0,0_okno_n1
2224794,1,0,0_okno_n2
2224795,2,0,0_okno_n1
2224797,0,0,0_okno_n1
2224808,4,0,0_okno_n1
2224813,1,0,0_okno_n1
2224816,3,0,0_okno_n2
2224848,0,0,0_okno_n1
2224861,4,0,0_okno_n1
2224872,0,0,0_okno_n1
2224875,0,0,0_okno_n1
2224876,4,0,0_okno_n1
2224877,4,0,0_okno_n1
2224880,3,0,0_okno_n1
2224885,0,0,0_okno_n1
2224892,0,0,0_okno_n1
2224893,0,0,0_okno_n1
2224911,4,0,0_okno_n1
2224919,2,0,0_okno_n1
2224955,0,0,0_okno_n1
2224983,2,0,0_okno_n1
2225002,3,0,0_okno_n1
2225011,0,0,0_okno_n1
2225017,0,0,0_okno_n1
2225038,1,0,0_okno_n2
2225048,2,0,0_okno_n1
2225050,1,0,0_okno_n1
2225072,4,0,0_okno_n1
2225078,4,0,0_okno_n1
2225116,2,0,0_okno_n1
2225122,4,0,0_okno_n3-4
2225176,1,0,0_okno_n1
2225186,4,0,0_okno_n1
2225190,1,0,0_okno_n3-4
2225191,3,0,0_okno_n2
2225192,0,0,0_okno_n1
2225193,1,0,0_okno_n1
2225199,4,0,0_okno_n1
2225202,3,0,0_okno_n2
2225205,2,0,0_okno_n1
2225210,3,0,0_okno_n1
2225420,0,0,0_okno_n1
2225428,1,0,0_okno_n1
2225429,2,0,0_okno_n2
2225493,4,0,0_okno_n1
2225511,0,0,0_okno_n1
2225529,2,0,0_okno_n2
2225533,4,0,0_okno_n1
2225537,3,0,0_okno_n1
2225544,2,0,0_okno_n1
2225545,1,0,0_okno_n1
2225555,2,0,0_okno_n1
2225557,4,0,0_okno_n1
2225559,0,0,0_okno_n1
2225563,2,0,0_okno_n1
2225606,3,0,0_okno_n1
2225644,0,0,0_okno_n1
2225683,1,0,0_okno_n2
2225687,3,0,0_okno_n2
2225698,2,0,0_okno_n1
2225715,2,0,0_okno_n3-4
2225730,2,0,0_okno_n1
2225762,4,0,0_okno_n1
2225766,1,0,0_okno_n5+
2225788,4,0,0_okno_n1
2225800,3,0,0_okno_n1
2225802,4,0,0_okno_n2
2225804,2,0,0_okno_n1
2225818,1,0,0_okno_n1
2225820,0,0,0_okno_n3-4
2225822,0,0,0_okno_n1
2225824,1,0,0_okno_n2
2225830,0,0,0_okno_n1
2225831,4,0,0_okno_n2
2225838,1,0,0_okno_n3-4
2225840,2,0,0_okno_n1
2225841,4,0,0_okno_n2
2225842,0,0,0_okno_n5+
2225843,3,0,0_okno_n3-4
2225851,0,0,0_okno_n3-4
2225864,3,0,0_okno_n5+
2225876,4,0,0_okno_n5+
2225889,1,0,0_okno_n1
2225906,3,0,0_okno_n5+
2225940,0,0,0_okno_n2
2225966,4,0,0_okno_n3-4
2225999,0,0,0_okno_n1
2226043,3,0,0_okno_n2
2226113,1,0,0_okno_n2
2226118,1,0,0_okno_n3-4
2226123,1,0,0_okno_n2
2226143,4,0,0_okno_n5+
2226168,3,0,0_okno_n1
2226171,3,0,0_okno_n1
2226173,1,0,0_okno_n2
2226190,4,0,0_okno_n1
2226191,0,0,0_okno_n1
2226194,0,0,0_okno_n1
2226196,3,0,0_okno_n1
2226209,3,0,0_okno_n1
2226226,4,0,0_okno_n1
2226257,3,0,0_okno_n3-4
2226347,0,0,0_okno_n1
2226358,1,0,0_okno_n1
2226368,1,0,0_okno_n1
2226395,4,0,0_okno_n1
2226409,1,0,0_okno_n2
2226414,2,0,0_okno_n1
2226426,4,0,0_okno_n5+
2226431,2,0,0_okno_n1
2226436,3,0,0_okno_n1
2226449,1,0,0_okno_n3-4
2226456,4,0,0_okno_n2
2226458,2,0,0_okno_n2
2226459,3,0,0_okno_n3-4
2226461,2,0,0_okno_n1
2226464,0,0,0_okno_n1
2226466,4,0,0_okno_n1
2226468,0,0,0_okno_n1
2226471,3,0,0_okno_n3-4
2226493,4,0,0_okno_n2
2226510,2,0,0_okno_n2
2226514,1,0,0_okno_n1
2226518,0,0,0_okno_n1
2226530,3,0,0_okno_n1
2226533,3,0,0_okno_n2
2226535,2,0,0_okno_n1
2226537,0,0,0_okno_n1
2226541,2,0,0_okno_n1
2226547,3,0,0_okno_n1
2226550,0,0,0_okno_n2
2226555,0,0,0_okno_n1
2226574,0,0,0_okno_n1
2226598,2,0,0_okno_n1
2226601,1,0,0_okno_n1
2226604,1,0,0_okno_n1
2226606,4,0,0_okno_n1
2226608,3,0,0_okno_n1
2226612,4,0,0_okno_n1
2226614,3,0,0_okno_n1
2226617,4,0,0_okno_n1
2226618,1,0,0_okno_n1
2226624,0,0,0_okno_n1
2226625,1,0,0_okno_n3-4
2226631,2,0,0_okno_n2
2226635,4,0,0_okno_n3-4
2226636,2,0,0_okno_n2
2226637,2,0,0_okno_n1
2226640,0,0,0_okno_n1
2226641,0,0,0_okno_n1
2226642,3,0,0_okno_n1
2226667,2,0,0_okno_n3-4
2226690,2,0,0_okno_n2
2226793,4,0,0_okno_n1
2226838,1,0,0_okno_n2
2226927,2,0,0_okno_n1
2226930,2,0,0_okno_n1
2226932,0,0,0_okno_n1
2226934,3,0,0_okno_n2
2226937,4,0,0_okno_n2
2226939,0,0,0_okno_n3-4
2226940,0,0,0_okno_n1
2226942,4,0,0_okno_n1
2226947,1,0,0_okno_n1
2226962,3,0,0_okno_n1
2227121,2,0,0_okno_n2
2227133,0,0,0_okno_n1
2227151,2,0,0_okno_n2
2227162,4,0,0_okno_n1
2227165,4,0,0_okno_n2
2227170,1,0,0_okno_n2
2227250,2,0,0_okno_n3-4
2227260,1,0,0_okno_n2
2227266,1,0,0_okno_n1
2227275,1,0,0_okno_n1
2227285,2,0,0_okno_n3-4
2227286,1,0,0_okno_n1
2227287,2,0,0_okno_n1
2227288,1,0,0_okno_n1
2227292,2,0,0_okno_n1
2227295,2,0,0_okno_n1
2227299,3,0,0_okno_n1
2227304,3,0,0_okno_n1
2227314,2,0,0_okno_n1
2227316,0,0,0_okno_n3-4
2227413,3,0,0_okno_n1
2227515,3,0,0_okno_n2
2227562,3,0,0_okno_n2
2227575,0,0,0_okno_n2
2227596,4,0,0_okno_n1
2227599,1,0,0_okno_n1
2227603,0,0,0_okno_n1
2227605,4,0,0_okno_n3-4
2227611,2,0,0_okno_n2
2227613,4,0,0_okno_n1
2227617,0,0,0_okno_n3-4
2227636,3,0,0_okno_n1
2227657,4,0,0_okno_n1
2227706,1,0,0_okno_n1
2227745,4,0,0_okno_n5+
2227769,3,0,0_okno_n3-4
2227860,1,0,0_okno_n1
2227869,4,0,0_okno_n1
2227878,1,0,0_okno_n1
2227879,2,0,0_okno_n1
2227921,1,0,0_okno_n2
2227930,0,0,0_okno_n1
2227940,1,0,0_okno_n1
2227955,4,0,0_okno_n1
2227957,1,0,0_okno_n1
2227960,4,0,0_okno_n1
2227962,1,0,0_okno_n1
2227963,3,0,0_okno_n3-4
2227972,0,0,0_okno_n1
2227974,3,0,0_okno_n2
2228011,1,0,0_okno_n1
2228046,0,0,0_okno_n1
2228080,4,0,0_okno_n1
2228218,0,0,0_okno_n1
2228234,2,0,0_okno_n1
2228247,3,0,0_okno_n1
2228252,1,0,0_okno_n1
2228279,1,0,0_okno_n1
2228280,2,0,0_okno_n3-4
2228295,0,0,0_okno_n1
2228298,3,0,0_okno_n2
2228299,3,0,0_okno_n1
2228301,3,0,0_okno_n1
2228303,0,0,0_okno_n2
2228310,4,0,0_okno_n1
2228311,4,0,0_okno_n1
2228314,2,0,0_okno_n1
2228317,0,0,0_okno_n1
2228321,1,0,0_okno_n3-4
2228323,0,0,0_okno_n3-4
2228332,3,0,0_okno_n2
2228333,1,0,0_okno_n1
2228335,0,0,0_okno_n1
2228338,0,0,0_okno_n2
2228340,1,0,0_okno_n1
2228342,3,0,0_okno_n1
2228344,1,0,0_okno_n1
2228362,0,0,0_okno_n1
2228379,2,0,0_okno_n1
2228381,4,0,0_okno_n1
2228385,3,0,0_okno_n2
2228393,3,0,0_okno_n1
2228396,4,0,0_okno_n1
2228403,2,0,0_okno_n1
2228410,4,0,0_okno_n1
2228415,3,0,0_okno_n1
2228417,3,0,0_okno_n1
2228422,3,0,0_okno_n3-4
2228423,1,0,0_okno_n1
2228425,4,0,0_okno_n1
2228427,0,0,0_okno_n1
2228432,0,0,0_okno_n1
2228516,2,0,0_okno_n1
2228550,2,0,0_okno_n1
2228593,2,0,0_okno_n1
2228597,2,1,1_pozaokno_n1
2228619,1,0,0_okno_n1
2228627,4,0,0_okno_n2
2228642,4,0,0_okno_n1
2228660,1,0,0_okno_n1
2228686,2,0,0_okno_n2
2228711,0,0,0_okno_n1
2228713,2,0,0_okno_n1
2228726,3,0,0_okno_n1
2228729,1,0,0_okno_n1
2228732,1,0,0_okno_n1
2228736,2,0,0_okno_n1
2228737,3,0,0_okno_n1
2228744,2,0,0_okno_n2
2228754,4,0,0_okno_n2
2228756,2,0,0_okno_n1
2228801,2,0,0_okno_n1
2228803,2,0,0_okno_n2
2228926,4,0,0_okno_n2
2228946,0,0,0_okno_n2
2228957,0,0,0_okno_n1
2229068,2,0,0_okno_n3-4
2229071,3,0,0_okno_n2
2229073,4,0,0_okno_n1
2229079,1,0,0_okno_n1
2229081,2,0,0_okno_n1
2229087,3,0,0_okno_n1
2229089,4,0,0_okno_n1
2229093,2,0,0_okno_n1
2229096,0,0,0_okno_n1
2229098,1,0,0_okno_n1
2229119,4,0,0_okno_n1
2229133,2,0,0_okno_n1
2229141,1,0,0_okno_n1
2229152,3,0,0_okno_n1
2229156,1,0,0_okno_n2
2229178,1,0,0_okno_n1
2229179,1,0,0_okno_n1
2229208,1,0,0_okno_n2
2229233,2,0,0_okno_n1
2229260,0,0,0_okno_n1
2229279,3,0,0_okno_n1
2229330,0,0,0_okno_n1
2229350,2,0,0_okno_n2
2229365,2,0,0_okno_n2
2229372,2,0,0_okno_n1
2229383,4,0,0_okno_n1
2229386,2,0,0_okno_n1
2229405,3,0,0_okno_n3-4
2229439,2,0,0_okno_n1
2229442,4,0,0_okno_n1
2229444,2,0,0_okno_n1
2229447,1,0,0_okno_n1
2229481,3,0,0_okno_n2
2229535,1,0,0_okno_n1
2229551,0,0,0_okno_n1
2229580,3,0,0_okno_n1
2229623,4,0,0_okno_n1
2229640,0,0,0_okno_n1
2229641,3,0,0_okno_n1
2229657,1,0,0_okno_n2
2229666,3,0,0_okno_n1
2229670,0,0,0_okno_n2
2229681,3,0,0_okno_n2
2229691,2,0,0_okno_n1
2229718,2,0,0_okno_n1
2229724,0,0,0_okno_n1
2229760,3,0,0_okno_n1
2229776,4,0,0_okno_n1
2229778,4,0,0_okno_n2
2229783,4,0,0_okno_n1
2229784,0,0,0_okno_n1
2229786,0,0,0_okno_n2
2229789,3,0,0_okno_n1
2229792,3,0,0_okno_n2
2229794,1,0,0_okno_n1
2229796,3,0,0_okno_n1
2229799,2,0,0_okno_n1
2229801,1,0,0_okno_n1
2229810,2,0,0_okno_n1
2229812,3,0,0_okno_n2
2229813,3,0,0_okno_n1
2229817,4,0,0_okno_n1
2229854,1,0,0_okno_n1
2229877,3,0,0_okno_n1
2229883,1,0,0_okno_n1
2229887,1,0,0_okno_n1
2229899,2,0,0_okno_n1
2229921,1,0,0_okno_n1
2229927,2,0,0_okno_n1
2229940,0,0,0_okno_n1
2229958,1,0,0_okno_n1
2229984,0,0,0_okno_n1
2229986,3,0,0_okno_n1
2230044,3,0,0_okno_n1
2230060,1,0,0_okno_n1
2230074,2,0,0_okno_n2
2230080,3,0,0_okno_n1
2230083,3,0,0_okno_n1
2230085,4,0,0_okno_n1
2230088,2,0,0_okno_n1
2230099,2,0,0_okno_n1
2230102,1,0,0_okno_n1
2230114,1,0,0_okno_n1
2230128,4,0,0_okno_n3-4
2230130,2,0,0_okno_n1
2230131,1,0,0_okno_n2
2230138,4,0,0_okno_n2
2230139,0,0,0_okno_n2
2230144,4,0,0_okno_n2
2230146,0,0,0_okno_n1
2230149,3,0,0_okno_n2
2230150,3,0,0_okno_n2
2230153,0,0,0_okno_n1
2230157,1,0,0_okno_n1
2230159,1,0,0_okno_n1
2230160,4,0,0_okno_n1
2230164,3,0,0_okno_n2
2230168,1,0,0_okno_n1
2230172,4,0,0_okno_n1
2230174,3,0,0_okno_n2
2230175,1,0,0_okno_n1
2230180,4,0,0_okno_n1
2230194,4,0,0_okno_n2
2230215,3,0,0_okno_n2
2230222,3,0,0_okno_n1
2230231,3,0,0_okno_n1
2230235,1,0,0_okno_n1
2230241,1,0,0_okno_n1
2230247,2,0,0_okno_n1
2230257,3,0,0_okno_n1
2230258,0,0,0_okno_n1
2230259,1,0,0_okno_n1
2230260,4,0,0_okno_n2
2230262,3,0,0_okno_n1
2230267,3,0,0_okno_n1
2230272,2,0,0_okno_n1
2230276,0,0,0_okno_n1
2230280,1,0,0_okno_n1
2230282,1,0,0_okno_n1
2230284,2,0,0_okno_n1
2230291,0,0,0_okno_n1
2230296,3,0,0_okno_n1
2230351,0,0,0_okno_n1
2230392,4,0,0_okno_n1
2230410,0,0,0_okno_n2
2230444,3,0,0_okno_n1
2230446,2,0,0_okno_n2
2230480,3,0,0_okno_n1
2230486,4,0,0_okno_n2
2230507,2,0,0_okno_n1
2230512,0,0,0_okno_n1
2230525,4,0,0_okno_n1
2230528,4,0,0_okno_n1
2230551,4,0,0_okno_n1
2230557,2,0,0_okno_n1
2230560,2,0,0_okno_n1
2230569,2,0,0_okno_n1
2230599,3,0,0_okno_n2
2230602,1,0,0_okno_n1
2230621,4,0,0_okno_n1
2230623,2,0,0_okno_n3-4
2230628,2,0,0_okno_n1
2230630,4,0,0_okno_n3-4
2230636,3,0,0_okno_n1
2230640,3,0,0_okno_n1
2230671,2,0,0_okno_n1
2230676,4,0,0_okno_n1
2230717,4,0,0_okno_n3-4
2230742,2,0,0_okno_n2
2230789,4,0,0_okno_n1
2230823,3,0,0_okno_n1
2230848,2,0,0_okno_n3-4
2230866,1,0,0_okno_n1
2230884,1,0,0_okno_n1
2230888,2,0,0_okno_n1
2230927,0,0,0_okno_n1
2230931,4,0,0_okno_n1
2230938,2,0,0_okno_n1
2230942,4,0,0_okno_n1
2230960,4,0,0_okno_n1
2230969,2,0,0_okno_n1
2230970,2,0,0_okno_n1
2230980,3,0,0_okno_n1
2231010,2,0,0_okno_n2
2231014,0,0,0_okno_n1
2231053,0,0,0_okno_n1
2231089,0,0,0_okno_n1
2231093,3,0,0_okno_n1
2231147,1,0,0_okno_n1
2231150,3,0,0_okno_n2
2231154,2,0,0_okno_n1
2231191,2,0,0_okno_n1
2231192,0,0,0_okno_n2
2231197,4,0,0_okno_n1
2231204,4,0,0_okno_n3-4
2231246,2,0,0_okno_n1
2231255,1,0,0_okno_n1
2231268,4,0,0_okno_n2
2231269,1,0,0_okno_n3-4
2231276,1,0,0_okno_n1
2231278,3,0,0_okno_n1
2231429,1,0,0_okno_n1
2231468,1,0,0_okno_n5+
2231508,0,0,0_okno_n2
2231531,3,0,0_okno_n1
2231543,2,0,0_okno_n2
2231558,1,0,0_okno_n1
2231567,3,0,0_okno_n1
2231570,2,0,0_okno_n1
2231574,2,0,0_okno_n1
2231577,0,0,0_okno_n1
2231578,4,0,0_okno_n2
2231580,1,0,0_okno_n1
2231584,0,0,0_okno_n1
2231618,1,0,0_okno_n1
2231753,3,0,0_okno_n1
2231760,1,0,0_okno_n1
2231772,0,0,0_okno_n1
2231788,4,0,0_okno_n1
2231800,0,1,1_okno_n3-4
2231813,0,0,0_okno_n3-4
2231816,4,0,0_okno_n1
2231817,4,0,0_okno_n1
2231848,4,0,0_okno_n1
2231856,4,0,0_okno_n1
2231878,3,0,0_okno_n1
2231888,1,0,0_okno_n1
2231893,1,0,0_okno_n1
2231897,3,0,0_okno_n1
2231898,3,0,0_okno_n2
2231910,2,0,0_okno_n1
2231913,4,0,0_okno_n1
2231920,1,0,0_okno_n1
2231923,0,0,0_okno_n1
2231925,4,0,0_okno_n1
2231929,2,0,0_okno_n1
2231931,4,0,0_okno_n1
2231934,1,0,0_okno_n2
2231944,0,0,0_okno_n2
2231945,1,0,0_okno_n2
2231946,3,0,0_okno_n1
2231964,2,0,0_okno_n1
2231971,1,0,0_okno_n1
2231974,1,0,0_okno_n1
2231975,4,0,0_okno_n1
2231978,2,0,0_okno_n1
2231981,1,0,0_okno_n1
2231988,1,0,0_okno_n1
2231993,2,0,0_okno_n1
2231997,3,0,0_okno_n1
2232000,4,0,0_okno_n1
2232011,0,0,0_okno_n1
2232012,2,0,0_okno_n1
2232018,1,0,0_okno_n1
2232019,0,0,0_okno_n1
2232034,2,0,0_okno_n1
2232063,3,0,0_okno_n1
2232068,4,0,0_okno_n1
2232069,4,0,0_okno_n1
2232074,4,0,0_okno_n1
2232084,2,0,0_okno_n1
2232086,1,0,0_okno_n1
2232089,0,0,0_okno_n2
2232090,1,0,0_okno_n1
2232097,1,0,0_okno_n1
2232099,3,0,0_okno_n1
2232102,0,0,0_okno_n2
2232103,2,0,0_okno_n1
2232106,0,0,0_okno_n1
2232108,3,0,0_okno_n1
2232114,2,0,0_okno_n1
2232116,3,0,0_okno_n1
2232118,3,0,0_okno_n1
2232125,1,0,0_okno_n1
2232128,3,0,0_okno_n1
2232138,1,0,0_okno_n2
2232145,0,0,0_okno_n2
2232147,0,0,0_okno_n1
2232181,2,0,0_okno_n1
2232202,4,0,0_okno_n1
2232227,1,0,0_okno_n1
2232232,4,0,0_okno_n2
2232243,4,0,0_okno_n2
2232265,0,0,0_okno_n1
2232272,4,0,0_okno_n1
2232277,3,0,0_okno_n1
2232288,2,0,0_okno_n2
2232340,4,0,0_okno_n1
2232368,2,0,0_okno_n1
2232405,0,0,0_okno_n1
2232409,1,0,0_okno_n1
2232413,1,0,0_okno_n2
2232416,1,0,0_okno_n2
2232436,1,0,0_okno_n2
2232437,4,0,0_okno_n2
2232440,3,0,0_okno_n1
2232448,3,0,0_okno_n3-4
2232449,2,0,0_okno_n1
2232450,4,0,0_okno_n1
2232451,1,0,0_okno_n1
2232453,2,0,0_okno_n1
2232454,0,0,0_okno_n1
2232457,3,0,0_okno_n1
2232463,3,0,0_okno_n1
2232464,1,0,0_okno_n1
2232467,3,0,0_okno_n3-4
2232469,2,0,0_okno_n1
2232499,3,1,1_pozaokno_n1
2232524,3,0,0_okno_n1
2232601,2,0,0_okno_n1
2232643,3,0,0_okno_n1
2232652,1,0,0_okno_n1
2232675,0,0,0_okno_n2
2232679,0,0,0_okno_n1
2232695,0,0,0_okno_n1
2232729,1,0,0_okno_n1
2232744,2,0,0_okno_n3-4
2232756,1,0,0_okno_n1
2232760,2,0,0_okno_n1
2232765,3,0,0_okno_n1
2232769,4,0,0_okno_n1
2232774,2,0,0_okno_n2
2232776,2,0,0_okno_n1
2232779,4,0,0_okno_n1
2232787,1,0,0_okno_n1
2232790,1,0,0_okno_n1
2232791,4,0,0_okno_n1
2232792,0,0,0_okno_n1
2232799,4,0,0_okno_n1
2232827,2,0,0_okno_n1
2232854,1,0,0_okno_n1
2232876,0,0,0_okno_n1
2232890,0,0,0_okno_n2
2232908,0,0,0_okno_n1
2232942,1,0,0_okno_n1
2232953,4,0,0_okno_n1
2232983,0,0,0_okno_n1
2232994,2,0,0_okno_n1
2233012,0,0,0_okno_n2
2233015,3,0,0_okno_n2
2233049,3,0,0_okno_n1
2233051,1,0,0_okno_n1
2233065,3,0,0_okno_n3-4
2233075,3,0,0_okno_n1
2233077,1,0,0_okno_n5+
2233083,1,0,0_okno_n1
2233092,2,0,0_okno_n1
2233098,4,0,0_okno_n1
2233112,0,0,0_okno_n1
2233114,3,0,0_okno_n1
2233115,2,0,0_okno_n2
2233117,0,0,0_okno_n1
2233118,4,0,0_okno_n1
2233127,2,0,0_okno_n1
2233128,1,0,0_okno_n1
2233130,4,0,0_okno_n3-4
2233134,1,0,0_okno_n1
2233141,3,0,0_okno_n1
2233146,1,0,0_okno_n1
2233164,4,0,0_okno_n1
2233194,1,0,0_okno_n1
2233282,1,0,0_okno_n1
2233287,3,0,0_okno_n2
2233323,0,0,0_okno_n1
2233341,1,0,0_okno_n1
2233362,3,0,0_okno_n3-4
2233364,1,1,1_pozaokno_n1
2233373,3,0,0_okno_n2
2233377,4,0,0_okno_n3-4
2233380,0,0,0_okno_n2
2233391,4,0,0_okno_n1
2233396,3,0,0_okno_n2
2233400,0,0,0_okno_n1
2233402,2,0,0_okno_n1
2233408,1,0,0_okno_n1
2233409,4,0,0_okno_n1
2233411,1,0,0_okno_n2
2233412,2,0,0_okno_n2
2233423,0,0,0_okno_n1
2233424,4,0,0_okno_n1
2233425,2,0,0_okno_n1
2233426,1,0,0_okno_n2
2233430,2,0,0_okno_n1
2233433,4,1,1_pozaokno_n1
2233435,3,0,0_okno_n2
2233437,3,0,0_okno_n3-4
2233450,2,0,0_okno_n2
2233459,0,0,0_okno_n1
2233462,2,0,0_okno_n1
2233465,1,0,0_okno_n2
2233466,1,0,0_okno_n1
2233467,3,0,0_okno_n2
2233469,1,0,0_okno_n1
2233475,1,0,0_okno_n2
2233477,4,0,0_okno_n2
2233480,4,0,0_okno_n1
2233485,0,0,0_okno_n1
2233487,1,0,0_okno_n1
2233490,2,0,0_okno_n1
2233494,2,0,0_okno_n1
2233513,4,0,0_okno_n1
2233548,3,0,0_okno_n3-4
2233559,0,0,0_okno_n2
2233564,4,0,0_okno_n1
2233565,4,0,0_okno_n3-4
2233566,1,0,0_okno_n1
2233570,3,0,0_okno_n3-4
2233577,4,0,0_okno_n1
2233669,3,0,0_okno_n1
2233729,1,0,0_okno_n1
2233749,3,0,0_okno_n1
2233753,2,0,0_okno_n1
2233769,2,0,0_okno_n1
2233771,3,0,0_okno_n3-4
2233778,4,0,0_okno_n1
2233780,2,0,0_okno_n1
2233782,4,0,0_okno_n1
2233792,1,0,0_okno_n1
2233799,3,0,0_okno_n2
2233825,0,0,0_okno_n1
2233840,4,0,0_okno_n1
2233856,2,0,0_okno_n1
2233857,3,0,0_okno_n2
2233865,4,0,0_okno_n1
2233882,0,0,0_okno_n1
2233886,2,0,0_okno_n2
2233890,3,0,0_okno_n3-4
2233899,4,0,0_okno_n2
2233906,3,0,0_okno_n1
2233912,2,0,0_okno_n1
2233917,1,0,0_okno_n1
2233918,3,0,0_okno_n1
2233953,0,0,0_okno_n1
2233966,3,0,0_okno_n3-4
2234009,0,0,0_okno_n1
2234014,4,0,0_okno_n2
2234039,0,0,0_okno_n3-4
2234057,0,0,0_okno_n2
2234060,0,0,0_okno_n1
2234102,0,0,0_okno_n2
2234110,0,0,0_okno_n1
2234199,4,0,0_okno_n2
2234229,3,0,0_okno_n1
2234231,1,0,0_okno_n2
2234243,2,0,0_okno_n1
2234247,1,0,0_okno_n1
2234250,4,0,0_okno_n1
2234253,3,0,0_okno_n3-4
2234258,2,0,0_okno_n1
2234269,2,0,0_okno_n1
2234278,2,0,0_okno_n3-4
2234282,2,0,0_okno_n1
2234306,0,0,0_okno_n1
2234331,4,0,0_okno_n3-4
2234334,4,0,0_okno_n1
2234402,2,0,0_okno_n3-4
2234421,4,0,0_okno_n1
2234444,1,0,0_okno_n1
2234461,4,0,0_okno_n1
2234467,2,0,0_okno_n1
2234494,3,0,0_okno_n1
2234498,0,0,0_okno_n2
2234518,3,0,0_okno_n2
2234532,4,0,0_okno_n1
2234540,4,0,0_okno_n1
2234544,3,0,0_okno_n2
2234553,1,0,0_okno_n1
2234554,2,0,0_okno_n2
2234555,4,0,0_okno_n1
2234557,1,0,0_okno_n1
2234559,2,0,0_okno_n3-4
2234567,0,0,0_okno_n1
2234574,2,0,0_okno_n2
2234576,4,0,0_okno_n1
2234582,0,0,0_okno_n1
2234588,0,0,0_okno_n1
2234599,0,0,0_okno_n1
2234603,1,0,0_okno_n1
2234616,1,0,0_okno_n1
2234617,1,0,0_okno_n2
2234622,4,0,0_okno_n1
2234634,2,0,0_okno_n1
2234638,2,0,0_okno_n1
2234639,2,0,0_okno_n3-4
2234642,4,0,0_okno_n3-4
2234643,4,0,0_okno_n1
2234650,4,0,0_okno_n1
2234653,3,0,0_okno_n1
2234669,4,0,0_okno_n1
2234770,0,0,0_okno_n2
2234778,1,0,0_okno_n1
2234783,3,0,0_okno_n1
2234785,2,0,0_okno_n2
2234788,3,0,0_okno_n3-4
2234823,2,0,0_okno_n1
2234832,4,0,0_okno_n1
2234841,0,0,0_okno_n2
2234856,4,1,1_pozaokno_n1
2234859,3,0,0_okno_n2
2234865,3,0,0_okno_n3-4
2234867,0,0,0_okno_n1
2234869,2,0,0_okno_n1
2234873,2,0,0_okno_n1
2234883,2,0,0_okno_n2
2234887,0,0,0_okno_n3-4
2234889,1,0,0_okno_n1
2234893,0,0,0_okno_n1
2234895,2,0,0_okno_n2
2234897,2,0,0_okno_n3-4
2234898,3,0,0_okno_n1
2234907,3,0,0_okno_n1
2234915,1,0,0_okno_n1
2234918,1,0,0_okno_n1
2234920,2,0,0_okno_n2
2234923,0,0,0_okno_n2
2234927,3,0,0_okno_n2
2234936,4,0,0_okno_n2
2234940,1,0,0_okno_n1
2234941,3,0,0_okno_n2
2234943,0,0,0_okno_n1
2234945,1,0,0_okno_n1
2234946,1,0,0_okno_n1
2234948,2,0,0_okno_n2
2234950,1,0,0_okno_n1
2234954,1,0,0_okno_n1
2235002,2,0,0_okno_n1
2235004,4,0,0_okno_n1
2235005,4,0,0_okno_n1
2235012,3,0,0_okno_n1
2235016,0,0,0_okno_n1
2235024,0,0,0_okno_n1
2235026,4,0,0_okno_n1
2235032,1,0,0_okno_n1
2235088,4,0,0_okno_n1
2235161,2,0,0_okno_n1
2235250,0,0,0_okno_n2
2235259,0,0,0_okno_n1
2235270,4,0,0_okno_n1
2235277,1,0,0_okno_n1
2235281,1,0,0_okno_n1
2235284,4,0,0_okno_n1
2235294,4,0,0_okno_n1
2235317,3,0,0_okno_n1
2235320,0,0,0_okno_n1
2235323,0,0,0_okno_n1
2235327,0,0,0_okno_n1
2235331,4,0,0_okno_n1
2235334,3,0,0_okno_n1
2235339,2,0,0_okno_n1
2235351,3,0,0_okno_n1
2235353,1,0,0_okno_n1
2235355,0,0,0_okno_n1
2235357,3,0,0_okno_n5+
2235360,0,0,0_okno_n3-4
2235363,4,0,0_okno_n1
2235367,2,0,0_okno_n2
2235377,0,0,0_okno_n2
2235390,1,0,0_okno_n2
2235440,3,0,0_okno_n1
2235443,4,0,0_okno_n1
2235470,2,0,0_okno_n2
2235552,3,0,0_okno_n1
2235580,1,0,0_okno_n1
2235609,3,0,0_okno_n1
2235644,2,0,0_okno_n1
2235655,4,0,0_okno_n2
2235657,2,0,0_okno_n1
2235666,3,0,0_okno_n2
2235671,4,0,0_okno_n1
2235674,4,0,0_okno_n1
2235680,4,0,0_okno_n2
2235682,0,0,0_okno_n1
2235684,2,0,0_okno_n2
2235685,3,0,0_okno_n1
2235688,2,0,0_okno_n1
2235729,1,0,0_okno_n1
2235731,2,0,0_okno_n2
2235769,4,0,0_okno_n1
2235827,0,0,0_okno_n2
2235837,0,0,0_okno_n1
2235846,2,0,0_okno_n1
2235853,2,0,0_okno_n3-4
2235912,0,0,0_okno_n2
2235919,1,0,0_okno_n2
2235923,1,0,0_okno_n1
2235940,4,1,1_okno_n3-4
2235946,0,0,0_okno_n1
2235952,0,0,0_okno_n2
2235953,1,0,0_okno_n2
2235956,4,0,0_okno_n5+
2235964,1,0,0_okno_n1
2235965,1,0,0_okno_n1
2235998,1,0,0_okno_n3-4
2236069,3,0,0_okno_n1
2236074,4,0,0_okno_n1
2236164,3,0,0_okno_n3-4
2236180,3,0,0_okno_n1
2236195,0,0,0_okno_n3-4
2236216,3,0,0_okno_n1
2236220,4,0,0_okno_n1
2236224,3,0,0_okno_n1
2236242,4,0,0_okno_n2
2236245,0,0,0_okno_n1
2236252,4,0,0_okno_n1
2236265,1,0,0_okno_n1
2236267,3,0,0_okno_n3-4
2236270,2,0,0_okno_n1
2236272,0,0,0_okno_n1
2236274,1,0,0_okno_n1
2236276,1,0,0_okno_n1
2236277,0,0,0_okno_n1
2236278,2,0,0_okno_n2
2236280,2,0,0_okno_n1
2236294,1,0,0_okno_n1
2236309,2,0,0_okno_n3-4
2236312,3,0,0_okno_n3-4
2236357,0,0,0_okno_n3-4
2236410,3,0,0_okno_n2
2236471,3,0,0_okno_n1
2236491,0,0,0_okno_n1
2236498,4,0,0_okno_n1
2236527,2,0,0_okno_n3-4
2236529,2,0,0_okno_n3-4
2236535,4,0,0_okno_n2
2236537,1,0,0_okno_n1
2236538,0,0,0_okno_n1
2236545,2,0,0_okno_n1
2236552,2,0,0_okno_n1
2236557,3,0,0_okno_n1
2236563,0,0,0_okno_n2
2236566,3,0,0_okno_n1
2236568,2,0,0_okno_n2
2236575,1,0,0_okno_n2
2236577,0,0,0_okno_n1
2236579,1,0,0_okno_n2
2236581,3,0,0_okno_n2
2236596,2,0,0_okno_n1
2236612,0,0,0_okno_n1
2236613,1,0,0_okno_n1
2236620,2,0,0_okno_n3-4
2236623,4,0,0_okno_n1
2236624,2,0,0_okno_n2
2236627,2,0,0_okno_n1
2236637,4,0,0_okno_n1
2236642,0,0,0_okno_n2
2236645,2,0,0_okno_n2
2236650,3,0,0_okno_n1
2236652,0,0,0_okno_n1
2236653,2,0,0_okno_n1
2236661,1,0,0_okno_n3-4
2236674,1,0,0_okno_n1
2236676,1,0,0_okno_n1
2236680,1,0,0_okno_n1
2236707,4,0,0_okno_n1
2236719,0,0,0_okno_n1
2236725,1,0,0_okno_n1
2236726,0,0,0_okno_n1
2236727,0,0,0_okno_n1
2236740,2,0,0_okno_n1
2236747,1,0,0_okno_n1
2236749,3,0,0_okno_n1
2236756,2,0,0_okno_n2
2236825,1,0,0_okno_n2
2236863,0,0,0_okno_n1
2236906,4,0,0_okno_n2
2236908,4,0,0_okno_n1
2236936,3,0,0_okno_n1
2236957,1,0,0_okno_n2
2236962,1,0,0_okno_n1
2236987,2,0,0_okno_n2
2236996,4,0,0_okno_n2
2237009,4,0,0_okno_n1
2237019,0,0,0_okno_n1
2237036,3,0,0_okno_n1
2237050,2,0,0_okno_n1
2237091,1,0,0_okno_n1
2237094,2,0,0_okno_n1
2237100,0,0,0_okno_n1
2237102,2,0,0_okno_n1
2237103,1,0,0_okno_n1
2237113,4,0,0_okno_n3-4
2237114,0,0,0_okno_n1
2237117,4,0,0_okno_n2
2237123,2,0,0_okno_n1
2237125,1,0,0_okno_n1
2237127,0,0,0_okno_n1
2237131,4,0,0_okno_n1
2237133,0,0,0_okno_n1
2237153,2,0,0_okno_n1
2237176,4,0,0_okno_n2
2237196,2,0,0_okno_n2
2237223,2,0,0_okno_n1
2237246,2,0,0_okno_n1
2237281,3,0,0_okno_n1
2237329,2,0,0_okno_n1
2237339,2,0,0_okno_n1
2237384,4,0,0_okno_n3-4
2237396,4,0,0_okno_n1
2237445,2,0,0_okno_n1
2237447,4,0,0_okno_n1
2237456,1,0,0_okno_n1
2237486,2,0,0_okno_n1
2237493,0,0,0_okno_n1
2237496,0,0,0_okno_n1
2237519,2,0,0_okno_n2
2237521,2,0,0_okno_n2
2237523,4,0,0_okno_n1
2237524,4,0,0_okno_n1
2237527,1,0,0_okno_n1
2237532,3,0,0_okno_n1
2237534,3,0,0_okno_n1
2237536,4,0,0_okno_n2
2237545,2,0,0_okno_n1
2237554,4,0,0_okno_n1
2237555,1,0,0_okno_n2
2237563,2,0,0_okno_n1
2237584,0,0,0_okno_n1
2237598,2,0,0_okno_n1
2237612,3,0,0_okno_n1
2237701,2,0,0_okno_n1
2237724,4,0,0_okno_n1
2237732,3,0,0_okno_n1
2237734,4,0,0_okno_n2
2237751,1,0,0_okno_n1
2237782,1,0,0_okno_n1
2237797,0,0,0_okno_n2
2237804,2,0,0_okno_n1
2237828,4,0,0_okno_n2
2237854,3,0,0_okno_n1
2237862,2,0,0_okno_n2
2237865,0,0,0_okno_n1
2237873,3,0,0_okno_n1
2237877,1,0,0_okno_n1
2237879,4,0,0_okno_n2
2237881,0,0,0_okno_n1
2237884,0,0,0_okno_n1
2237889,0,0,0_okno_n2
2237890,4,0,0_okno_n1
2237917,1,0,0_okno_n1
2237953,3,0,0_okno_n2
2237957,1,0,0_okno_n1
2237985,3,0,0_okno_n1
2238045,1,0,0_okno_n1
2238047,1,1,1_pozaokno_n2
2238053,4,0,0_okno_n2
2238054,3,0,0_okno_n1
2238154,1,0,0_okno_n2
2238157,0,0,0_okno_n2
2238163,4,0,0_okno_n2
2238171,3,0,0_okno_n1
2238175,1,0,0_okno_n1
2238181,3,0,0_okno_n2
2238190,0,0,0_okno_n3-4
2238215,4,0,0_okno_n1
2238248,1,0,0_okno_n2
2238277,3,0,0_okno_n2
2238297,2,0,0_okno_n2
2238304,0,0,0_okno_n2
2238308,3,0,0_okno_n2
2238342,4,0,0_okno_n1
2238356,4,0,0_okno_n1
2238366,0,1,1_pozaokno_n5+
2238405,3,0,0_okno_n1
2238408,3,0,0_okno_n5+
2238411,0,0,0_okno_n1
2238429,3,0,0_okno_n2
2238437,1,0,0_okno_n2
2238472,1,0,0_okno_n1
2238481,1,0,0_okno_n1
2238486,1,0,0_okno_n1
2238494,1,0,0_okno_n1
2238516,0,0,0_okno_n2
2238518,3,0,0_okno_n1
2238522,0,0,0_okno_n1
2238527,1,0,0_okno_n2
2238530,4,0,0_okno_n2
2238533,1,0,0_okno_n2
2238536,0,0,0_okno_n1
2238538,4,0,0_okno_n1
2238540,0,0,0_okno_n2
2238542,0,0,0_okno_n2
2238543,4,0,0_okno_n1
2238553,2,0,0_okno_n2
2238556,4,0,0_okno_n1
2238558,3,0,0_okno_n1
2238561,2,0,0_okno_n2
2238563,3,0,0_okno_n1
2238566,0,0,0_okno_n1
2238573,4,0,0_okno_n1
2238575,4,0,0_okno_n1
2238581,2,0,0_okno_n2
2238583,3,0,0_okno_n1
2238585,3,0,0_okno_n1
2238598,0,1,1_okno_n1
2238600,0,0,0_okno_n1
2238602,3,0,0_okno_n1
2238606,4,0,0_okno_n1
2238610,4,0,0_okno_n2
2238613,1,0,0_okno_n1
2238620,2,0,0_okno_n1
2238623,4,0,0_okno_n1
2238627,4,0,0_okno_n2
2238640,4,0,0_okno_n1
2238674,3,0,0_okno_n1
2238691,3,0,0_okno_n1
2238693,4,0,0_okno_n1
2238708,4,0,0_okno_n1
2238713,0,0,0_okno_n1
2238716,2,0,0_okno_n1
2238721,4,0,0_okno_n1
2238729,3,0,0_okno_n3-4
2238731,2,0,0_okno_n1
2238803,2,0,0_okno_n1
2238812,4,0,0_okno_n1
2238844,1,0,0_okno_n2
2238910,4,0,0_okno_n1
2238958,4,0,0_okno_n2
2238971,2,0,0_okno_n1
2239047,0,0,0_okno_n1
2239048,1,0,0_okno_n1
2239074,1,0,0_okno_n1
2239078,2,0,0_okno_n1
2239081,0,0,0_okno_n1
2239084,1,0,0_okno_n1
2239090,2,0,0_okno_n1
2239101,4,0,0_okno_n1
2239103,4,0,0_okno_n1
2239109,1,0,0_okno_n1
2239165,2,0,0_okno_n1
2239214,3,0,0_okno_n1
2239330,1,0,0_okno_n1
2239354,3,0,0_okno_n3-4
2239368,3,0,0_okno_n1
2239386,4,0,0_okno_n1
2239405,1,0,0_okno_n1
2239411,4,0,0_okno_n1
2239415,1,0,0_okno_n1
2239417,1,0,0_okno_n1
2239422,2,0,0_okno_n1
2239425,1,0,0_okno_n1
2239439,0,0,0_okno_n3-4
2239447,1,0,0_okno_n1
2239540,0,0,0_okno_n1
2239589,3,0,0_okno_n2
2239637,2,0,0_okno_n1
2239712,0,0,0_okno_n1
2239725,2,0,0_okno_n2
2239729,2,0,0_okno_n1
2239732,4,0,0_okno_n2
2239742,3,0,0_okno_n1
2239751,0,0,0_okno_n1
2239755,3,0,0_okno_n1
2239766,0,0,0_okno_n2
2239842,2,0,0_okno_n1
2239893,0,0,0_okno_n1
2239917,1,0,0_okno_n1
2239923,2,0,0_okno_n3-4
2239940,2,0,0_okno_n1
2239960,0,0,0_okno_n3-4
2239973,0,0,0_okno_n1
2239982,4,0,0_okno_n1
2239999,0,0,0_okno_n1
2240004,1,0,0_okno_n1
2240010,0,0,0_okno_n1
2240015,4,0,0_okno_n1
2240017,4,0,0_okno_n1
2240020,0,0,0_okno_n1
2240033,3,0,0_okno_n2
2240036,1,0,0_okno_n5+
2240038,4,0,0_okno_n1
2240041,4,0,0_okno_n5+
2240047,4,0,0_okno_n1
2240048,4,0,0_okno_n1
2240049,1,0,0_okno_n1
2240152,0,0,0_okno_n1
2240166,3,0,0_okno_n1
2240169,4,0,0_okno_n2
2240170,0,0,0_okno_n3-4
2240181,2,0,0_okno_n1
2240186,0,0,0_okno_n2
2240222,0,0,0_okno_n1
2240246,4,0,0_okno_n1
2240247,2,0,0_okno_n2
2240263,0,0,0_okno_n1
2240280,4,0,0_okno_n2
2240284,4,0,0_okno_n1
2240287,3,0,0_okno_n1
2240299,0,0,0_okno_n2
2240303,3,0,0_okno_n2
2240309,2,0,0_okno_n1
2240315,1,0,0_okno_n2
2240326,0,0,0_okno_n1
2240332,0,0,0_okno_n1
2240343,3,0,0_okno_n2
2240344,3,0,0_okno_n1
2240353,0,0,0_okno_n3-4
2240358,0,0,0_okno_n2
2240359,3,0,0_okno_n2
2240361,0,0,0_okno_n1
2240375,3,0,0_okno_n1
2240385,2,0,0_okno_n1
2240388,0,0,0_okno_n1
2240389,3,0,0_okno_n1
2240392,2,0,0_okno_n1
2240428,3,0,0_okno_n1
2240432,1,0,0_okno_n1
2240441,4,0,0_okno_n3-4
2240444,4,0,0_okno_n3-4
2240447,1,0,0_okno_n1
2240451,2,0,0_okno_n1
2240453,0,0,0_okno_n1
2240464,2,0,0_okno_n1
2240465,1,0,0_okno_n1
2240468,1,0,0_okno_n1
2240470,3,0,0_okno_n2
2240471,3,0,0_okno_n2
2240472,1,0,0_okno_n1
2240473,1,0,0_okno_n1
2240520,1,0,0_okno_n1
2240626,2,0,0_okno_n3-4
2240642,4,0,0_okno_n1
2240678,3,0,0_okno_n2
2240740,1,0,0_okno_n2
2240750,3,0,0_okno_n1
2240756,3,0,0_okno_n1
2240759,4,0,0_okno_n1
2240760,0,0,0_okno_n2
2240766,1,0,0_okno_n1
2240772,2,0,0_okno_n1
2240774,1,0,0_okno_n1
2240779,0,0,0_okno_n1
2240783,3,0,0_okno_n1
2240786,3,0,0_okno_n3-4
2240788,4,0,0_okno_n2
2240812,3,0,0_okno_n1
2240932,3,0,0_okno_n1
2240942,3,1,1_pozaokno_n1
2240969,1,0,0_okno_n1
2240974,0,0,0_okno_n3-4
2240994,0,0,0_okno_n3-4
2241034,3,0,0_okno_n1
2241035,1,0,0_okno_n3-4
2241041,4,0,0_okno_n1
2241047,2,0,0_okno_n1
2241056,1,0,0_okno_n1
2241060,3,0,0_okno_n3-4
2241064,1,0,0_okno_n1
2241073,0,0,0_okno_n3-4
2241074,1,0,0_okno_n3-4
2241079,0,0,0_okno_n1
2241082,2,0,0_okno_n1
2241092,1,0,0_okno_n1
2241094,4,0,0_okno_n1
2241102,0,0,0_okno_n1
2241106,2,0,0_okno_n1
2241115,1,0,0_okno_n2
2241169,4,0,0_okno_n1
2241229,0,0,0_okno_n1
2241264,4,0,0_okno_n1
2241319,4,0,0_okno_n1
2241333,1,0,0_okno_n1
2241336,2,0,0_okno_n1
2241354,3,0,0_okno_n1
2241357,3,0,0_okno_n2
2241377,0,0,0_okno_n1
2241382,2,0,0_okno_n1
2241386,4,0,0_okno_n1
2241402,4,0,0_okno_n1
2241409,0,0,0_okno_n2
2241410,1,0,0_okno_n2
2241416,2,0,0_okno_n3-4
2241418,3,0,0_okno_n1
2241466,2,0,0_okno_n2
2241521,0,0,0_okno_n1
2241538,1,0,0_okno_n2
2241544,3,0,0_okno_n1
2241563,3,0,0_okno_n3-4
2241586,1,0,0_okno_n2
2241591,0,0,0_okno_n2
2241613,0,0,0_okno_n1
2241624,3,0,0_okno_n1
2241658,1,0,0_okno_n1
2241684,3,0,0_okno_n3-4
2241688,1,0,0_okno_n2
2241691,0,0,0_okno_n1
2241702,3,0,0_okno_n1
2241717,4,0,0_okno_n1
2241723,4,0,0_okno_n3-4
2241725,0,0,0_okno_n2
2241727,2,0,0_okno_n3-4
2241729,2,0,0_okno_n1
2241733,1,0,0_okno_n1
2241737,3,0,0_okno_n1
2241739,2,0,0_okno_n1
2241742,2,0,0_okno_n1
2241745,4,0,0_okno_n1
2241747,4,0,0_okno_n2
2241751,1,0,0_okno_n2
2241788,2,0,0_okno_n3-4
2241811,1,0,0_okno_n1
2241824,0,0,0_okno_n1
2241836,0,0,0_okno_n1
2241896,3,0,0_okno_n1
2241944,3,0,0_okno_n1
2241955,4,0,0_okno_n2
2241958,1,0,0_okno_n3-4
2241962,2,0,0_okno_n1
2241965,4,0,0_okno_n1
2241968,1,0,0_okno_n1
2241970,4,0,0_okno_n3-4
2241971,2,0,0_okno_n1
2241978,0,0,0_okno_n2
2241979,2,0,0_okno_n2
2241983,4,0,0_okno_n2
2241986,4,0,0_okno_n3-4
2241988,1,0,0_okno_n1
2241992,4,0,0_okno_n1
2242000,4,0,0_okno_n1
2242003,3,0,0_okno_n1
2242004,2,0,0_okno_n3-4
2242008,2,0,0_okno_n2
2242010,0,0,0_okno_n2
2242014,3,0,0_okno_n2
2242018,1,0,0_okno_n1
2242022,0,0,0_okno_n1
2242023,2,0,0_okno_n1
2242031,2,0,0_okno_n2
2242035,4,0,0_okno_n3-4
2242040,2,0,0_okno_n1
2242046,3,0,0_okno_n1
2242054,0,0,0_okno_n2
2242069,3,0,0_okno_n2
2242072,3,0,0_okno_n3-4
2242075,2,0,0_okno_n2
2242078,1,0,0_okno_n1
2242081,4,0,0_okno_n1
2242084,2,0,0_okno_n1
2242085,3,0,0_okno_n1
2242101,4,0,0_okno_n1
2242109,4,0,0_okno_n1
2242117,3,0,0_okno_n1
2242129,3,0,0_okno_n1
2242130,1,0,0_okno_n1
2242132,4,0,0_okno_n3-4
2242138,0,0,0_okno_n3-4
2242144,1,0,0_okno_n1
2242148,4,0,0_okno_n3-4
2242150,1,0,0_okno_n1
2242158,0,0,0_okno_n1
2242159,1,0,0_okno_n1
2242166,2,0,0_okno_n1
2242167,0,0,0_okno_n1
2242168,4,0,0_okno_n1
2242210,1,0,0_okno_n1
2242227,2,0,0_okno_n2
2242234,3,0,0_okno_n2
2242246,1,0,0_okno_n2
2242254,1,0,0_okno_n2
2242259,4,0,0_okno_n3-4
2242273,3,0,0_okno_n1
2242283,0,0,0_okno_n2
2242314,4,0,0_okno_n2
2242319,3,0,0_okno_n2
2242340,4,0,0_okno_n1
2242373,1,0,0_okno_n1
2242383,3,0,0_okno_n1
2242384,0,0,0_okno_n1
2242386,0,0,0_okno_n1
2242390,2,0,0_okno_n1
2242391,0,0,0_okno_n2
2242393,1,0,0_okno_n1
2242396,0,0,0_okno_n1
2242408,1,0,0_okno_n1
2242410,3,0,0_okno_n1
2242413,0,0,0_okno_n1
2242417,3,0,0_okno_n1
2242419,3,0,0_okno_n1
2242423,4,0,0_okno_n1
2242425,0,0,0_okno_n2
2242434,2,0,0_okno_n1
2242436,4,0,0_okno_n1
2242437,2,0,0_okno_n2
2242442,1,0,0_okno_n2
2242444,4,0,0_okno_n3-4
2242445,3,0,0_okno_n2
2242480,1,0,0_okno_n1
2242490,4,0,0_okno_n1
2242509,4,0,0_okno_n2
2242545,1,0,0_okno_n2
2242552,3,0,0_okno_n1
2242564,2,0,0_okno_n1
2242569,0,0,0_okno_n1
2242598,0,0,0_okno_n1
2242629,1,0,0_okno_n1
2242633,4,0,0_okno_n1
2242636,1,0,0_okno_n1
2242645,0,0,0_okno_n1
2242646,0,0,0_okno_n1
2242649,2,0,0_okno_n2
2242652,2,0,0_okno_n1
2242659,4,0,0_okno_n1
2242666,2,0,0_okno_n1
2242674,0,0,0_okno_n1
2242675,3,0,0_okno_n3-4
2242678,4,0,0_okno_n1
2242749,0,0,0_okno_n2
2242765,1,0,0_okno_n1
2242769,4,0,0_okno_n1
2242798,3,0,0_okno_n3-4
2242806,1,0,0_okno_n1
2242836,3,0,0_okno_n1
2242852,0,0,0_okno_n2
2242869,4,0,0_okno_n1
2242875,4,0,0_okno_n1
2242894,2,0,0_okno_n1
2242907,4,0,0_okno_n1
2242910,1,0,0_okno_n1
2242922,1,0,0_okno_n1
2242927,0,0,0_okno_n1
2242931,2,0,0_okno_n1
2242934,2,0,0_okno_n2
2242939,0,1,1_pozaokno_n1
2242944,3,0,0_okno_n1
2242958,1,0,0_okno_n1
2242994,3,0,0_okno_n2
2242999,4,0,0_okno_n2
2243030,4,0,0_okno_n2
2243130,3,0,0_okno_n1
2243157,0,0,0_okno_n3-4
2243162,3,0,0_okno_n3-4
2243180,2,0,0_okno_n3-4
2243186,4,0,0_okno_n1
2243189,0,0,0_okno_n1
2243195,2,0,0_okno_n2
2243198,2,0,0_okno_n1
2243199,4,0,0_okno_n1
2243200,3,0,0_okno_n2
2243201,3,0,0_okno_n1
2243254,1,0,0_okno_n1
2243268,0,0,0_okno_n3-4
2243286,2,0,0_okno_n2
2243290,2,0,0_okno_n1
2243314,4,0,0_okno_n2
2243326,3,0,0_okno_n1
2243346,2,0,0_okno_n2
2243348,2,0,0_okno_n2
2243354,1,0,0_okno_n3-4
2243362,4,0,0_okno_n1
2243377,4,0,0_okno_n1
2243392,4,0,0_okno_n3-4
2243404,0,0,0_okno_n1
2243418,3,0,0_okno_n1
2243422,4,0,0_okno_n3-4
2243432,1,0,0_okno_n1
2243433,0,0,0_okno_n3-4
2243438,0,0,0_okno_n1
2243448,4,0,0_okno_n2
2243458,0,0,0_okno_n1
2243465,2,0,0_okno_n1
2243472,0,0,0_okno_n3-4
2243476,0,0,0_okno_n1
2243480,1,0,0_okno_n2
2243483,4,0,0_okno_n1
2243489,0,0,0_okno_n2
2243491,2,0,0_okno_n3-4
2243497,1,0,0_okno_n1
2243500,4,0,0_okno_n1
2243502,1,0,0_okno_n1
2243520,2,0,0_okno_n1
2243545,4,0,0_okno_n1
2243547,1,0,0_okno_n1
2243551,0,0,0_okno_n1
2243555,3,0,0_okno_n2
2243557,2,0,0_okno_n1
2243558,1,0,0_okno_n2
2243559,4,0,0_okno_n2
2243563,4,0,0_okno_n1
2243577,3,0,0_okno_n1
2243578,2,0,0_okno_n1
2243588,3,0,0_okno_n1
2243593,1,0,0_okno_n2
2243611,4,0,0_okno_n1
2243619,2,0,0_okno_n2
2243635,2,0,0_okno_n1
2243661,3,0,0_okno_n1
2243666,0,0,0_okno_n1
2243681,2,0,0_okno_n1
2243686,0,0,0_okno_n1
2243706,0,0,0_okno_n2
2243713,4,0,0_okno_n2
2243762,2,0,0_okno_n2
2243791,2,0,0_okno_n1
2243807,3,0,0_okno_n1
2243816,2,0,0_okno_n1
2243828,2,0,0_okno_n2
2243836,2,0,0_okno_n1
2243839,2,0,0_okno_n2
2243841,2,0,0_okno_n1
2243844,4,0,0_okno_n1
2243848,4,0,0_okno_n1
2243856,0,0,0_okno_n2
2243858,3,0,0_okno_n2
2243860,2,0,0_okno_n1
2243863,3,0,0_okno_n1
2243868,4,0,0_okno_n1
2243879,0,0,0_okno_n1
2243939,4,0,0_okno_n1
2243944,4,0,0_okno_n1
2243957,0,0,0_okno_n1
2243967,4,0,0_okno_n1
2244023,3,1,1_pozaokno_n5+
2244025,1,0,0_okno_n1
2244028,1,0,0_okno_n1
2244097,3,0,0_okno_n1
2244104,3,0,0_okno_n1
2244115,3,1,1_okno_n2
2244117,3,0,0_okno_n2
2244120,4,0,0_okno_n1
2244239,2,0,0_okno_n1
2244248,0,0,0_okno_n2
2244256,4,0,0_okno_n1
2244263,0,0,0_okno_n2
2244272,1,0,0_okno_n1
2244274,2,0,0_okno_n2
2244279,4,0,0_okno_n1
2244282,3,0,0_okno_n1
2244283,3,0,0_okno_n1
2244287,2,0,0_okno_n2
2244293,2,0,0_okno_n2
2244306,3,0,0_okno_n1
2244406,3,1,1_pozaokno_n1
2244419,0,0,0_okno_n2
2244422,4,0,0_okno_n1
2244425,1,0,0_okno_n2
2244432,4,0,0_okno_n2
2244438,4,0,0_okno_n1
2244442,0,0,0_okno_n1
2244447,4,0,0_okno_n1
2244449,4,0,0_okno_n1
2244458,2,0,0_okno_n1
2244461,1,0,0_okno_n1
2244464,3,0,0_okno_n2
2244466,4,0,0_okno_n2
2244474,0,0,0_okno_n1
2244475,3,0,0_okno_n2
2244477,3,0,0_okno_n1
2244480,3,0,0_okno_n2
2244486,3,0,0_okno_n2
2244489,4,0,0_okno_n1
2244491,3,0,0_okno_n2
2244493,2,0,0_okno_n1
2244498,1,0,0_okno_n1
2244505,3,0,0_okno_n1
2244509,1,0,0_okno_n1
2244523,2,0,0_okno_n1
2244525,2,0,0_okno_n1
2244526,4,0,0_okno_n1
2244527,4,0,0_okno_n2
2244537,2,0,0_okno_n1
2244539,2,0,0_okno_n1
2244540,1,0,0_okno_n2
2244542,1,0,0_okno_n2
2244544,0,0,0_okno_n1
2244545,4,0,0_okno_n1
2244547,3,0,0_okno_n2
2244551,1,0,0_okno_n2
2244556,1,0,0_okno_n2
2244560,3,0,0_okno_n1
2244570,2,0,0_okno_n1
2244572,1,0,0_okno_n1
2244573,4,0,0_okno_n1
2244586,4,0,0_okno_n1
2244594,1,0,0_okno_n1
2244598,0,0,0_okno_n1
2244599,1,0,0_okno_n1
2244602,2,0,0_okno_n1
2244606,2,0,0_okno_n1
2244614,0,0,0_okno_n1
2244616,1,0,0_okno_n1
2244617,4,0,0_okno_n1
2244619,1,0,0_okno_n1
2244623,3,0,0_okno_n1
2244624,0,0,0_okno_n1
2244625,0,0,0_okno_n1
2244628,4,0,0_okno_n1
2244629,0,0,0_okno_n1
2244630,1,0,0_okno_n1
2244632,3,0,0_okno_n1
2244634,3,0,0_okno_n1
2244635,3,0,0_okno_n1
2244636,1,0,0_okno_n1
2244639,1,0,0_okno_n1
2244677,1,0,0_okno_n1
2244710,1,0,0_okno_n1
2244715,4,0,0_okno_n1
2244764,2,0,0_okno_n1
2244770,4,0,0_okno_n1
2244773,1,0,0_okno_n1
2244792,3,0,0_okno_n1
2244807,1,0,0_okno_n1
2244824,4,0,0_okno_n1
2244828,4,0,0_okno_n1
2244830,0,0,0_okno_n1
2244854,1,0,0_okno_n1
2244902,2,0,0_okno_n1
2244909,0,0,0_okno_n1
2244914,0,0,0_okno_n1
2244922,0,0,0_okno_n1
2244934,1,0,0_okno_n1
2244947,1,0,0_okno_n1
2244948,2,0,0_okno_n1
2244953,2,0,0_okno_n1
2245018,1,0,0_okno_n1
2245030,4,0,0_okno_n1
2245062,2,0,0_okno_n1
2245067,2,0,0_okno_n1
2245071,2,0,0_okno_n1
2245077,0,0,0_okno_n1
2245080,4,0,0_okno_n1
2245081,0,0,0_okno_n1
2245086,0,0,0_okno_n1
2245090,0,0,0_okno_n1
2245091,3,0,0_okno_n1
2245113,1,0,0_okno_n1
2245153,2,0,0_okno_n1
2245170,3,0,0_okno_n1
2245174,3,0,0_okno_n1
2245203,4,0,0_okno_n1
2245236,4,0,0_okno_n1
2245267,0,0,0_okno_n1
2245275,2,0,0_okno_n1
2245286,2,0,0_okno_n1
2245299,1,0,0_okno_n1
2245317,2,0,0_okno_n1
2245325,2,0,0_okno_n1
2245331,1,0,0_okno_n1
2245334,2,0,0_okno_n1
2245349,4,0,0_okno_n1
2245350,3,0,0_okno_n1
2245352,1,0,0_okno_n1
2245356,0,0,0_okno_n1
2245357,0,0,0_okno_n1
2245359,2,0,0_okno_n1
2245363,3,0,0_okno_n1
2245366,0,0,0_okno_n1
2245368,0,0,0_okno_n1
2245370,4,0,0_okno_n1
2245377,0,0,0_okno_n1
2245379,4,0,0_okno_n1
2245386,0,0,0_okno_n1
2245392,0,0,0_okno_n1
2245393,3,0,0_okno_n1
2245394,4,0,0_okno_n1
2245397,1,0,0_okno_n1
2245399,1,0,0_okno_n1
2245400,4,0,0_okno_n1
2245505,4,0,0_okno_n1
2245526,3,0,0_okno_n1
2245528,1,0,0_okno_n1
2245534,1,0,0_okno_n1
2245559,1,0,0_okno_n1
2245614,0,0,0_okno_n1
2245645,4,0,0_okno_n1
2245648,0,0,0_okno_n1
2245650,0,0,0_okno_n1
2245676,1,0,0_okno_n1
2245693,3,0,0_okno_n1
2245718,2,0,0_okno_n1
2245719,3,0,0_okno_n1
2245744,4,0,0_okno_n1
2245764,0,0,0_okno_n1
2245774,3,0,0_okno_n1
2245779,1,0,0_okno_n1
2245780,4,0,0_okno_n1
2245785,2,0,0_okno_n1
2245791,2,0,0_okno_n1
2245793,4,0,0_okno_n1
2245796,1,0,0_okno_n1
2245801,1,1,1_pozaokno_n2
2246856,1,1,1_pozaokno_n1
2249163,4,1,1_pozaokno_n3-4
2250868,4,1,1_pozaokno_n5+
2251085,3,1,1_pozaokno_n2
2252219,3,1,1_pozaokno_n5+
2252530,1,1,1_pozaokno_n5+
2253009,1,1,1_pozaokno_n3-4
2253331,3,1,1_pozaokno_n3-4
2255923,3,1,1_pozaokno_n5+
2256364,3,1,1_pozaokno_n5+
2257575,2,1,1_pozaokno_n1
2258260,2,1,1_pozaokno_n2
2258887,0,1,1_pozaokno_n2
2258953,3,1,1_pozaokno_n2
2259303,1,1,1_pozaokno_n2
2260749,4,1,1_pozaokno_n3-4
2263015,2,1,1_pozaokno_n5+
2264531,1,1,1_pozaokno_n1
2264775,1,1,1_pozaokno_n1
2264884,4,1,1_pozaokno_n2
2265204,0,1,1_pozaokno_n1
2265409,1,1,1_pozaokno_n1
2266591,3,1,1_pozaokno_n2
2266786,2,1,1_pozaokno_n1
2270401,4,1,1_pozaokno_n5+
2272675,2,1,1_pozaokno_n1
2273436,1,1,1_pozaokno_n5+
2274256,2,1,1_pozaokno_n5+
2274261,0,1,1_pozaokno_n2
2274818,2,1,1_pozaokno_n2
2275342,4,1,1_pozaokno_n2
2277476,3,1,1_pozaokno_n3-4
2277642,1,1,1_pozaokno_n5+
2278883,1,1,1_pozaokno_n2
2279424,3,1,1_pozaokno_n1
2279515,2,1,1_pozaokno_n5+
2280475,4,1,1_pozaokno_n1
2280895,2,1,1_pozaokno_n2
2281260,0,1,1_pozaokno_n5+
2281287,1,1,1_pozaokno_n3-4
2281747,0,1,1_pozaokno_n1
2283322,2,1,1_pozaokno_n2
2285587,2,1,1_pozaokno_n1
2285936,4,1,1_pozaokno_n1
2285942,0,1,1_pozaokno_n2
2285943,0,0,0_okno_n1
2288711,0,1,1_pozaokno_n1
2291535,4,1,1_pozaokno_n1
2292140,2,1,1_pozaokno_n2
2293900,0,1,1_pozaokno_n5+
2294330,4,1,1_pozaokno_n1
2294983,0,1,1_pozaokno_n1
2297225,3,1,1_pozaokno_n1
2297315,4,1,1_pozaokno_n5+
2297457,4,1,1_pozaokno_n1
2298114,2,1,1_pozaokno_n1
2300933,1,1,1_pozaokno_n3-4
2302802,1,0,0_okno_n2
2303204,4,1,1_pozaokno_n1
2304574,4,1,1_pozaokno_n1
2306821,4,1,1_pozaokno_n2
2307130,0,1,1_pozaokno_n1
2307242,3,1,1_pozaokno_n5+
2309576,3,1,1_pozaokno_n1
2311474,2,1,1_pozaokno_n1
2312106,3,0,0_okno_n1
2312176,0,1,1_pozaokno_n1
2312895,0,1,1_pozaokno_n2
2313864,2,1,1_pozaokno_n1
2314211,4,1,1_pozaokno_n5+
2314445,1,1,1_pozaokno_n2
2318523,0,1,1_pozaokno_n2
2318935,3,1,1_pozaokno_n3-4
2319880,2,1,1_pozaokno_n1
2320073,4,1,1_pozaokno_n3-4
2320601,0,1,1_pozaokno_n3-4
2320753,0,1,1_pozaokno_n5+
2322769,4,1,1_pozaokno_n1
2323706,0,1,1_pozaokno_n2
2324103,2,1,1_pozaokno_n3-4
2324528,2,1,1_pozaokno_n2
2326151,4,1,1_pozaokno_n1
2326153,4,1,1_pozaokno_n2
2326167,0,1,1_pozaokno_n2
2326212,0,1,1_pozaokno_n2
2328494,2,1,1_pozaokno_n1
2329525,0,1,1_pozaokno_n1
2332905,2,1,1_pozaokno_n2
2333118,2,1,1_pozaokno_n1
2333131,3,1,1_pozaokno_n1
2334628,0,1,1_pozaokno_n2
2335147,2,1,1_pozaokno_n1
2336088,4,1,1_pozaokno_n3-4
2336435,1,1,1_pozaokno_n1
2337370,2,1,1_pozaokno_n5+
2338536,0,1,1_pozaokno_n3-4
2339657,1,1,1_pozaokno_n2
2339973,4,1,1_pozaokno_n2
2343406,0,1,1_pozaokno_n1
2346785,3,1,1_pozaokno_n2
2349779,1,1,1_pozaokno_n1
2350196,4,1,1_pozaokno_n2
2350623,0,1,1_pozaokno_n2
2351857,2,1,1_pozaokno_n2
2353430,2,1,1_pozaokno_n5+
2357193,4,1,1_pozaokno_n1
2357726,2,1,1_pozaokno_n2
2358546,1,1,1_pozaokno_n1
2361987,2,1,1_pozaokno_n2
2361994,1,1,1_pozaokno_n3-4
2363560,2,1,1_pozaokno_n1
2363684,0,1,1_pozaokno_n1
2364261,2,1,1_pozaokno_n2
2365123,3,1,1_pozaokno_n1
2365538,3,1,1_pozaokno_n3-4
2366140,4,1,1_pozaokno_n1
2367200,3,1,1_pozaokno_n1
2367537,1,1,1_pozaokno_n3-4
2367924,3,1,1_pozaokno_n2
2367972,4,1,1_pozaokno_n2
2369103,0,1,1_pozaokno_n1
2370250,2,1,1_pozaokno_n5+
2370862,4,1,1_pozaokno_n1
2371500,3,1,1_pozaokno_n5+
2371697,0,1,1_pozaokno_n1
2373670,3,1,1_pozaokno_n2
2373934,1,1,1_pozaokno_n5+
2374061,0,1,1_pozaokno_n1
2374089,4,1,1_pozaokno_n1
2374680,2,1,1_pozaokno_n5+
2374722,4,1,1_pozaokno_n2
2376785,1,1,1_pozaokno_n3-4
2377049,4,1,1_pozaokno_n1
2379532,3,1,1_pozaokno_n2
2379972,2,1,1_pozaokno_n1
2380351,1,1,1_pozaokno_n1
2380619,2,1,1_pozaokno_n2
2381801,1,1,1_pozaokno_n2
2382968,0,1,1_pozaokno_n1
2383339,2,1,1_pozaokno_n1
2383802,1,1,1_pozaokno_n2
2384298,0,1,1_pozaokno_n3-4
2384554,3,1,1_pozaokno_n1
2384673,1,1,1_pozaokno_n2
2385005,0,1,1_pozaokno_n3-4
2386104,3,1,1_pozaokno_n1
2386226,3,1,1_pozaokno_n1
2387219,4,1,1_pozaokno_n1
2388154,1,1,1_pozaokno_n2
2390104,3,1,1_pozaokno_n1
2393268,2,1,1_pozaokno_n1
2394210,4,1,1_pozaokno_n2
2394218,1,1,1_pozaokno_n5+
2396027,0,1,1_pozaokno_n1
2396575,4,1,1_pozaokno_n1
2397137,4,1,1_pozaokno_n1
2397647,2,1,1_pozaokno_n3-4
2399871,4,1,1_pozaokno_n1
2401866,1,1,1_pozaokno_n2
2403337,0,1,1_pozaokno_n1
2405816,1,1,1_pozaokno_n1
2406610,4,1,1_pozaokno_n1
2406617,4,1,1_pozaokno_n3-4
2406710,3,1,1_pozaokno_n3-4
2406822,2,1,1_pozaokno_n2
2406972,1,1,1_pozaokno_n3-4
2406983,4,1,1_pozaokno_n5+
2407069,2,1,1_pozaokno_n5+
2407533,0,1,1_pozaokno_n1
2408693,4,1,1_pozaokno_n2
2410990,1,1,1_pozaokno_n2
2411545,1,1,1_pozaokno_n3-4
2412184,4,1,1_pozaokno_n3-4
2412846,3,1,1_pozaokno_n1
2413897,4,1,1_pozaokno_n1
2415487,1,1,1_pozaokno_n1
2416138,1,1,1_pozaokno_n2
2416444,0,1,1_pozaokno_n5+
2416921,2,1,1_pozaokno_n5+
2418699,1,1,1_pozaokno_n2
2419072,3,1,1_pozaokno_n1
2419621,1,1,1_pozaokno_n3-4
2420642,1,1,1_pozaokno_n1
2421309,1,1,1_pozaokno_n3-4
2421603,3,1,1_pozaokno_n1
2421914,4,1,1_pozaokno_n2
2422224,1,1,1_pozaokno_n5+
2423735,4,1,1_pozaokno_n2
2427911,4,1,1_pozaokno_n1
2428378,3,1,1_pozaokno_n2
2428586,2,1,1_pozaokno_n2
2429337,4,1,1_pozaokno_n3-4
2431457,1,1,1_pozaokno_n1
2431571,3,1,1_pozaokno_n2
2432109,3,1,1_pozaokno_n1
2433859,3,1,1_pozaokno_n1
2435334,0,1,1_pozaokno_n1
2435764,3,1,1_pozaokno_n3-4
2436679,4,1,1_pozaokno_n2
2437526,0,1,1_pozaokno_n1
2437892,0,1,1_pozaokno_n1
2438098,2,1,1_pozaokno_n2
2441134,3,1,1_pozaokno_n1
2441213,2,1,1_pozaokno_n1
2441596,4,1,1_pozaokno_n1
2441866,2,1,1_pozaokno_n1
2441905,4,1,1_pozaokno_n1
2444280,1,1,1_pozaokno_n1
2444444,2,1,1_pozaokno_n2
2444638,0,1,1_pozaokno_n1
2444697,2,1,1_pozaokno_n1
2445035,1,1,1_pozaokno_n1
2446888,3,1,1_pozaokno_n2
2449672,4,1,1_pozaokno_n1
2451459,3,1,1_pozaokno_n3-4
2452446,1,1,1_pozaokno_n5+
2456431,4,1,1_pozaokno_n1
2456648,1,1,1_pozaokno_n1
2458204,1,1,1_pozaokno_n2
2459172,2,1,1_pozaokno_n1
2460377,0,1,1_pozaokno_n3-4
2461321,1,1,1_pozaokno_n5+
2462886,1,1,1_pozaokno_n3-4
2467857,3,1,1_pozaokno_n2
2468251,3,1,1_pozaokno_n1
2469155,0,1,1_pozaokno_n5+
2471378,1,1,1_pozaokno_n1
2472990,0,1,1_pozaokno_n2
2473574,3,1,1_pozaokno_n3-4
2475811,1,1,1_pozaokno_n2
2476098,4,1,1_pozaokno_n1
2476138,3,1,1_pozaokno_n5+
2477059,2,1,1_pozaokno_n2
2478298,1,1,1_pozaokno_n3-4
2478446,3,1,1_pozaokno_n3-4
2480007,2,1,1_pozaokno_n2
2480071,2,1,1_pozaokno_n1
2480788,0,1,1_pozaokno_n1
2480993,3,1,1_pozaokno_n3-4
2481721,2,1,1_pozaokno_n2
2481757,2,1,1_pozaokno_n5+
2482127,3,1,1_pozaokno_n2
2483274,3,1,1_pozaokno_n2
2484791,3,1,1_pozaokno_n5+
2485899,0,1,1_pozaokno_n2
2488063,1,1,1_pozaokno_n3-4
2488244,4,1,1_pozaokno_n1
2490542,3,1,1_pozaokno_n1
2492072,0,1,1_pozaokno_n1
2492137,0,1,1_pozaokno_n1
2492151,4,1,1_pozaokno_n2
2492886,0,1,1_pozaokno_n2
2494127,4,1,1_pozaokno_n1
2494615,0,1,1_pozaokno_n1
2496099,4,1,1_pozaokno_n1
2497011,3,1,1_pozaokno_n1
2497342,1,1,1_pozaokno_n2
2498596,3,1,1_pozaokno_n2
2498862,2,1,1_pozaokno_n1
2500679,2,1,1_pozaokno_n3-4
2501527,3,1,1_pozaokno_n1
2501734,1,1,1_pozaokno_n2
2501930,2,1,1_pozaokno_n3-4
2502650,3,1,1_pozaokno_n5+
2502803,4,1,1_pozaokno_n3-4
2508805,1,1,1_pozaokno_n1
2510945,3,1,1_pozaokno_n2
2511749,1,1,1_pozaokno_n1
